country,text
Afghanistan,"Afghanistan, officially the Islamic Emirate of Afghanistan, is a landlocked country located at the crossroads of Central and South Asia. It is bordered by Pakistan to the east and south, Iran to the west, Turkmenistan to the northwest, Uzbekistan to the north, Tajikistan to the northeast, and China to the northeast and east. Occupying 652,864 square kilometers (252,072 sq mi) of land, the country is predominantly mountainous with plains in the north and the southwest, which are separated by the Hindu Kush mountain range. Kabul is the country's capital and largest city. Afghanistan's population is estimated to be between 36 and 50 million.
Human habitation in Afghanistan dates to the Middle Paleolithic era. Popularly referred to as the graveyard of empires, the land has witnessed numerous military campaigns, including those by the Persians, Alexander the Great, the Maurya Empire, Arab Muslims, the Mongols, the British, the Soviet Union, and a US-led coalition. Afghanistan also served as the source from which the Greco-Bactrians and the Mughals, among others, rose to form major empires. Because of the various conquests and periods in both the Iranian and Indian cultural spheres, the area was a center for Zoroastrianism, Buddhism, Hinduism, and later Islam. The modern state of Afghanistan began with the Durrani Afghan Empire in the 18th century, although Dost Mohammad Khan is sometimes considered to be the founder of the first modern Afghan state. Afghanistan became a buffer state in the Great Game between the British Empire and the Russian Empire. From India, the British attempted to subjugate Afghanistan but were repelled in the First Anglo-Afghan War; the Second Anglo-Afghan War saw a British victory. Following the Third Anglo-Afghan War in 1919, Afghanistan became free of foreign political hegemony, and emerged as the independent Kingdom of Afghanistan in 1926. This monarchy lasted almost half a century, until Zahir Shah was overthrown in 1973, following which the Republic of Afghanistan was established.
Since the late 1970s, Afghanistan's history has been dominated by extensive warfare, including coups, invasions, insurgencies, and civil wars. The conflict began in 1978 when a communist revolution established a socialist state (itself a response to the dictatorship established following a coup d'état in 1973), and subsequent infighting prompted the Soviet Union to invade Afghanistan in 1979. Mujahideen fought against the Soviets in the Soviet–Afghan War and continued fighting among themselves following the Soviets' withdrawal in 1989. The Taliban controlled most of the country by 1996, but their Islamic Emirate of Afghanistan received little international recognition before its overthrow in the 2001 US invasion of Afghanistan. The Taliban returned to power in 2021 after capturing Kabul, ending the 2001–2021 war. As of July 2025, the Taliban government is widely unrecognized by the international community due to reported violations of human rights in Afghanistan, particularly regarding the rights of women in Afghanistan and the treatment of women by the Taliban.
Afghanistan is rich in natural resources, including lithium, iron, zinc, and copper. It is the second-largest producer of cannabis resin, and third largest of both saffron and cashmere. The country is a member of the South Asian Association for Regional Cooperation and a founding member of the Organization of Islamic Cooperation. Due to the effects of war in recent decades, the country has dealt with high levels of terrorism, poverty, and child malnutrition. Afghanistan remains among the world's least developed countries, ranking 182nd on the Human Development Index. Afghanistan's gross domestic product (GDP) is $81 billion by purchasing power parity and $20.1 billion by nominal values. Per capita, its GDP is among the lowest of any country as of 2020.


== Etymology ==

Some scholars suggest that the root name Afghān is derived from the Sanskrit word Aśvakan, which was the name used for ancient inhabitants of the Hindu Kush. Aśvakan literally means ""horsemen"", ""horse breeders"", or ""cavalrymen"" (from aśva, the Sanskrit and Avestan words for ""horse"").
Historically, the ethnonym Afghān was used to refer to ethnic Pashtuns. The Arabic and Persian form of the name, Afġān, was first attested in the 10th-century geography book Hudud al-'Alam. The last part of the name, ""-stan"", is a Persian suffix meaning ""place of"". Therefore, ""Afghanistan"" translates to ""land of the Afghans"", or ""land of the Pashtuns"" in a historical sense. According to the third edition of the Encyclopaedia of Islam:

The name Afghanistan (Afghānistān, land of the Afghans / Pashtuns, afāghina, sing. afghān) can be traced to the early eighth/fourteenth century, when it designated the easternmost part of the Kartid realm. This name was later used for certain regions in the Ṣafavid and Mughal empires that were inhabited by Afghans. While based on a state-supporting elite of Abdālī / Durrānī Afghans, the Sadūzāʾī Durrānī polity that came into being in 1160 / 1747 was not called Afghanistan in its own day. The name became a state designation only during the colonial intervention of the nineteenth century.
The term ""Afghanistan"" was officially used in 1855, when the British recognized Dost Mohammad Khan as king of Afghanistan.


== History ==


=== Prehistory and antiquity ===

Excavations of prehistoric sites suggest that humans were living in what is now Afghanistan at least 50,000 years ago, and that farming communities in the area were among the earliest in the world. An important site of early historical activities, many believe that Afghanistan compares to Egypt in the historical value of its archaeological sites. Artifacts typical of the Paleolithic, Mesolithic, Neolithic, Bronze, and Iron Ages have been found in Afghanistan. Urban civilization is believed to have begun as early as 3000 BCE, and the early city of Mundigak (near Kandahar in the south of the country) was a center of the Helmand culture. More recent findings established that the Indus Valley Civilization stretched up towards modern-day Afghanistan. An Indus Valley site has been found on the Oxus River at Shortugai in northern Afghanistan.
After 2000 BCE successive waves of semi-nomadic people from Central Asia began moving south into Afghanistan; among them were many Indo-European-speaking Indo-Iranians. These tribes later migrated further into South Asia, Western Asia, and toward Europe via the area north of the Caspian Sea. The region at the time was referred to as Ariana. By the middle of the 6th century BCE, the Achaemenids overthrew the Medes and incorporated Arachosia, Aria, and Bactria within its eastern boundaries. An inscription on the tombstone of Darius I of Persia mentions the Kabul Valley in a list of the 29 countries that he had conquered. The region of Arachosia, around Kandahar in modern-day southern Afghanistan, used to be primarily Zoroastrian and played a key role in the transfer of the Avesta to Persia and is thus considered by some to be the ""second homeland of Zoroastrianism"".

Alexander the Great and his Macedonian forces arrived in Afghanistan in 330 BCE after defeating Darius III of Persia a year earlier in the Battle of Gaugamela. Following Alexander's brief occupation, the successor state of the Seleucid Empire controlled the region until 305 BCE, when they gave much of it to the Maurya Empire as part of an alliance treaty. The Mauryans controlled the area south of the Hindu Kush until they were overthrown in about 185 BCE. Their decline began 60 years after Ashoka's rule ended, leading to the Hellenistic reconquest by the Greco-Bactrians. Much of it soon broke away and became part of the Indo-Greek Kingdom. They were defeated and expelled by the Indo-Scythians in the late 2nd century BCE.
The Silk Road appeared during the first century BCE, and Afghanistan flourished with trade, with routes to China, India, Persia, and north to the cities of Bukhara, Samarkand, and Khiva in present-day Uzbekistan. Goods and ideas were exchanged at this center point, such as Chinese silk, Persian silver and Roman gold, while the region of present Afghanistan was mining and trading lapis lazuli stones mainly from the Badakhshan region.
During the first century BCE, the Parthian Empire subjugated the region but lost it to their Indo-Parthian vassals. In the mid-to-late first century CE the vast Kushan Empire, centered in Afghanistan, became great patrons of Buddhist culture, making Buddhism flourish throughout the region. The Kushans were overthrown by the Sassanids in the 3rd century CE, though the Indo-Sassanids continued to rule at least parts of the region. They were followed by the Kidarites who, in turn, was replaced by the Hephthalites. They were replaced by the Turk Shahi in the 7th century. The Buddhist Turk Shahi of Kabul was replaced by a Hindu dynasty before the Saffarids conquered the area in 870, this Hindu dynasty was called Hindu Shahi. Much of the northeastern and southern areas of the country remained dominated by Buddhist culture.


=== Medieval period ===

Arab Muslims brought Islam to Herat and Zaranj in 642 CE and began spreading eastward; some of the native inhabitants they encountered accepted it while others revolted. Before the arrival of Islam, the region used to be home to various beliefs and cults, often resulting in Syncretism between the dominant religions such as Zoroastrianism, Buddhism or Greco-Buddhism, Ancient Iranian religions, Hinduism, Christianity, and Judaism. An exemplification of the syncretism in the region would be that people were patrons of Buddhism but still worshipped local Iranian gods such as Ahura Mazda, Lady Nana, Anahita or Mihr (Mithra) and portrayed Greek gods as protectors of Buddha. The Zunbils and Kabul Shahi were first conquered in 870 CE by the Saffarid Muslims of Zaranj. Later, the Samanids extended their Islamic influence south of the Hindu Kush. The Ghaznavids rose to power in the 10th century.
By the 11th century, Mahmud of Ghazni had defeated the remaining Hindu rulers and effectively Islamized the wider region, with the exception of Kafiristan. Mahmud made Ghazni into an important city and patronized intellectuals such as the historian Al-Biruni and the poet Ferdowsi. The Ghaznavid dynasty was overthrown by the Ghurids in 1186, whose architectural achievements included the remote Minaret of Jam. The Ghurids controlled Afghanistan for less than a century before being conquered by the Khwarazmian dynasty in 1215.

In 1219 CE, Genghis Khan and his Mongol army overran the region. His troops are said to have annihilated the Khwarazmian cities of Herat and Balkh as well as Bamyan. The destruction caused by the Mongols forced many locals to return to an agrarian rural society. Mongol rule continued with the Ilkhanate in the northwest while the Khalji dynasty administered the Afghan tribal areas south of the Hindu Kush until the invasion of Timur (aka Tamerlane), who established the Timurid Empire in 1370. Under the rule of Shah Rukh, the city of Herat served as the focal point of the Timurid Renaissance, whose glory matched Florence of the Italian Renaissance as the center of a cultural rebirth.
In the early 16th century Babur arrived from Ferghana and captured Kabul from the Arghun dynasty. Babur would go on to conquer the Afghan Lodi dynasty who had ruled the Delhi Sultanate in the First Battle of Panipat. Between the 16th and 18th century, the Uzbek Khanate of Bukhara, Iranian Safavids, and Indian Mughals ruled parts of the territory. During the medieval period, the northwestern area of Afghanistan was referred to by the regional name Khorasan, which was commonly used up to the 19th century among natives to describe their country.


=== Hotak dynasty ===

In 1709, Mirwais Hotak, a local Ghilzai tribal leader, successfully rebelled against the Safavids. He defeated Gurgin Khan, the Georgian governor of Kandahar under the Safavids, and established his own kingdom. Mirwais died in 1715, and was succeeded by his brother Abdul Aziz, who was soon killed by Mirwais's son Mahmud for possibly planning to sign a peace with the Safavids. Mahmud led the Afghan army in 1722 to the Persian capital of Isfahan, and captured the city after the Battle of Gulnabad and proclaimed himself King of Persia. The Afghan dynasty was ousted from Persia by Nader Shah after the 1729 Battle of Damghan.
In 1738, Nader Shah and his forces captured Kandahar in the siege of Kandahar, the last Hotak stronghold, from Shah Hussain Hotak. Soon after, the Persian and Afghan forces invaded India, Nader Shah had plundered Delhi, alongside his 16-year-old commander, Ahmad Shah Durrani who had assisted him on these campaigns. Nader Shah was assassinated in 1747.


=== Durrani Empire ===

After the death of Nader Shah in 1747, Ahmad Shah Durrani had returned to Kandahar with a contingent of 4,000 Pashtuns. The Abdalis had ""unanimously accepted"" Ahmad Shah as their new leader. With his ascension in 1747, Ahmad Shah had led multiple campaigns against the Mughal empire, Maratha empire, and then-receding Afsharid empire. Ahmad Shah had captured Kabul and Peshawar from the Mughal appointed governor, Nasir Khan. Ahmad Shah had then conquered Herat in 1750, and had also captured Kashmir in 1752. Ahmad Shah had launched two campaigns into Khorasan, 1750–1751 and 1754–1755. His first campaign had seen the siege of Mashhad, however, he was forced to retreat after four months. In November 1750, he moved to siege Nishapur, but he was unable to capture the city and was forced to retreat in early 1751. Ahmad Shah returned in 1754; he captured Tun, and on 23 July, he sieged Mashhad once again. Mashhad had fallen on 2 December, but Shahrokh was reappointed in 1755. He was forced to give up Torshiz, Bakharz, Jam, Khaf, and Turbat-e Haidari to the Afghans, as well as accept Afghan sovereignty. Following this, Ahmad Shah sieged Nishapur once again, and captured it.
Ahmad Shah invaded India eight times during his reign, beginning in 1748. Crossing the Indus River, his armies sacked and absorbed Lahore into the Durrani Realm. He met Mughal armies at the Battle of Manupur (1748), where he was defeated and forced to retreat back to Afghanistan. He returned the next year in 1749 and captured the area around Lahore and Punjab, presenting it as an Afghan victory for this campaign. From 1749 to 1767, Ahmad Shah led six more invasions, the most important being the last; the Third Battle of Panipat created a power vacuum in northern India, halting Maratha expansion.

Ahmad Shah Durrani died in October 1772, and a civil war over succession followed, with his named successor, Timur Shah Durrani succeeding him after the defeat of his brother, Suleiman Mirza. Timur Shah Durrani ascended to the throne in November 1772, having defeated a coalition under Shah Wali Khan and Humayun Mirza. Timur Shah began his reign by consolidating power toward himself and people loyal to him, purging Durrani Sardars and influential tribal leaders in Kabul and Kandahar. One of Timur Shah's reforms was to move the capital of the Durrani Empire from Kandahar to Kabul. Timur Shah fought multiple series of rebellions to consolidate the empire, and he also led campaigns into Punjab against the Sikhs like his father, though more successfully. The most prominent example of his battles during this campaign was when he led his forces under Zangi Khan Durrani – with over 18,000 men total of Afghan, Qizilbash, and Mongol cavalrymen – against over 60,000 Sikh men. The Sikhs lost over 30,000 in this battle and staged a Durrani resurgence in the Punjab region The Durranis lost Multan in 1772 after Ahmad Shah's death. Following this victory, Timur Shah was able to lay siege to Multan and recapture it, incorporating it into the Durrani Empire once again, reintegrating it as a province until the Siege of Multan (1818). Timur Shah was succeeded by his son Zaman Shah Durrani after his death in May 1793. Timur Shah's reign oversaw the attempted stabilization and consolidation of the empire. However, Timur Shah had over 24 sons, which plunged the empire in civil war over succession crises.
Zaman Shah Durrani succeeded to the Durrani Throne following the death of his father, Timur Shah Durrani. His brothers Mahmud Shah Durrani and Humayun Mirza revolted against him, with Humayun centered in Kandahar and Mahmud Shah centered in Herat. Zaman Shah would defeat Humayun and force the loyalty of Mahmud Shah Durrani. Securing his position on the throne, Zaman Shah led three campaigns into Punjab. The first two campaigns captured Lahore, but he retreated due to intel about a possible Qajar invasion. Zaman Shah embarked on his third campaign for Punjab in 1800 to deal with a rebellious Ranjit Singh. However, he was forced to withdraw, and Zaman Shah's reign was ended by Mahmud Shah Durrani. However, just under two years into his reign, Mahmud Shah Durrani was deposed by his brother Shah Shuja Durrani on 13 July 1803. Shah Shuja attempted to consolidate the Durrani Realm but was deposed by his brother at the Battle of Nimla (1809). Mahmud Shah Durrani defeated Shah Shuja and forced him to flee, usurping the throne again. His second reign began on 3 May 1809.


=== Barakzai dynasty and British wars ===

By the early 19th century, the Afghan empire was under threat from the Persians in the west and the Sikh Empire in the east. Fateh Khan, leader of the Barakzai tribe, installed many of his brothers in positions of power throughout the empire. Fateh Khan was brutally murdered in 1818 by Mahmud Shah. As a result, the brothers of Fateh Khan and the Barakzai tribe rebelled, and a civil war brewed. During this turbulent period, Afghanistan fractured into many states, including the Principality of Qandahar, Emirate of Herat, Khanate of Qunduz, Maimana Khanate, and numerous other warring polities. The most prominent state was the Emirate of Kabul, ruled by Dost Mohammad Khan.
With the collapse of the Durrani Empire, and the exile of the Sadozai Dynasty to be left to rule in Herat, Punjab and Kashmir were lost to Ranjit Singh, ruler of the Sikh Empire, who invaded Khyber Pakhtunkhwa in March 1823 and captured the city of Peshawar following the Battle of Nowshera. In 1834, Dost Mohammad Khan led numerous campaigns, firstly campaigning to Jalalabad, and then allying with his rival brothers in Kandahar to defeat Shah Shuja Durrani and the British in the Expedition of Shuja ul-Mulk. In 1837, Dost Mohammad Khan attempted to conquer Peshawar and sent a large force under his son Wazir Akbar Khan, leading to the Battle of Jamrud. Akbar Khan and the Afghan army failed to capture the Jamrud Fort from the Sikh Khalsa Army, but killed Sikh Commander Hari Singh Nalwa, thus ending the Afghan-Sikh Wars. By this time the British were advancing from the east, capitalizing on the decline of the Sikh Empire after it had its own period of turbulence following the death of Ranjit Singh, which engaged the Emirate of Kabul in the first major conflict during ""The Great Game"".

In 1839 a British expeditionary force marched into Afghanistan, invading the Principality of Qandahar, and in August 1839, seized Kabul. Dost Mohammad Khan defeated the British in the Parwan campaign, but surrendered following his victory. He was replaced with the former Durrani ruler Shah Shuja Durrani as the new ruler of Kabul, a de facto puppet of the British. Following an uprising that saw the assassination of Shah Shuja, the 1842 retreat from Kabul of British-Indian forces and the annihilation of Elphinstone's army, and the punitive expedition of The Battle of Kabul that led to its sacking, the British gave up on their attempts to try to subjugate Afghanistan, allowing Dost Mohammad Khan to return as ruler. Following this, Dost Mohammad pursued a myriad of campaigns to unite most of Afghanistan in his reign, launching numerous incursions including against the surrounding states such as the Hazarajat campaign, conquest of Balkh, conquest of Kunduz, and the conquest of Kandahar. Dost Mohammad led his final campaign against Herat, conquering it and re-uniting Afghanistan. During his campaigns of re-unification, he held friendly relations with the British despite the First Anglo-Afghan War, and affirmed their status in the Second Anglo-Afghan treaty of 1857, while Bukhara and internal religious leaders pressured Dost Mohammad to invade India during the Indian Rebellion of 1857.

Dost Mohammad died in June 1863, a few weeks after his successful campaign to Herat. Following his death, a civil war ensued among his sons, prominently Mohammad Afzal Khan, Mohammad Azam Khan, and Sher Ali Khan. Sher Ali won the resulting Afghan Civil War (1863–1869) and ruled Afghanistan until his death in 1879. In his final years, the British returned to Afghanistan in the Second Anglo-Afghan War to fight perceived Russian influence in the region. Sher Ali retreated to northern Afghanistan, intending to create a resistance there similar to his predecessors, Dost Mohammad Khan, and Wazir Akbar Khan. His untimely death however, saw Yaqub Khan declared the new Amir, leading to Britain gaining control of Afghanistan's foreign relations as part of the Treaty of Gandamak of 1879, making it an official British Protected State. An uprising however, re-started the conflict, and Yaqub Khan was deposed. During this tumultuous period, Abdur Rahman Khan began his rise to power, becoming an eligible candidate to become Amir after he seized much of Northern Afghanistan. Abdur Rahman marched on Kabul, and was declared Amir, being recognized by the British as well. Another uprising by Ayub Khan threatened the British, where rebels confronted and defeated British forces in the Battle of Maiwand. Following up on his victory, Ayub Khan unsuccessfully besieged Kandahar, and his decisive defeat saw the end of the Second Anglo-Afghan War, with Abdur Rahman secured firmly as Amir. In 1893, Abdur Rahman signed an agreement in which the ethnic Pashtun and Baloch territories were divided by the Durand Line, which forms the modern-day border between Pakistan and Afghanistan. Shia-dominated Hazarajat and pagan Kafiristan remained politically independent until being conquered by Abdur Rahman Khan in 1891–1896. He was known as the ""Iron Amir"" for his features and his ruthless methods against tribes. He died in 1901, succeeded by his son, Habibullah Khan.How can a small power like Afghanistan, which is like a goat between these lions [Britain and Russia] or a grain of wheat between two strong millstones of the grinding mill, stand in the midway of the stones without being ground to dust?
During the First World War, when Afghanistan was neutral, Habibullah Khan was met by officials of the central powers in the Niedermayer–Hentig Expedition. They called on Afghanistan to declare full independence from the United Kingdom, join them and attack British India, as part of the Hindu–German Conspiracy. The effort to bring Afghanistan into the Central Powers failed, but it sparked discontent among the population about maintaining neutrality with the British. Habibullah was assassinated in February 1919, and Amanullah Khan eventually assumed power. A staunch supporter of the 1915–1916 expeditions, Amanullah Khan invaded British India, beginning the Third Anglo-Afghan War, and entering British India via the Khyber Pass.

After the end of the Third Anglo-Afghan War and the signing of the Treaty of Rawalpindi on 19 August 1919, Emir Amanullah Khan declared the Emirate of Afghanistan a sovereign and fully independent state. He moved to end his country's traditional isolation by establishing diplomatic relations with the international community, particularly with the Soviet Union and the Weimar Republic. He proclaimed himself King of Afghanistan on 9 June 1926, forming the Kingdom of Afghanistan. He introduced several reforms intended to modernize his nation. A key force behind these reforms was Mahmud Tarzi, an ardent supporter of the education of women. He fought for Article 68 of Afghanistan's 1923 constitution, which made elementary education compulsory. Slavery was abolished in 1923. King Amanullah's wife, Queen Soraya, was an important figure during this period in the fight for woman's education and against their oppression.
Some of the reforms, such as the abolition of the traditional burqa for women and the opening of co-educational schools, alienated many tribal and religious leaders, leading to the Afghan Civil War (1928–1929). King Amanullah abdicated in January 1929, and soon after Kabul fell to Saqqawist forces led by Habibullah Kalakani. Mohammed Nadir Shah, Amanullah's cousin, defeated and killed Kalakani in October 1929, and was declared King Nadir Shah. He abandoned the reforms of King Amanullah in favor of a more gradual approach to modernization, but was assassinated in 1933 by Abdul Khaliq.
Mohammed Zahir Shah succeeded to the throne and reigned as king from 1933 to 1973. During the tribal revolts of 1944–1947, King Zahir's reign was challenged by Zadran, Safi, Mangal, and Wazir tribesmen led by Mazrak Zadran, Salemai, and Mirzali Khan, among others – many of whom were Amanullah loyalists. Afghanistan joined the League of Nations in 1934. The 1930s saw the development of roads, infrastructure, the founding of a national bank, and increased education. Road links in the north played a large part in a growing cotton and textile industry. The country built close relationships with the Axis powers, with Nazi Germany having the largest share in Afghan development at the time.

Until 1946 King Zahir ruled with the assistance of his uncle, who held the post of prime minister and continued the policies of Nadir Shah. Another uncle, Shah Mahmud Khan, became prime minister in 1946 and experimented with allowing greater political freedom. He was replaced in 1953 by Mohammed Daoud Khan, a Pashtun nationalist who sought the creation of a Pashtunistan, leading to highly tense relations with Pakistan. Daoud Khan pressed for social modernization reforms and sought a closer relationship with the Soviet Union. Afterward, the 1964 constitution was formed, and the first non-royal prime minister was sworn in.
Zahir Shah, like his father Nadir Shah, had a policy of maintaining national independence while pursuing gradual modernization, creating nationalist feeling, and improving relations with the United Kingdom. Afghanistan was neither a participant in World War II nor aligned with either power bloc in the Cold War. However, it was a beneficiary of the latter rivalry as both the Soviet Union and the United States vied for influence by building Afghanistan's main highways, airports, and other vital infrastructure. On a per capita basis, Afghanistan received more Soviet development aid than any other country. In 1973, while the King was in Italy, Daoud Khan launched a bloodless coup and became the first president of Afghanistan, abolishing the monarchy.


=== Democratic Republic and Soviet war ===

In April 1978, the communist People's Democratic Party of Afghanistan (PDPA) seized power in a bloody coup d'état against then-President Mohammed Daoud Khan, in what is called the Saur Revolution. The PDPA declared the establishment of the Democratic Republic of Afghanistan, with its first leader named as People's Democratic Party General Secretary Nur Muhammad Taraki. This would trigger a series of events that would dramatically turn Afghanistan from a peaceful (albeit poor and secluded) country to a hotbed of conflict and terrorism. The PDPA initiated various social, symbolic, and land distribution reforms that provoked strong opposition, while also brutally oppressing political dissidents. This caused unrest and quickly expanded into a state of civil war by 1979, waged by guerrilla mujahideen (and smaller Maoist guerrillas) against regime forces countrywide. It quickly turned into a proxy war as the Pakistani government provided these rebels with covert training centers, the United States supported them through Pakistan's Inter-Services Intelligence (ISI), and the Soviet Union sent thousands of military advisers to support the PDPA regime. Meanwhile, there was increasingly hostile friction between the competing factions of the PDPA – the dominant Khalq and the more moderate Parcham.
In October 1979, PDPA General Secretary Taraki was assassinated in an internal coup orchestrated by then-prime minister Hafizullah Amin, who became the new general secretary of the PDPA. The situation in the country deteriorated under Amin, and thousands of people went missing. Displeased with Amin's government, the Soviet Army invaded the country in December 1979, heading for Kabul and killing Amin. A Soviet-organized regime, led by Parcham's Babrak Karmal but inclusive of both factions (Parcham and Khalq), filled the vacuum. Soviet troops in more substantial numbers were deployed to stabilize Afghanistan under Karmal, marking the beginning of the Soviet–Afghan War. Lasting nine years, the war caused the deaths of between 562,000 and 2 million Afghans, and displaced about 6 million people who subsequently fled Afghanistan, mainly to Pakistan and Iran. Heavy air bombardment destroyed many countryside villages, millions of landmines were planted, and some cities such as Herat and Kandahar were also damaged from bombardment. After the Soviet withdrawal, another civil war ensued until the communist regime under PDPA leader Mohammad Najibullah collapsed in 1992.
The Soviet–Afghan War had drastic social effects on Afghanistan. The militarization of society led to heavily armed police, private bodyguards, openly armed civil defense groups and the like becoming the norm in Afghanistan for decades thereafter. The traditional power structure had shifted from clergy, community elders, intelligentsia, and military in favor of powerful warlords.


=== Post–Cold War conflict ===

Another civil war broke out after the creation of a dysfunctional coalition government between leaders of various mujahideen factions. Amid a state of anarchy and factional infighting, various mujahideen factions committed widespread rape, murder and extortion, while Kabul was heavily bombarded and partially destroyed by the fighting. Several failed reconciliations and alliances occurred between different leaders. The Taliban emerged in September 1994 as a movement and militia of students (talib) from Islamic madrassas (schools) in Pakistan, who soon had military support from Pakistan.
Taking control of Kandahar city that year, they conquered more territories until finally driving out the government of Rabbani from Kabul in 1996, where they established an emirate. The Taliban were condemned internationally for the harsh enforcement of their interpretation of Islamic sharia law, which resulted in the brutal treatment of many Afghans, especially women. During their rule, the Taliban and their allies committed massacres against Afghan civilians, denied UN food supplies to starving civilians and conducted a policy of scorched earth, burning vast areas of fertile land and destroying tens of thousands of homes.
After the fall of Kabul to the Taliban, Ahmad Shah Massoud and Abdul Rashid Dostum formed the Northern Alliance, later joined by others, to resist the Taliban. Dostum's forces were defeated by the Taliban during the Battles of Mazar-i-Sharif in 1997 and 1998; Pakistan's Chief of Army Staff, Pervez Musharraf, began sending thousands of Pakistanis to help the Taliban defeat the Northern Alliance. By 2000, the Northern Alliance only controlled 10% of territory, cornered in the northeast. On 9 September 2001, Massoud was assassinated by two Arab suicide attackers in Panjshir Valley. Around 400,000 Afghans died in internal conflicts between 1990 and 2001.


=== US invasion and Islamic Republic ===

In October 2001, the United States invaded Afghanistan to remove the Taliban from power after they refused to hand over Osama bin Laden, the prime suspect of the September 11 attacks, who was a ""guest"" of the Taliban and was operating his al-Qaeda network in Afghanistan. The majority of Afghans supported the American invasion. During the initial invasion, US and UK forces bombed al-Qaeda training camps, and later working with the Northern Alliance, the Taliban regime came to an end.

In December 2001, after the Taliban government was overthrown, the Afghan Interim Administration under Hamid Karzai was formed. The International Security Assistance Force (ISAF) was established by the UN Security Council to help assist the Karzai administration and provide basic security. By this time, after two decades of war as well as an acute famine at the time, Afghanistan had one of the highest infant and child mortality rates in the world, the lowest life expectancy, much of the population were hungry, and infrastructure was in ruins. Many foreign donors started providing aid and assistance to rebuild the war-torn country. As coalition troops entered Afghanistan to help the rebuilding process, the Taliban began an insurgency to regain control. Afghanistan remained one of the poorest countries in the world because of a lack of foreign investment, government corruption, and the Taliban insurgency.
The Afghan government was able to build some democratic structures, adopting a constitution in 2004 with the name Islamic Republic of Afghanistan. Attempts were made, often with the support of foreign donor countries, to improve the country's economy, healthcare, education, transport, and agriculture. ISAF forces also began to train the Afghan National Security Forces. Following 2002, nearly five million Afghans were repatriated. The number of NATO troops present in Afghanistan peaked at 140,000 in 2011, dropping to about 16,000 in 2018. In September 2014 Ashraf Ghani became president after the 2014 presidential election where for the first time in Afghanistan's history power was democratically transferred. On 28 December 2014, NATO formally ended ISAF combat operations and transferred full security responsibility to the Afghan government. The NATO-led Operation Resolute Support was formed the same day as a successor to ISAF. Thousands of NATO troops remained in the country to train and advise Afghan government forces and continue their fight against the Taliban. A report titled Body Count concluded that 106,000–170,000 civilians had been killed as a result of the fighting in Afghanistan at the hands of all parties to the conflict.

On 19 February 2020, the US–Taliban deal was made in Qatar. The deal was one of the critical events that caused the collapse of the Afghan National Security Forces (ANSF); following the signing of the deal, the US dramatically reduced the number of air attacks and deprived the ANSF of a critical edge in fighting the Taliban insurgency, leading to the Taliban takeover of Kabul.


=== Second Taliban era ===

NATO Secretary General Jens Stoltenberg announced on 14 April 2021 that the alliance had agreed to start withdrawing its troops from Afghanistan by 1 May. Soon after NATO troops began withdrawing, the Taliban launched an offensive against the Afghan government and quickly advanced in front of collapsing Afghan government forces. The Taliban captured the capital city of Kabul on 15 August 2021, after regaining control over a vast majority of Afghanistan. Several foreign diplomats and Afghan government officials, including president Ashraf Ghani, were evacuated from the country, with many Afghan civilians attempting to flee along with them. On 17 August, first vice president Amrullah Saleh proclaimed himself caretaker president and announced the formation of an anti-Taliban front with a reported 6,000+ troops in the Panjshir Valley, along with Ahmad Massoud. However, by 6 September, the Taliban had taken control of most of Panjshir province, with resistance fighters retreating to the mountains. Clashes in the valley ceased mid-September.
According to the Costs of War Project, 176,000 people were killed in the conflict, including 46,319 civilians, between 2001 and 2021. According to the Uppsala Conflict Data Program, at least 212,191 people were killed in the conflict. Though the state of war in the country ended in 2021, armed conflict persists in some regions amid fighting between the Taliban and the local branch of the Islamic State, as well as an anti-Taliban Republican insurgency.

The Taliban government is led by supreme leader Hibatullah Akhundzada and acting prime minister Hasan Akhund, who took office on 7 September 2021. Akhund is one of the four founders of the Taliban and was a deputy prime minister of the previous emirate; his appointment was seen as a compromise between moderates and hardliners. A new, all-male cabinet was formed, which included Abdul Hakim Haqqani as minister of justice. On 20 September 2021, United Nations Secretary-General António Guterres received a letter from acting minister of foreign affairs Amir Khan Muttaqi to formally claim Afghanistan's seat as a member state for their official spokesman in Doha, Suhail Shaheen. The United Nations did not recognize the previous Taliban government and chose to work with the then government-in-exile instead.
Western nations suspended most of their humanitarian aid to Afghanistan following the Taliban's August 2021 takeover of the country; the World Bank and International Monetary Fund also halted their payments. More than half of Afghanistan's 39 million people faced an acute food shortage in October 2021. Human Rights Watch reported on 11 November 2021 that Afghanistan was facing widespread famine due to an economic and banking crisis.
The Taliban have significantly tackled corruption, improving on the corruption perceptions index from 174th to 150th best out of 180 countries from 2021 to 2022, but dropping to 162nd in 2023. The Taliban have also reportedly reduced bribery and extortion in public service areas.

At the same time, the human rights situation in the country has deteriorated. Following the 2001 invasion, more than 5.7 million refugees returned to Afghanistan; however, in 2021, 2.6 million Afghans remained refugees, primarily in Iran and Pakistan, and another 4 million were internally displaced.
In October 2023, the Pakistani government ordered the expulsion of Afghans from Pakistan. Iran also decided to deport Afghan nationals back to Afghanistan. Taliban authorities condemned the deportations of Afghans as an ""inhuman act"". Afghanistan faced a humanitarian crisis in late 2023.
On 10 November 2024, Afghanistan's Foreign Ministry confirmed that Taliban representatives would attend the 2024 United Nations Climate Change Conference, marking the first time the country participated since the Taliban's return to power in 2021. Afghanistan had been barred from previous summits due to the lack of global recognition of the Taliban regime. In May 2025, Iran ordered the mass deportation of an estimated 4 million Afghan migrants and refugees.


== Geography ==

Afghanistan is located in Southern-Central Asia. The region centered at Afghanistan is considered the ""crossroads of Asia"", and the country has had the nickname Heart of Asia. The renowned Urdu poet Allama Iqbal once wrote about the country:

Asia is a body of water and earth, of which the Afghan nation is the heart. From its discord, the discord of Asia; and from its accord, the accord of Asia.
At over 652,864 km2 (252,072 sq mi), Afghanistan is the world's 41st largest country. It is slightly bigger than France and smaller than Myanmar, and about the size of Texas in the United States. There is no coastline, as Afghanistan is landlocked. Afghanistan shares its longest land border (the Durand Line) with Pakistan to the east and south, followed by borders with Tajikistan to the northeast, Iran to the west, Turkmenistan to the north-west, Uzbekistan to the north and China to the far northeast; India recognizes a border with Afghanistan through Pakistani-administered Kashmir. Clockwise from south-west, Afghanistan shares borders with the Sistan and Baluchestan Province, South Khorasan Province and Razavi Khorasan Province of Iran; Ahal Region, Mary Region and Lebap Region of Turkmenistan; Surxondaryo Region of Uzbekistan; Khatlon Region and Gorno-Badakhshan Autonomous Region of Tajikistan; Xinjiang Uyghur Autonomous Region of China; and the Gilgit-Baltistan territory, Khyber Pakhtunkhwa province and Balochistan province of Pakistan.

The geography in Afghanistan is varied, but is mostly mountainous and rugged, with some unusual mountain ridges accompanied by plateaus and river basins. It is dominated by the Hindu Kush range, the western extension of the Himalayas that stretches to eastern Tibet via the Pamir Mountains and Karakoram Mountains in Afghanistan's far north-east. Most of the highest points are in the east consisting of fertile mountain valleys, often considered part of the ""Roof of the World"". The Hindu Kush ends at the west-central highlands, creating plains in the north and southwest, namely the Turkestan Plains and the Sistan Basin; these two regions consist of rolling grasslands and semi-deserts, and hot windy deserts, respectively. Forests exist in the corridor between Nuristan and Paktika provinces (see East Afghan montane conifer forests), and tundra in the northeast. The country's highest point is Noshaq, at 7,492 m (24,580 ft) above sea level. The lowest point lies in Jowzjan Province along the Amu River bank, at 258 m (846 ft) above sea level.

Despite having numerous rivers and reservoirs, large parts of the country are dry. The endorheic Sistan Basin is one of the driest regions in the world. The Amu Darya rises at the north of the Hindu Kush, while the nearby Hari Rud flows west towards Herat, and the Arghandab River from the central region southwards. To the south and west of the Hindu Kush flow a number of streams that are tributaries of the Indus River, such as the Helmand River. The Kabul River flows in an easterly direction to the Indus ending at the Indian Ocean. Afghanistan receives heavy snow during the winter in the Hindu Kush and Pamir Mountains, and the melting snow in the spring season enters the rivers, lakes, and streams. However, two-thirds of the country's water flows into the neighboring countries of Iran, Pakistan, and Turkmenistan. As reported in 2010, the state needs more than US$2 billion to rehabilitate its irrigation systems so that the water is properly managed.
In Afghanistan, forest cover is around 2% of the total land area, equivalent to 1,208,440 hectares (ha) of forest in 2020, which was unchanged from 1990. Of the naturally regenerating forest, 0% was reported to be primary forest (consisting of native tree species with no clearly visible indications of human activity) and around 0% of the forest area was found within protected areas. For the year 2015, 100% of the forest area was reported to be under public ownership.
The northeastern Hindu Kush mountain range, in and around the Badakhshan Province of Afghanistan, is in a geologically active area where earthquakes may occur almost every year. They can be deadly and destructive, causing landslides in some parts or avalanches during the winter. In June 2022, a destructive 5.9 earthquake struck near the border with Pakistan, killing at least 1,150 people and sparking fears of a major humanitarian crisis. On 7 October 2023, a 6.3 magnitude earthquake struck northwest of Herat, killing over 1,400 people.


=== Climate ===

Afghanistan has a continental climate with harsh winters in the central highlands, the glaciated northeast (around Nuristan), and the Wakhan Corridor, where the average temperature in January is below −15 °C (5 °F) and can reach −26 °C (−15 °F), and hot summers in the low-lying areas of the Sistan Basin of the southwest, the Jalalabad basin in the east, and the Turkestan plains along the Amu River in the north, where temperatures average over 35 °C (95 °F) in July and can go over 43 °C (109 °F). The country is generally arid in the summers, with most rainfall falling between December and April. The lower areas of northern and western Afghanistan are the driest, with precipitation more common in the east. Although proximate to India, Afghanistan is mostly outside the monsoon zone, except the Nuristan Province which occasionally receives summer monsoon rain.
Although Afghanistan has contributed minimally to global greenhouse gas emissions, it is one of the most vulnerable countries to climate change and least prepared to cope with its impacts. Climate change in Afghanistan is causing more frequent and severe droughts. Severe drought conditions affect 25 of the country's 34 provinces, impacting over half the population. These droughts cause desertification, reduce food and water security, disrupt agriculture and cause internal displacement. Extreme rainfall over short periods is also more likely, increasing the risk of floods and landslides. Due to rising temperatures, almost 14% of Afghanistan's glacier coverage was lost between 1990 and 2015 increasing the risk of glacial lake outburst floods. By 2050, climate change could displace an additional 5 million people within Afghanistan.


=== Biodiversity ===

Several types of mammals exist throughout Afghanistan. Snow leopards, Siberian tigers and brown bears live in the high elevation alpine tundra regions. The Marco Polo sheep exclusively live in the Wakhan Corridor region of north-east Afghanistan. Foxes, wolves, otters, deer, wild sheep, lynx and other big cats populate the mountain forest region of the east. In the semi-desert northern plains, wildlife include a variety of birds, hedgehogs, gophers, and large carnivores such as jackals and hyenas.
Gazelles, wild pigs and jackals populate the steppe plains of the south and west, while mongoose and cheetahs exist in the semi-desert south. Marmots and ibex also live in the high mountains of Afghanistan, and pheasants exist in some parts of the country. The Afghan hound is a native breed of dog known for its fast speed and its long hair; it is relatively known in the west.
Endemic fauna of Afghanistan includes the Afghan flying squirrel, Afghan snowfinch, Paradactylodon (or the ""Paghman mountain salamander""), Stigmella kasyi, Vulcaniella kabulensis, Afghan leopard gecko, Wheeleria parviflorellus, among others. Endemic flora include Iris afghanica. Afghanistan has a wide variety of birds despite its relatively arid climate – an estimated 460 species of which 235 breed within.
The forest region of Afghanistan has vegetation such as pine trees, spruce trees, fir trees and larches, whereas the steppe grassland regions consist of broadleaf trees, short grass, perennial plants and shrublands. The colder high elevation regions are composed of hardy grasses and small flowering plants. Several regions are designated protected areas; there are three national parks: Band-e Amir, Wakhan and Nuristan. Afghanistan had a 2018 Forest Landscape Integrity Index mean score of 8.85/10, ranking it 15th globally out of 172 countries.


== Government and politics ==

Following the effective collapse of the Islamic Republic of Afghanistan during the 2021 Taliban offensive, the Taliban declared the country an Islamic Emirate. A new caretaker government was announced on 7 September. As of July 2025, only the Russian Federation has recognized the Islamic Emirate of Afghanistan as the de jure government of Afghanistan. According to the V-Dem Democracy indices Afghanistan in 2023 was the third least electoral democratic country in Asia.
A traditional instrument of governance in Afghanistan is the loya jirga (grand assembly), a Pashtun consultative meeting that was mainly organized for choosing a new head of state, adopting a new constitution, or to settle national or regional issue such as war. Loya jirgas have been held since at least 1747, with the most recent one occurring from June to July 2022.


=== Development of Taliban government ===

On 17 August 2021, the leader of the Taliban-affiliated Hezb-e-Islami Gulbuddin party, Gulbuddin Hekmatyar, met with both Hamid Karzai, the former President of Afghanistan, and Abdullah Abdullah, the former chairman of the High Council for National Reconciliation and former Chief Executive, in Doha, Qatar, with the aim of forming a national unity government. President Ashraf Ghani, having fled the country during the Taliban advance to either Tajikistan or Uzbekistan, emerged in the United Arab Emirates and said that he supported such negotiations and was in talks to return to Afghanistan. Many figures within the Taliban generally agreed that continuation of the 2004 Constitution of Afghanistan may, if correctly applied, be workable as the basis for the new religious state as their objections to the former government were political, and not religious.
Hours after the final flight of American troops left Kabul on 30 August, a Taliban official interviewed said that a new government would likely be announced as early as Friday 3 September after Jumu'ah. It was added that Hibatullah Akhundzada would be officially named Emir, with cabinet ministers being revealed at the Arg in an official ceremony. Abdul Ghani Baradar would be named head of government as Prime Minister, while other important positions would go to Sirajuddin Haqqani and Mullah Yaqoob. Beneath the supreme leader, day-to-day governance will be entrusted to the cabinet.
In a report by CNN-News18, sources said the new government was going to be governed similarly to Iran with Hibatullah Akhundzada as supreme leader similar to the role of Saayid Ali Khamenei, and would be based out of Kandahar. Baradar or Yaqoob would be head of government as Prime minister. The government's ministries and agencies will be under a cabinet presided over by the Prime Minister. The Supreme Leader would preside over an executive body known as the Supreme Council with anywhere from 11 to 72 members. Abdul Hakim Haqqani is likely to be promoted to Chief justice. According to the report, the new government will take place within the framework of an amended 1964 Constitution of Afghanistan. Government formation was delayed due to concerns about forming a broad-based government acceptable to the international community. It was later added however that the Taliban's Rahbari Shura, the group's leadership council was divided between the hardline Haqqani Network and moderate Abdul Ghani Baradar over appointments needed to form an ""inclusive"" government. Reports claimed that this culminated in a skirmish which led to Baradar being injured and treated in Pakistan, however this was denied by Baradar himself.
As of early September 2021 the Taliban were planning the cabinet to be men-only. Journalists and other human rights activists, mostly women, protested in Herat and Kabul, calling for women to be included. The acting Cabinet announced on 7 September was men-only, and the Ministry of Women's Affairs was abolished.
As of July 2025, only Russia has recognized the Taliban government as the legitimate authorities of Afghanistan. The U.N has stated that recognition was impossible so long as restrictions on female education and employment remained. On 16 September 2024, the Taliban suspended polio vaccination campaigns in Afghanistan, as reported by the United Nations, posing a significant risk to global polio eradication efforts.


=== Administrative divisions ===

Afghanistan is administratively divided into 34 provinces (wilayat). Each province has a governor and a capital. The country is further divided into nearly 400 provincial districts, each of which normally covers a city or several villages. Each district is represented by a district governor.
The provincial governors are now appointed by the Prime Minister of Afghanistan, and the district governors are selected by the provincial governors. The provincial governors are representatives of the central government in Kabul and are responsible for all administrative and formal issues within their provinces. There are also provincial councils that are elected through direct and general elections for four years. The functions of provincial councils are to take part in provincial development planning and to participate in the monitoring and appraisal of other provincial governance institutions.
According to article 140 of the constitution and the presidential decree on electoral law, mayors of cities should be elected through free and direct elections for a four-year term. In practice however, mayors are appointed by the government.

The 34 provinces in alphabetical order are:


=== Foreign relations ===

Afghanistan became a member of the United Nations in 1946. Historically, Afghanistan had strong relations with Germany, one of the first countries to recognize Afghanistan's independence in 1919; the Soviet Union, which provided much aid and military training for Afghanistan's forces and includes the signing of a Treaty of Friendship in 1921 and 1978; and India, with which a friendship treaty was signed in 1950. Relations with Pakistan have often been tense for various reasons such as the Durand Line border issue and alleged Pakistani involvement in Afghan insurgent groups.
The present Islamic Emirate of Afghanistan is currently partially recognized, but has had notable unofficial ties with China, Pakistan, and Qatar. Under the previous Islamic Republic of Afghanistan, it enjoyed cordial relations with a number of NATO and allied nations, particularly the United States, Canada, United Kingdom, Germany, Australia, and Turkey. In 2012, the United States and the then-republic in Afghanistan signed their Strategic Partnership Agreement in which Afghanistan became a major non-NATO ally. Such qualification was rescinded by US President Joe Biden in July 2022.


=== Military ===

The Armed Forces of the Islamic Emirate of Afghanistan captured a large amount of weapons, hardware, vehicles, aerocrafts, and equipment from the Afghan National Security Forces following the 2021 Taliban offensive and the Fall of Kabul. The total value of the captured equipment has been estimated at US$83 billion.


=== Human rights ===

Homosexuality is taboo in Afghan society; according to the Penal Code, homosexual intimacy is punished by up to a year in prison. Under Sharia law offenders can be punished by death. However, an ancient tradition involving male homosexual acts between children and older men (typically wealthy warlords or elite people) called bacha bazi persists.
Religious minorities such as Sikhs, Hindus, and Christians have reportedly faced persecution.
Since May 2022, all women in Afghanistan have been required by law to wear full-body coverings when in public (either a burqa or an abaya paired with a niqāb, which leaves only the eyes uncovered). First Deputy Leader Sirajuddin Haqqani claimed the decree is only advisory and no form of hijab is compulsory in Afghanistan, though this contradicts the reality. It has been speculated that there is a genuine internal policy division over women's rights between hardliners, including leader Hibatullah Akhundzada, and pragmatists, though they publicly present a united front. Another decree was issued shortly after the first, requiring female TV presenters to cover their faces during broadcasts. Since the Taliban takeover, suicides among women have become more common, and the country could now be one of the few where the rate of suicide among women surpasses that among men.
In May 2022, the Taliban dissolved Afghanistan's Human Rights Commission along with four other government departments, citing the country's budget deficit.
In January 2025, International Criminal Court issued two warrants against the Taliban supreme leader Haibatullah Akhundzada and the Chief judge, Abdul Hakim Haqqani, for committing crimes against humanity with the oppression and persecution of Afghan women and girls, and deprived of their freedom of movement, the rights to control their bodies, to education, and to a private and family life, while the alleged resistance and opposition were brutally suppressed with murder, imprisonment, torture, rape, and other forms of sexual violence, since 2021. ICC member states are obliged to arrest wanted persons if they are on their territory.


== Economy ==

Afghanistan's nominal GDP was $20.1 billion in 2020, or $81 billion by purchasing power parity (PPP). Its GDP per capita is $2,459 (PPP) and $611 by nominal. Despite having $1 trillion or more in mineral deposits, it remains one of the world's least developed countries. Afghanistan's rough physical geography and its landlocked status has been cited as reasons why the country has always been among the least developed in the modern era – a factor where progress is also slowed by contemporary conflict and political instability. The country imports over $7 billion worth of goods but exports only $784 million, mainly fruits and nuts. It has $2.8 billion in external debt. The service sector contributed the most to the GDP (55.9%) followed by agriculture (23%) and industry (21.1%).
Da Afghanistan Bank serves as the central bank of the nation and the Afghani (AFN) is the national currency, with an exchange rate of about 75 Afghanis to 1 US dollar. A number of local and foreign banks operate in the country, including the Afghanistan International Bank, New Kabul Bank, Azizi Bank, Pashtany Bank, Standard Chartered Bank, and the First Micro Finance Bank.

One of the main drivers for the current economic recovery is the return of over 5 million expatriates, who brought with them entrepreneurship and wealth-creating skills as well as much needed funds to start up businesses. Many Afghans are now involved in construction, which is one of the largest industries in the country. Some of the major national construction projects include the $35 billion New Kabul City next to the capital, the Aino Mena project in Kandahar, and the Ghazi Amanullah Khan Town near Jalalabad. Similar development projects have also begun in Herat, Mazar-e-Sharif, and other cities. An estimated 400,000 people enter the labor market each year.
Several small companies and factories began operating in different parts of the country, which not only provide revenues to the government but also create new jobs. Improvements to the business environment have resulted in more than $1.5 billion in telecom investment and created more than 100,000 jobs since 2003. Afghan rugs are becoming popular again, allowing many carpet dealers around the country to hire more workers; in 2016–17 it was the fourth most exported group of items.
Afghanistan is a member of WTO, SAARC, ECO, and OIC. It holds an observer status in SCO. In 2018, a majority of imports come from either Iran, China, Pakistan and Kazakhstan, while 84% of exports are to Pakistan and India.
Since the Taliban's takeover of the country in August 2021, the United States has frozen about $9 billion in assets belonging to the Afghan central bank, blocking the Taliban from accessing billions of dollars held in US bank accounts.
The GDP of Afghanistan is estimated to have dropped by 20% following the Taliban return to power. Following this, after months of free-fall, the Afghan economy began stabilizing, as a result of the Taliban's restrictions on smuggled imports, limits on banking transactions, and UN aid. In 2023, the Afghan economy began seeing signs of revival. This has also been followed by stable exchange rates, low inflation, stable revenue collection, and the rise of trade in exports. In the third quarter of 2023, the Afghani rose to be the best performing currency in the world, climbing over 9% against the US dollar.


=== Agriculture ===

Agricultural production is the backbone of Afghanistan's economy and has traditionally dominated the economy, employing about 40% of the workforce as of 2018. The country is known for producing pomegranates, grapes, apricots, melons, and several other fresh and dry fruits. Afghanistan also became the world's top producer of cannabis in 2010. In March 2023, however, cannabis production was banned by a decree from Hibatullah Akhundzada.
Saffron, the most expensive spice, grows in Afghanistan, particularly Herat Province. In recent years, there has been an uptick in saffron production, which authorities and farmers are using to try to replace poppy cultivation. Between 2012 and 2019, the saffron cultivated and produced in Afghanistan was consecutively ranked the world's best by the International Taste and Quality Institute. Production hit record high in 2019 (19,469 kg of saffron), and one kilogram is sold domestically between $634 and $1147.
The availability of cheap diesel-powered water pumps imported from China and Pakistan, and in the 2010s, of cheap solar power to pump water, resulted in expansion of agriculture and population in the southwestern deserts of Afghanistan in Kandahar, Helmand and Nimruz provinces in the 2010s. Wells have gradually been deepened, but water resources are limited. Opium is the major crop, but as of 2022, was under attack by the new Taliban government which, to suppress opium production, was systematically suppressing water pumping. In a 2023 report, poppy cultivation in southern Afghanistan was reduced by over 80% as a result of Taliban campaigns to stop its use toward opium. This included a 99% reduction of opium growth in the Helmand Province. In November 2023, a U.N report showed that in the entirety of Afghanistan, poppy cultivation dropped by over 95%, removing it from its place as being the world's largest opium producer.


=== Mining ===

The country's natural resources include: coal, copper, iron ore, lithium, uranium, rare earth elements, chromite, gold, zinc, talc, barite, sulfur, lead, marble, precious and semi-precious stones, natural gas, and petroleum. In 2010, US and Afghan government officials estimated that untapped mineral deposits located in 2007 by the US Geological Survey are worth at least $1 trillion.
Michael E. O'Hanlon of the Brookings Institution estimated that if Afghanistan generates about $10 billion per year from its mineral deposits, its gross national product would double and provide long-term funding for critical needs. The United States Geological Survey (USGS) estimated in 2006 that northern Afghanistan has an average 460 million m3 (2.9 billion bbl) of crude oil, 440 billion m3 (15.7 trillion cu ft) of natural gas, and 67 billion L (562 million US bbl) of natural gas liquids. In 2011, Afghanistan signed an oil exploration contract with China National Petroleum Corporation (CNPC) for the development of three oil fields along the Amu Darya river in the north.
The country has significant amounts of lithium, copper, gold, coal, iron ore, and other minerals. The Khanashin carbonatite in Helmand Province contains 1,000,000 tonnes (980,000 long tons; 1,100,000 short tons) of rare earth elements. In 2007, a 30-year lease was granted for the Aynak copper mine to the China Metallurgical Group for $3 billion, making it the biggest foreign investment and private business venture in Afghanistan's history. The state-run Steel Authority of India won the mining rights to develop the huge Hajigak iron ore deposit in central Afghanistan. Government officials estimate that 30% of the country's untapped mineral deposits are worth at least $1 trillion. One official asserted that ""this will become the backbone of the Afghan economy"" and a Pentagon memo stated that Afghanistan could become the ""Saudi Arabia of lithium"". The lithium reserves of 21 Mio. tons could amount to the ones of Bolivia, which is currently viewed as the country with the largest lithium reserves. Other larger deposits are the ones of bauxite and cobalt.
Access to biocapacity in Afghanistan is lower than world average. In 2016, Afghanistan had 0.43 global hectares of biocapacity per person within its territory, much less than the world average of 1.6 global hectares per person. In 2016 Afghanistan used 0.73 global hectares of biocapacity per person—their ecological footprint of consumption. This means they use just under double as much biocapacity as Afghanistan contains. As a result, Afghanistan is running a biocapacity deficit.
In September 2023, the Taliban signed mining contracts worth $6.5 billion, with extractions based on gold, iron, lead, and zinc in the provinces of Herat, Ghor, Logar, and Takhar.


=== Energy ===

According to the World Bank, 98% of the rural population have access to electricity in 2018, up from 28% in 2008. Overall the figure stands at 98.7%. As of 2016, Afghanistan produces 1,400 megawatts of power, but still imports the majority of electricity via transmission lines from Iran and the Central Asian states. The majority of electricity production is via hydropower, helped by the amount of rivers and streams that flow from the mountains. However electricity is not always reliable and blackouts happen, including in Kabul. In recent years an increasing number of solar, biomass and wind power plants have been constructed. Currently under development are the CASA-1000 project which will transmit electricity from Kyrgyzstan and Tajikistan, and the Turkmenistan-Afghanistan-Pakistan-India (TAPI) gas pipeline. Power is managed by the Da Afghanistan Breshna Sherkat (DABS, Afghanistan Electricity Company).
Important dams include the Kajaki Dam, Dahla Dam, and the Sardeh Band Dam.


=== Tourism ===

Tourism is a small industry in Afghanistan due to security issues. Nevertheless, some 20,000 foreign tourists visit the country annually as of 2016. In particular an important region for domestic and international tourism is the picturesque Bamyan Valley, which includes lakes, canyons and historical sites, helped by the fact it is in a safe area away from insurgent activity. Smaller numbers visit and trek in regions such as the Wakhan Valley, which is also one of the world's most remote communities. From the late 1960s onwards, Afghanistan was a popular stop on the famous hippie trail, attracting many Europeans and Americans. Coming from Iran, the trail traveled through various Afghan provinces and cities including Herat, Kandahar and Kabul before crossing to northern Pakistan, northern India, and Nepal. Tourism peaked in 1977, the year before the start of political instability and armed conflict.

The city of Ghazni has significant history and historical sites, and together with Bamyan city have in recent years been voted Islamic Cultural Capital and South Asia Cultural Capital respectively. The cities of Herat, Kandahar, Balkh, and Zaranj are also very historic. The Minaret of Jam in the Hari River valley is a UNESCO World Heritage Site. A cloak reputedly worn by Islam's prophet Muhammad is kept in the Shrine of the Cloak in Kandahar, a city founded by Alexander the Great and the first capital of Afghanistan. The citadel of Alexander in the western city of Herat has been renovated in recent years and is a popular attraction. In the north of the country is the Shrine of Ali, believed by many to be the location where Ali was buried. The National Museum of Afghanistan in Kabul hosts a large number of Buddhist, Bactrian Greek and early Islamic antiquities; the museum suffered greatly by civil war but has been slowly restoring since the early 2000s.
Unexpectedly, tourism has seen improvement in Afghanistan following the Taliban takeover. Active efforts by the Taliban encouraged tourism to increase from 691 tourists in 2021, to 2,300 in 2022, to 5,200 in 2023, with some estimates of between 7,000 and 10,000. This is, however, threatened by the Islamic State – Khorasan Province, who took responsibility for attacks on tourists, such as the 2024 Bamyan shooting.


=== Communication ===

Telecommunication services in Afghanistan are provided by Afghan Telecom, Afghan Wireless, Etisalat, MTN Group, and Roshan. The country uses its own space satellite called Afghansat 1, which provides services to millions of phone, internet, and television subscribers. By 2001 following years of civil war, telecommunications was virtually a non-existent sector, but by 2016 it had grown to a $2 billion industry, with 22 million mobile phone subscribers and 5 million internet users. The sector employs at least 120,000 people nationwide.


=== Transportation ===

Due to Afghanistan's geography, transport between various parts of the country has historically been difficult. The backbone of Afghanistan's road network is Highway 1, often called the ""Ring Road"", which extends for 2,210 kilometres (1,370 mi) and connects five major cities: Kabul, Ghazni, Kandahar, Herat and Mazar-i-Sharif, with spurs to Kunduz and Jalalabad and various border crossings, while skirting around the mountains of the Hindu Kush.
The Ring Road is crucially important for domestic and international trade and the economy. A key portion of the Ring Road is the Salang Tunnel, completed in 1964, which facilitates travel through the Hindu Kush mountain range and connects northern and southern Afghanistan. It is the only land route that connects Central Asia to the Indian subcontinent. Several mountain passes allow travel between the Hindu Kush in other areas. Serious traffic accidents are common on Afghan roads and highways, particularly on the Kabul–Kandahar and the Kabul–Jalalabad Road. Traveling by bus in Afghanistan remains dangerous due to militant activities.

Air transport in Afghanistan is provided by the national carrier, Ariana Afghan Airlines, and by the private company Kam Air. Airlines from a number of countries also provide flights in and out of the country. These include Air India, Emirates, Gulf Air, Iran Aseman Airlines, Pakistan International Airlines, and Turkish Airlines. The country has four international airports: Kabul International Airport (formerly Hamid Karzai International Airport), Kandahar International Airport, Herat International Airport, and Mazar-e Sharif International Airport. Including domestic airports, there are 43. Bagram Air Base is a major military airfield.
The country has three rail links: one, a 75-kilometre (47 mi) line from Mazar-i-Sharif to the Uzbekistan border; a 10-kilometre (6.2 mi) long line from Toraghundi to the Turkmenistan border (where it continues as part of Turkmen Railways); and a short link from Aqina across the Turkmen border to Kerki, which is planned to be extended further across Afghanistan. These lines are used for freight only and there is no passenger service. A rail line between Khaf, Iran and Herat, western Afghanistan, intended for both freight and passengers, was under construction as of 2019. About 125 kilometres (78 mi) of the line will lie on the Afghan side.
Private vehicle ownership has increased substantially since the early 2000s. Taxis are yellow and consist of both cars and auto rickshaws. In rural Afghanistan, villagers often use donkeys, mules or horses to transport or carry goods. Camels are primarily used by the Kochi nomads. Bicycles are popular throughout Afghanistan.


== Demographics ==


=== Population ===
The population of Afghanistan was estimated at 35.7 million as of 2024 by the Afghanistan National Statistics and Information Authority, whereas the UN estimates over 42.0 million. In 1979 the total population was reported to be about 15.5 million. About 25.3% are urbanite, 70.4% live in rural areas, and the remaining 4.3% are nomadic. An additional 3 million or so Afghans are temporarily housed in neighboring Pakistan and Iran, most of whom were born and raised in those two countries. As of 2013, Afghanistan was the largest refugee-producing country in the world, a title held for 32 years.
The current population growth rate is 2.37%, one of the highest in the world outside of Africa. This population is expected to reach 82 million by 2050 if current population trends continue. The population of Afghanistan increased steadily until the 1980s, when civil war caused millions to flee to other countries such as Pakistan. Millions have since returned and the war conditions contribute to the country having the highest fertility rate outside Africa. Afghanistan's healthcare has recovered since the turn of the century, causing falls in infant mortality and increases in life expectancy, although it has the lowest life expectance of any country outside Africa. This (along with other factors such as returning refugees) caused rapid population growth in the 2000s that has only recently started to slow down. The Gini coefficient in 2008 was 27.8.


==== Fertility rate ====
Afghanistan 2024 total fertility rate has been estimated at 4.4. In 2022 it was 4.5, about twice the world average rate. The rate has fallen since the early 1980s.


=== Urbanization ===
As estimated by the CIA World Factbook, 26% of the population was urbanized as of 2020. This is one of the lowest figures in the world; in Asia it is only higher than Cambodia, Nepal and Sri Lanka. Urbanization has increased rapidly, particularly in the capital Kabul, due to returning refugees from Pakistan and Iran after 2001, internally displaced people, and rural migrants. Urbanization in Afghanistan is different from typical urbanization in that it is centered on just a few cities.
Kabul is the largest city, with a population of 5 million. The other large cities are located generally in the ""ring"" around the Central Highlands, namely Kandahar in the south, Herat in the west, Mazar-i-Sharif, Kunduz in the north, and Jalalabad in the east.


=== Ethnicity and languages ===

Afghans are divided into several ethnolinguistic groups. According to research data by several institutions in 2019, the Pashtuns are the largest ethnic group, comprising 42%, followed by Tajiks, comprising 27% of the country's population. The other two major ethnic groups are the Hazaras and Uzbeks, each at 9%. A further 10 other ethnic groups are recognized and each are represented in the Afghan National Anthem.
Dari and Pashto are the official languages of Afghanistan; bilingualism is very common. Dari, which is also referred to as Eastern Persian as it is a variety of and mutually intelligible with Persian (and very often called 'Farsi' by some Afghans like in Iran), functions as the lingua franca in Kabul as well as in much of the northern and northwestern parts of the country. Native speakers of Dari, of any ethnicity, are sometimes called Farsiwans. Pashto is the native tongue of the Pashtuns, although many of them are also fluent in Dari while some non-Pashtuns are fluent in Pashto. Despite the Pashtuns having been dominant in Afghan politics for centuries, Dari remained the preferred language for government and bureaucracy. 
According to CIA World Factbook, Dari Persian is spoken by 78% (L1 + L2) and functions as the lingua franca, while Pashto is spoken by 50%, Uzbek 10%, English 5%, Turkmen 2%, Urdu 2%, Pashayi 1%, Nuristani 1%, Arabic 1%, and Balochi 1% (2021 est). Data represent the most widely spoken languages; shares sum to more than 100% because there is much bilingualism in the country and because respondents were allowed to select more than one language. There are a number of smaller regional languages, including Uzbek, Turkmen, Balochi, Pashayi, and Nuristani.
When it comes to foreign languages among the populace, many are able to speak or understand Hindustani (Urdu-Hindi), partly due to returning Afghan refugees from Pakistan and the popularity of Bollywood films respectively. English is also understood by some of the population, and has been gaining popularity as of the 2000s. Some Afghans retain some ability in Russian, which was taught in public schools during the 1980s.


=== Religion ===

The CIA estimated in 2009 that 99.7% of the Afghan population was Muslim and most are thought to adhere to the Sunni Hanafi school. According to Pew Research Center, as much as 90% are of the Sunni denomination, 7% Shia and 3% non-denominational. The CIA Factbook variously estimates up to 89.7% Sunni or up to 15% Shia.
Afghan Sikhs and Hindus are also found in certain major cities (namely Kabul, Jalalabad, Ghazni, Kandahar) accompanied by gurdwaras and mandirs. According to Deutsche Welle in September 2021, 250 remain in the country after 67 were evacuated to India.
There was a small Jewish community in Afghanistan, living mainly in Herat and Kabul. Over the years, this small community was forced to leave due to decades of warfare and religious persecution. By the end of the twentieth century, nearly the entire community had emigrated to Israel and the United States, with one known exception, Herat-born Zablon Simintov. He remained for years, being the caretaker of the only remaining Afghan synagogue. He left the country for the US after the second Taliban takeover. A woman who left shortly after him has since been identified as the likely last Jew in Afghanistan.
Afghan Christians, who number 500–8,000, practice their faith secretly due to intense societal opposition, and there are no public churches.


=== Education ===

Education in Afghanistan is overseen by the Ministry of Education and the Ministry of Higher Education. There are over 16,000 schools in the country and roughly 9 million students. Of this, about 60% are males and 40% females. However, the new regime has thus far forbidden female teachers and female students from returning to secondary schools. Over 174,000 students are enrolled in different universities around the country. About 21% of these are females. Former Education Minister Ghulam Farooq Wardak had stated that construction of 8,000 schools is required for the remaining children who are deprived of formal learning. As of 2018 the literacy rate of the population age 15 and older is 43.02% (males 55.48% and females 29.81%).
The top universities in Afghanistan are the American University of Afghanistan (AUAF) followed by Kabul University (KU), both of which are located in Kabul. The National Military Academy of Afghanistan, modeled after the United States Military Academy at West Point, was a four-year military development institution dedicated to graduating officers for the Afghan Armed Forces. The Afghan Defense University was constructed near Qargha in Kabul. Major universities outside of Kabul include Kandahar University in the south, Herat University in the northwest, Balkh University and Kunduz University in the north, Nangarhar University and Khost University in the east.
After the Taliban regained power in 2021, it became unclear to what extent female education would continue in the country. In March 2022, after they had been closed for some time, it was announced that secondary education would be reopened shortly. However, shortly before reopening, the order was rescinded and schools for older girls remained closed. Despite the ban, six provinces, Balkh, Kunduz, Jowzjan, Sar-I-Pul, Faryab, and the Day Kundi, still allow girl's schools from grade 6 and up. In December 2023, investigations were being held by the United Nations on the claim that Afghan girls of all ages were allowed to study at religious schools. As of November 2024, some parts of the country allow women to attend religious schools to pursue dentistry, nursing, and other subjects.


=== Health ===

According to the Human Development Index, Afghanistan is the 15th least developed country in the world. The average life expectancy is estimated to be around 60 years. The country's maternal mortality rate is 396 deaths/100,000 live births and its infant mortality rate is 66 to 112.8 deaths in every 1,000 live births. The Ministry of Public Health plans to cut the infant mortality rate to 400 for every 100,000 live births before 2020. The country has more than 3,000 midwives, with an additional 300 to 400 being trained each year.
There are over 100 hospitals in Afghanistan, with the most advanced treatments being available in Kabul. The French Medical Institute for Children and Indira Gandhi Children's Hospital in Kabul are the leading children's hospitals in the country. Some of the other leading hospitals in Kabul include the Jamhuriat Hospital and Jinnah Hospital. In spite of all this, many Afghans travel to Pakistan and India for advanced treatment.
It was reported in 2006 that nearly 60% of the Afghan population lives within a two-hour walk of the nearest health facility. The disability rate is also high in Afghanistan due to the decades of war. It was reported recently that about 80,000 people are missing limbs. Non-governmental charities such as Save the Children and Mahboba's Promise assist orphans in association with governmental structures.


== Culture ==

Afghans have both common cultural features and those that differ between the regions of Afghanistan, each with distinctive cultures partly as a result of geographic obstacles that divide the country. Family is the mainstay of Afghan society and families are often headed by a patriarch. In the southern and eastern region, the people live according to the Pashtun culture by following Pashtunwali (the Pashtun way). Key tenets of Pashtunwali include hospitality, the provision of sanctuary to those seeking refuge, and revenge for the shedding of blood. The Pashtuns are largely connected to the culture of Central Asia and the Iranian Plateau. The remaining Afghans are culturally Persian and Turkic. Some non-Pashtuns who live in proximity with Pashtuns have adopted Pashtunwali in a process called Pashtunization, while some Pashtuns have been Persianized. Those who have lived in Pakistan and Iran over the last 30 years have been further influenced by the cultures of those neighboring nations. The Afghan people are known to be strongly religious.
Afghans, particularly Pashtuns, are noted for their tribal solidarity and high regard for personal honor. There are various Afghan tribes, and an estimated 2–3 million nomads. Afghan culture is deeply Islamic, but pre-Islamic practices persist. Child marriage is prevalent; the legal age for marriage is 16. The most preferred marriage in Afghan society is to one's parallel cousin, and the groom is often expected to pay a bride price.

In the villages, families typically occupy mudbrick houses, or compounds with mudbrick or stone walled houses. Villages typically have a headman (malik), a master for water distribution (mirab) and a religious teacher (mullah). Men would typically work on the fields, joined by women during harvest. About 15% of the population are nomadic, locally called kochis. When nomads pass villages they often buy supplies such as tea, wheat and kerosene from the villagers; villagers buy wool and milk from the nomads.
Afghan clothing for both men and women typically consists of various forms of shalwar kameez, especially perahan tunban and khet partug. Women would normally wear a chador for head covering; some women, typically from highly conservative communities, wear the burqa, a full body covering. These were worn by some women of the Pashtun community well before Islam came to the region, but the Taliban enforced this dress on women when they were in power. Another popular dress is the chapan which acts as a coat. The karakul is a hat made from the fur of a specific regional breed of sheep. It was favored by former kings of Afghanistan and became known to much of the world in the 21st century when it was constantly worn by President Hamid Karzai. The pakol is another traditional hat originating from the far east of the country; it was popularly worn by the guerrilla leader Ahmad Shah Massoud. The Mazari hat originates from northern Afghanistan.


=== Architecture ===

The nation has a complex history that has survived either in its current cultures or in the form of various languages and monuments. Afghanistan contains many remnants from all ages, including Greek and Buddhist stupas, monasteries, monuments, temples, and Islamic minarets. Among the most well known are the Great Mosque of Herat, the Blue Mosque, the Minaret of Jam, the Chil Zena, the Qala-i Bost in Lashkargah, the ancient Greek city of Ai-Khanoum. However, many of its historic monuments have been damaged in modern times due to the civil wars. The two famous Buddhas of Bamiyan were destroyed by the Taliban, who regarded them as idolatrous. As there was no colonialism in the modern era in Afghanistan, European-style architecture is rare but does exist: the Victory Arch at Paghman and the Darul Aman Palace in Kabul were built in this style in the 1920s. Afghan architecture also ranges deep into India such as the city of Agra, and the tomb of Sher Shah Suri, an Afghan Emperor of India.


=== Art and ceramics ===

Carpet weaving is an ancient practice in Afghanistan, and many of these are still handmade by tribal and nomadic people today. Carpets have been produced in the region for thousands of years and traditionally done by women. Some crafters express their feelings through the designs of rugs; for example after the outbreak of the Soviet–Afghan War, ""war rugs"", a variant of Afghan rugs, were created with designs representing pain and misery caused by the conflict. Every province has its own specific characteristics in making rugs. In some of the Turkic-populated areas in the north-west, bride and wedding ceremony prices are driven by the bride's weaving skills.
Pottery has been crafted in Afghanistan for millennia. The village of Istalif, north of Kabul, is in particular a major center, known for its unique turquoise and green pottery, and their methods of crafting have remained the same for centuries. Much of lapis lazuli stones were earthed in modern-day Afghanistan which were used in Chinese porcelain as cobalt blue, later used in ancient Mesopotamia and Turkey.
The lands of Afghanistan have a long history of art, with the world's earliest known usage of oil painting found in cave murals in the country. A notable art style that developed in Afghanistan and eastern Pakistan is Gandhara Art, produced by a fusion of Greco-Roman art and Buddhist art between the 1st and 7th centuries CE. Later eras saw increased use of the Persian miniature style, with Kamaleddin Behzad of Herat being one of the most notable miniature artists of the Timurid and early Safavid periods. Since the 1900s, the nation began to use Western techniques in art. Abdul Ghafoor Breshna was a prominent Afghan painter and sketch artist from Kabul during the 20th century.


=== Literature ===

Classic Persian and Pashto poetry are a cherished part of Afghan culture. Poetry has always been one of the major educational pillars in the region, to the level that it has integrated itself into culture. One of the poetic styles is called landay. A popular theme in Afghan folklore and mythology are Divs, monstrous creatures. Thursdays are traditionally ""poetry night"" in the city of Herat when men, women and children gather and recite both ancient and modern poems.
Three mystical authors are considered true national glories (although claimed with equal ardor by Iran), namely: Khwaja Abdullah Ansari of Herat, a great mystic and Sufi saint in the 11th century, Sanai of Ghazni, author of mystical poems in the 12th century, and, finally, Rumi of Balkh, in the 13th century, considered the greatest mystical poet of the Muslim world. The Afghan Pashto literature, although quantitatively remarkable and in great growth in the last century, has always had an essentially local meaning and importance, feeling the influence of both Persian literature and the contiguous literatures of India. Both main literatures, from the second half of the nineteenth century, have shown themselves to be sensitive to genres, movements and stylistic features imported from Europe.
Khushal Khan Khattak of the 17th century is considered the national poet. Other notable poets include Rabi'a Balkhi, Jami, Rahman Baba, Khalilullah Khalili, and Parween Pazhwak.


=== Music ===

Afghan classical music has close historical links with Indian classical music and use the same Hindustani terminology and theories like raga. Genres of this style of music include ghazal (poetic music) and instruments such as the Indian tabla, sitar and harmonium, and local instruments like zerbaghali, as well as dayereh and tanbur which are also known in Central Asia, the Caucasus and the Middle East. The rubab is the country's national instrument and precurses the Indian sarod instrument. Some of the famous artists of classical music include Ustad Sarahang and Sarban.
Pop music developed in the 1950s through Radio Kabul and was influential in social change. During this time female artists also started appearing, at first Mermon Parwin. Perhaps the most famous artist of this genre was Ahmad Zahir, who synthesized many genres and continues to be renowned for his voice and rich lyrics long after his death in 1979. Other notable masters of traditional or popular Afghan music include Nashenas, Ubaidullah Jan, Mahwash, Ahmad Wali, Farhad Darya, and Naghma.
Attan is the national dance of Afghanistan, a group dance popularly performed by Afghans of all backgrounds. The dance is considered part of Afghan identity.


=== Media and entertainment ===

Afghanistan has around 350 radio stations and over 200 television stations. Radio Television Afghanistan, originating from 1925, is the state public broadcaster. Television programs began airing in the 1970s and today there are many private television channels such as TOLO and Shamshad TV. The first Afghan newspaper was published in 1873, and there are hundreds of print outlets today. By the 1920s, Radio Kabul was broadcasting local radio services. Voice of America, BBC, and Radio Free Europe/Radio Liberty (RFE/RL) broadcast in both of Afghanistan's official languages on radio. Press restrictions have been gradually relaxed and private media diversified since 2002, after more than two decades of tight controls.
Afghans have long been accustomed to watching Indian Bollywood films and listening to its filmi songs. It has been claimed that Afghanistan is among the biggest markets for the Hindi film industry. The stereotypes of Afghans in India (Kabuliwala or Pathani) have also been represented in some Bollywood films by actors. Many Bollywood film stars have roots in Afghanistan, including Salman Khan, Saif Ali Khan, Aamir Khan, Feroz Khan, Kader Khan, Naseeruddin Shah, Zarine Khan, Celina Jaitly, and a number of others. Several Bollywood films have been shot inside Afghanistan, including Dharmatma, Khuda Gawah, Escape from Taliban, and Kabul Express.


=== Cuisine ===

Afghan cuisine is largely based upon the nation's chief crops, such as wheat, maize, barley and rice. Accompanying these staples are native fruits and vegetables as well as dairy products such as milk, yogurt, and whey. Kabuli palaw is the national dish of Afghanistan. The nation's culinary specialties reflect its ethnic and geographic diversity. Afghanistan is known for its high-quality pomegranates, grapes, and sweet melons. Tea is a favorite drink among Afghans. A typical Afghan diet consists of naan, yogurt, rice, and meat.


=== Holidays and festivals ===

Afghanistan's official New Year starts with Nowruz, an ancient tradition that started as a Zoroastrian celebration in present-day Iran, and with which it shares the annual celebration along with several other countries. It occurs every year at the vernal equinox. In Afghanistan, Nowruz is typically celebrated with music and dance, as well as holding buzkashi tournaments.
Yaldā, another nationally celebrated ancient tradition, commemorates the ancient goddess Mithra and marks the longest night of the year on the eve of the winter solstice (čelle ye zemestān; usually falling on 20 or 21 December), during which families gather together to recite poetry and eat fruit.
As a predominantly Muslim country, Islamic events and festivals such as Ramadan, Eid al-Fitr and Ashura are widely celebrated annually in Afghanistan. The Sikh festival of Vaisakhi is celebrated by the Sikh community and the Hindu festival Diwali by the Hindu community.
National Independence Day is celebrated on 19 August to mark the Anglo-Afghan Treaty of 1919 and the country's full independence. Several international celebrations are also officially held in Afghanistan, such as International Workers' Day, and International Women's Day. Some regional festivals include the Red Flower Festival (during Nowruz) in Mazar-i-Sharif, and the Damboora Festival in Bamyan Province.


=== Sports ===

Sport in Afghanistan is managed by the Afghan Sports Federation. Cricket and association football are the two most popular sports in the country. The Afghan Sports Federation promotes cricket, association football, basketball, volleyball, golf, handball, boxing, taekwondo, weightlifting, bodybuilding, track and field, skating, bowling, snooker, chess, and other sports.
The Afghanistan national basketball team won the first team sports title at the 2010 South Asian Games. In 2012, the country's 3x3 basketball team won the gold medal at the 2012 Asian Beach Games. In 2013, Afghanistan's football team followed as it won the SAFF Championship.
The Afghan national cricket team, which was formed in 2001, won the 2009–10 ICC Intercontinental Cup. It won the ACC Twenty20 Cup in 2007, 2009, 2011 and 2013. The team played in the 2015, 2019, and 2023 Cricket World Cups. The Afghanistan Cricket Board (ACB) is the official governing body of the sport and is based in Kabul. The Alokozay Kabul International Cricket Ground serves as the nation's main cricket stadium. There are several other stadiums throughout the country, including the Ghazi Amanullah Khan International Cricket Stadium near Jalalabad. Domestically, cricket is played between teams from different provinces.
The Afghanistan national football team has been competing in international football since 1941. The national team plays its home games at the Ghazi Stadium in Kabul, while football in Afghanistan is governed by the Afghanistan Football Federation. The national team has never competed or qualified for the FIFA World Cup but won an international football trophy in 2013. The country also has a national team in the sport of futsal, a 5-a-side variation of football.
The traditional and the national sport of Afghanistan is buzkashi, particularly popular in the north. It is similar to polo, played by horsemen in two teams, each trying to grab and hold a goat carcass. The Afghan Hound (a type of running dog) originated in Afghanistan and was used in wolf hunting.


== See also ==

Outline of Afghanistan
2025 Afghan deportation from Iran


== Explanatory notes ==


== References ==


=== Citations ===


=== General and cited sources ===


== Further reading ==


== External links ==

Afghanistan. The World Factbook. Central Intelligence Agency.
Afghanistan web resources provided by GovPubs at the University of Colorado Boulder Libraries
 Wikimedia Atlas of Afghanistan
Research Guide to Afghanistan Archived 23 August 2015 at the Wayback Machine"
Albania,"Albania, officially the Republic of Albania, is a country in Southeast Europe. It is located in the Balkans, on the Adriatic and Ionian Seas within the Mediterranean Sea, and shares land borders with Montenegro to the northwest, Kosovo to the northeast, North Macedonia to the east and Greece to the south. With an area of 28,748 km2 (11,100 sq mi), it has a varied range of climatic, geological, hydrological and morphological conditions. Albania's landscapes range from rugged snow-capped mountains in the Albanian Alps and the Korab, Skanderbeg, Pindus and Ceraunian Mountains, to fertile lowland plains extending from the Adriatic and Ionian seacoasts. Tirana is the capital and largest city in the country, followed by Durrës, Vlorë, and Shkodër.
Albania was inhabited by several Illyrian tribes, among them the Ardiaei, Bylliones, Dassaretii, Enchele, and Taulantians, with the Chaonians settled in the southwest. Several colonies were founded by the Ancient Greeks along the Albanian coast, most notably Apollonia. The Illyrians were the dominant power in Albania before the rise of Macedon. Following the Illyrian Wars, Albania was integrated into the Roman Empire and remained in the Byzantine Empire after its partition. During the Middle Ages, several Albanian principalities emerged, most notably the Principality of Arbanon, Kingdom of Albania, Principality of Albania and Albania Veneta. In the 15th century, Albania became a center of resistance against Ottoman expansion under the leadership of Gjergj Kastrioti Skanderbeg, whose military campaigns repelled Ottoman advances for over two decades. Although incorporated into the Ottoman Empire, Albania retained distinct cultural and social identities throughout four centuries of foreign rule, culminating in the Albanian Renaissance in the 19th century. Albania declared independence in 1912, followed by a turbulent 20th century marked by monarchy, foreign occupation during both World Wars, and a repressive communist regime under Enver Hoxha.
Since its independence in 1912, Albania has undergone diverse political evolution, transitioning from a monarchy to a communist regime before becoming a sovereign parliamentary constitutional republic. Governed by a constitution prioritising the separation of powers, the country's political structure includes a parliament, a ceremonial president, a functional prime minister and a hierarchy of courts. Albania is a developing country with an upper-middle income economy driven by the service sector, with manufacturing and tourism, which attracted over 11 million visitors in 2024, also playing significant roles. After the dissolution of its communist system the country shifted from centralised planning to an open market economy. Albanian citizens have universal health care access and free primary and secondary education. The country is an official candidate for membership in the European Union and has been negotiating accession since 2022.


== Etymology ==

The historical origins of the term ""Albania"" can be traced back to medieval Latin, with its foundations believed to be associated with the Illyrian tribe of the Albani. This connection gains further support from the work of the Ancient Greek geographer Ptolemy during the 2nd century AD, where he included the settlement of Albanopolis situated to the northeast of Durrës. The presence of a medieval settlement named Albanon or Arbanon hints at the possibility of historical continuity. The precise relationship among these historical references and the question of whether Albanopolis was synonymous with Albanon remain subjects of scholarly debate.
The Byzantine historian Michael Attaliates, in his 11th-century historical account, provides the earliest undisputed reference to the Albanians, when he mentions them having taken part in a revolt against Constantinople in 1079. He also identifies the Arbanitai as subjects of the Duke of Dyrrachium. In the Middle Ages, Albania was denoted as Arbëri or Arbëni by its inhabitants, who identified themselves as Arbëreshë or Arbëneshë. Albanians employ the terms Shqipëri or Shqipëria for their nation, designations that trace their historical origins to the 14th century. But only in the late 17th and early 18th centuries did these terms gradually supersede Arbëria and Arbëreshë among Albanians. These two expressions are widely interpreted to symbolise ""Children of the Eagles"" and ""Land of the Eagles"".


== History ==


=== Prehistory ===

Mesolithic habitation in Albania has been evidenced in several open air sites which during that period were close to the Adriatic coastline and in cave sites. Mesolithic objects found in a cave near Xarrë include flint and jasper objects along with fossilised animal bones, while those discoveries at Mount Dajt comprise bone and stone tools similar to those of the Aurignacian culture. The Neolithic era in Albania began around 7000 BC and is evidenced in finds which indicate domestication of sheep and goats and small-scale agriculture. A part of the Neolithic population may have been the same as the Mesolithic population of the southern Balkans like in the Konispol cave where the Mesolithic stratum co-exists with Pre-Pottery Neolithic finds. Cardium pottery culture appears in coastal Albania and across the Adriatic after 6500 BC, while the settlements of the interior took part in the processes which formed the Starčevo culture. The Albanian bitumen mines of Selenicë provide early evidence of bitumen exploitation in Europe, dating to Late Neolithic Albania (from 5000 BC), when local communities used it as pigment for ceramic decoration, waterproofing, and adhesive for reparing broken vessels. The bitumen of Selenicë circulated towards eastern Albania from the early 5th millennium BC. First evidence of its overseas trade export comes from Neolithic and Bronze Age southern Italy. The high-quality bitumen of Selenicë has been exploited throughout all the historical ages since the Late Neolithic era until today.
The Indo-Europeanisation of Albania in the context of the IE-isation of the western Balkans began after 2800 BC. The presence of the Early Bronze Age tumuli in the vicinity of later Apollonia dates to 2679±174 calBC (2852-2505 calBC). These burial mounds belong to the southern expression of the Adriatic-Ljubljana culture (related to later Cetina culture) which moved southwards along the Adriatic from the northern Balkans. The same community built similar mounds in Montenegro (Rakića Kuće) and northern Albania (Shtoj). The first archaeogenetic find related to the IE-isation of Albania involves a man with predominantly Yamnaya ancestry buried in a tumulus of northeastern Albania which dates to 2663–2472 calBC. During the Middle Bronze Age, Cetina culture sites and finds appear in Albania. Cetina culture moved southwards across the Adriatic from the Cetina valley of Dalmatia. In Albania, Cetina finds are concentrated around southern Lake Shkodër and appear typically in tumulus cemeteries like in Shkrel and Shtoj and hillforts like Gajtan (Shkodër) as well as cave sites like Blaz, Nezir and Keputa (central Albania) and lake basin sites like Sovjan (southeastern Albania).


=== Antiquity ===

The incorporated territory of Albania was historically inhabited by Indo-European peoples, amongst them numerous Illyrian and Epirote tribes. There were also several Greek colonies. The territory referred to as Illyria corresponded roughly to the area east of the Adriatic Sea in the Mediterranean Sea extending in the south to the mouth of the Vjosë. The first account of the Illyrian groups comes from Periplus of the Euxine Sea, a Greek text written in the 4th century BC. The Bryges were also present in central Albania, while the south was inhabited by the Epirote Chaonians, whose capital was at Phoenice. Other colonies such as Apollonia and Epidamnos were established by Greek city-states on the coast by the 7th century BC.

The Illyrian Taulanti were a powerful Illyrian tribe that were among the earliest recorded tribes in the area. They lived in an area that corresponds much of present-day Albania. Together with the Dardanian ruler Cleitus, Glaucias, the ruler of the Taulantian kingdom, fought against Alexander the Great at the Battle of Pelium in 335 BC. As the time passed, the ruler of Ancient Macedonia, Cassander of Macedon captured Apollonia and crossed the river Genusus (Albanian: Shkumbin) in 314 BC. A few years later Glaucias laid siege to Apollonia and captured the Greek colony of Epidamnos.
The Illyrian Ardiaei tribe, centred in Montenegro, ruled over most of the territory of northern Albania. Their Ardiaean Kingdom reached its greatest extent under King Agron, the son of Pleuratus II. Agron extended his rule over other neighbouring tribes as well. Following Agron's death in 230 BC, his wife, Teuta, inherited the Ardiaean kingdom. Teuta's forces extended their operations further southwards to the Ionian Sea. In 229 BC, Rome declared war on the kingdom for extensively plundering Roman ships. The war ended in Illyrian defeat in 227 BC. Teuta was eventually succeeded by Gentius in 181 BC. Gentius clashed with the Romans in 168 BC, initiating the Third Illyrian War. The conflict resulted in Roman conquest of the region by 167 BC. The Romans split the region into three administrative divisions.


=== Middle Ages ===

The Roman Empire was split in 395 upon the death of Theodosius I into an Eastern and Western Roman Empire in part because of the increasing pressure from threats during the Barbarian Invasions. From the 6th century into the 7th century, the Slavs crossed the Danube and largely absorbed the indigenous Greeks, Illyrians and Thracians in the Balkans; thus, the Illyrians were mentioned for the last time in historical records in the 7th century.
In the 11th century, the Great Schism formalised the break of communion between the Eastern Orthodox and Western Catholic Church that is reflected in Albania through the emergence of a Catholic north and Orthodox south. The Albanian people inhabited the west of Lake Ochrida and the upper valley of River Shkumbin and established the Principality of Arbanon in 1190 under the leadership of Progon of Kruja. The realm was succeeded by his sons Gjin and Dhimitër.
Upon the death of Dhimiter, the territory came under the rule of the Albanian-Greek Gregory Kamonas and subsequently under the Golem of Kruja. In the 13th century, the principality was dissolved. Arbanon is considered to be the first sketch of an Albanian state, that retained a semi-autonomous status as the western extremity of the Byzantine Empire, under the Byzantine Doukai of Epirus or Laskarids of Nicaea.

Towards the end of the 12th and beginning of the 13th centuries, Serbs and Venetians started to take possession over the territory. The ethnogenesis of the Albanians is uncertain; however, the first undisputed mention of Albanians dates back in historical records from 1079 or 1080 in a work by Michael Attaliates, who referred to the Albanoi as having taken part in a revolt against Constantinople. At this point the Albanians were fully Christianised.
After the dissolution of Arbanon, Charles of Anjou concluded an agreement with the Albanian rulers, promising to protect them and their ancient liberties. In 1272, he established the Kingdom of Albania and conquered regions back from the Despotate of Epirus. The kingdom claimed all of central Albania territory from Dyrrhachium along the Adriatic Sea coast down to Butrint. A Catholic political structure was a basis for the papal plans of spreading Catholicism in the Balkan Peninsula. This plan found also the support of Helen of Anjou. Around 30 Catholic churches and monasteries were built during her rule mainly in northern Albania. Internal power struggles within the Byzantine Empire in the 14th century enabled Serbs' most powerful medieval ruler, Stefan Dusan, to establish a short-lived empire that included all of Albania except Durrës.

In 1367, Albanian rulers established the Despotate of Arta. During that time, several Albanian principalities were created, notably the Principality of Albania, Principality of Kastrioti, Lordship of Berat and Principality of Dukagjini. In the first half of the 15th century, the Ottoman Empire invaded most of Albania, and the League of Lezhë was held under Skanderbeg as a ruler, who became the national hero of the Albanian medieval history.


==== Ottoman Empire ====

With the fall of Constantinople, the Ottoman Empire continued an extended period of conquest and expansion with its borders going deep into Southeast Europe. They reached the Albanian Ionian Sea Coast in 1385 and erected their garrisons across Southern Albania in 1415 and then occupied most of Albania in 1431. Thousands of Albanians consequently fled to Western Europe, particularly to Calabria, Naples, Ragusa and Sicily, whereby others sought protection at the often inaccessible Mountains of Albania. The Albanians, as Christians, were considered an inferior class of people, and as such they were subjected to heavy taxes among others by the Devshirme system that allowed the Sultan to collect a requisite percentage of Christian adolescents from their families to compose the Janissary. The Ottoman conquest was also accompanied with the gradual process of Islamisation and the rapid construction of mosques.
A prosperous and longstanding revolution erupted after the formation of the League of Lezhë until the fall of Shkodër under the leadership of Gjergj Kastrioti Skanderbeg, who consistently defeated major Ottoman armies led by Sultans Murad II and Mehmed II. Skanderbeg managed to unite several of the Albanian principalities, amongst them the Arianitis, Dukagjinis, Zaharias and Thopias, and establish a centralised authority over most of the non-conquered territories, becoming the Lord of Albania. The Ottoman Empire's expansion ground to a halt during the time that Skanderbeg's forces resisted, and he has been credited with being one of the main reasons for the delay of Ottoman expansion into Western Europe, giving the Italian principalities more time to better prepare for the Ottoman arrival. However, the failure of most European nations, with the exception of Naples, in giving him support, along with the failure of Pope Pius II's plans to organise a promised crusade against the Ottomans meant that none of Skanderbeg's victories permanently hindered the Ottomans from invading the Western Balkans.
Despite his brilliance as a military leader, Skanderbeg's victories were only delaying the final conquests. The constant Ottoman invasions caused enormous destruction to Albania, greatly reducing the population and destroying flocks of livestock and crops. Besides surrender, there was no possible way Skanderbeg would be able to halt the Ottoman invasions despite his successes against them. His manpower and resources were insufficient, preventing him from expanding the war efforts and driving the Turks from the Albanian borders. Albania was therefore doomed to face an unending series of Ottoman attacks until it eventually fell years after his death.
When the Ottomans were gaining a firm foothold in the region, Albanian towns were organised into four principal sanjaks. The government fostered trade by settling a sizeable Jewish colony of refugees fleeing persecution in Spain. The city of Vlorë saw passing through its ports imported merchandise from Europe such as velvets, cotton goods, mohairs, carpets, spices and leather from Bursa and Constantinople. Some citizens of Vlorë even had business associates throughout Europe.
The phenomenon of Islamisation among the Albanians became primarily widespread from the 17th century and continued into the 18th century. Islam offered them equal opportunities and advancement within the Ottoman Empire. However, motives for conversion were, according to some scholars, diverse depending on the context though the lack of source material does not help when investigating such issues. Because of increasing suppression of Catholicism, most Catholic Albanians converted in the 17th century, while Orthodox Albanians followed suit mainly in the following century.
Since the Albanians were seen as strategically important, they made up a significant proportion of the Ottoman military and bureaucracy. Many Muslim Albanians attained important political and military positions and culturally contributed to the broader Muslim world. Enjoying this privileged position, they held various high administrative positions with over two dozen Albanian Grand Viziers. Others included members of the prominent Köprülü family, Zagan Pasha, Muhammad Ali of Egypt and Ali Pasha of Tepelena. Furthermore, two sultans, Bayezid II and Mehmed III, both had mothers of Albanian origin.


=== Rilindja ===

The Albanian Renaissance was a period with its roots in the late 18th century and continuing into the 19th century, during which the Albanian people gathered spiritual and intellectual strength for an independent cultural and political life within an independent nation. Modern Albanian culture flourished too, especially Albanian literature and arts, and was frequently linked to the influences of the Romanticism and Enlightenment principles. Prior to the rise of nationalism, Ottoman authorities suppressed any expression of national unity or conscience by the Albanian people.
The victory of Russia over the Ottoman Empire following the Russian-Ottoman Wars resulted the execution of the Treaty of San Stefano which assigned Albanian-populated lands to their Slavic and Greek neighbours. However, the United Kingdom and Austro-Hungarian Empire consequently blocked the arrangement and caused the Treaty of Berlin. From this point, Albanians started to organise themselves with the goal to protect and unite the Albanian-populated lands into a unitary nation, leading to the formation of the League of Prizren. The league had initially the assistance of the Ottoman authorities whose position was based on the religious solidarity of Muslim people and landlords connected with the Ottoman administration. They favoured and protected the Muslim solidarity and called for defence of Muslim lands simultaneously constituting the reason for titling the league Committee of the Real Muslims.
Approximately 300 Muslims participated in the assembly composed by delegates from Bosnia, the administrator of the Sanjak of Prizren as representatives of the central authorities and no delegates from Vilayet of Scutari. Signed by only 47 Muslim deputies, the league issued the Kararname that contained a proclamation that the people from northern Albania, Epirus and Bosnia and Herzegovina are willing to defend the territorial integrity of the Ottoman Empire by all possible means against the troops of Bulgaria, Serbia and Montenegro.
Ottomans authorities cancelled their assistance when the league, under Abdyl Frashëri, became focused on working towards Albanian autonomy and requested merging four vilayets, including Kosovo, Shkodër, Monastir and Ioannina, into a unified vilayet, the Albanian Vilayet. The league used military force to prevent the annexing areas of Plav and Gusinje assigned to Montenegro. After several successful battles with Montenegrin troops, such as the Battle of Novšiće, the league was forced to retreat from their contested regions. The league was later defeated by the Ottoman army sent by the sultan.


==== Independence ====

Albania declared independence from the Ottoman Empire on 28 November 1912, accompanied by the establishment of the Senate and Government by the Assembly of Vlorë on 4 December 1912. Its sovereignty was recognised by the Conference of London. On 29 July 1913, the Treaty of London delineated the borders of the country and its neighbors, leaving many Albanians outside Albania, predominantly partitioned between Montenegro, Serbia, and Greece.
Headquartered in Vlorë, the International Commission of Control was established on 15 October 1913 to take care of the administration of Albania until its own political institutions were in order. The International Gendarmerie was established as the Principality of Albania's first law enforcement agency. In November, the first gendarmerie members arrived in the country. Prince of Albania Wilhelm of Wied (Princ Vilhelm Vidi) was selected as the first prince of the principality. On 7 March, he arrived in the provisional capital of Durrës and began to organise his government, appointing Turhan Pasha Përmeti to form the first Albanian cabinet.
In November 1913, the Albanian pro-Ottoman forces had offered the throne of Albania to the Ottoman war minister of Albanian origin, Ahmed Izzet Pasha. The pro-Ottoman peasants believed that the new regime was a tool of the six Christian Great Powers and local landowners, who owned half of the arable land.
In February 1914, the Autonomous Republic of Northern Epirus was proclaimed in Gjirokastër by the local Greek population against incorporation to Albania. This initiative was short-lived, and in 1921 the southern provinces were incorporated into the Albanian Principality. Meanwhile, the revolt of Albanian peasants against the new regime erupted under the leadership of the group of Muslim clerics gathered around Essad Pasha Toptani, who proclaimed himself the savior of Albania and Islam. To gain the support of the Mirdita Catholic volunteers from northern Albania, Prince Wied appointed their leader, Prênk Bibë Doda, foreign minister of the Principality of Albania. In May and June 1914, the International Gendarmerie was joined by Isa Boletini and his men, mostly from Kosovo, and the rebels defeated northern Mirdita Catholics, capturing most of Central Albania by the end of August 1914. Prince Wied's regime collapsed, and he left the country on 3 September 1914.


=== First Republic ===

The interwar period in Albania was marked by persistent economic and social difficulties, political instability and foreign interventions. After World War I, Albania lacked an established government and internationally recognised borders, rendering it vulnerable to neighboring entities such as Greece, Italy, and Yugoslavia, all of which sought to expand their influence. This led to political uncertainty, highlighted in 1918 when the Congress of Durrës sought Paris Peace Conference protection but was denied, further complicating Albania's position on the international stage. Territorial tensions escalated as Yugoslavia, particularly Serbia, sought control of northern Albania, while Greece aimed dominance in southern Albania. The situation deteriorated in 1919 when the Serbs launched attacks on Albanian inhabitants, among others in Gusinje and Plav, resulting in massacres and large-scale displacement. Meanwhile, Italian influence continued to expand during this time, driven by economic interests and political ambitions.
Fan Noli, renowned for his idealism, became prime minister in 1924, with a vision to institute a Western-style constitutional government, abolish feudalism, counter Italian influence, and enhance critical sectors, including infrastructure, education and healthcare. He faced resistance from former allies, who had assisted in the removal of Zog from power, and struggled to secure foreign aid to implement his agenda. Noli's decision to establish diplomatic ties with the Soviet Union, an adversary of the Serbian elite, ignited allegations of bolshevism from Belgrade. This in turn led to increased pressure from Italy and culminated in Zog's restoration to authority. In 1928, Zog transitioned Albania from a republic to a monarchy that garnered backing from Fascist Italy, with Zog assuming the title of King Zog I. Key constitutional changes dissolved the Senate and established a unicameral National Assembly while preserving Zog's authoritative powers.
In 1939, Italy under Benito Mussolini launched a military invasion of Albania, resulting in the exile of Zog and the creation of an Italian protectorate. As World War II progressed, Italy aimed to expand its territorial dominion in the Balkans, including territorial claims on regions of Greece (Chameria), Macedonia, Montenegro and Kosovo. These ambitions laid the foundation of Greater Albania, which aimed to unite all areas with Albanian-majority populations into a single country. In 1943, as Italy's control declined, Nazi Germany assumed control of Albania, subjecting Albanians to forced labour, economic exploitation and repression under German rule. The tide shifted in 1944 when Albanian partisan forces, under the leadership of Enver Hoxha and other communist leaders, successfully liberated Albania from German occupation.


=== Communism ===

The establishment of the People's Republic of Albania under the leadership of Enver Hoxha was a significant epoch in modern Albanian history. Hoxha's regime embraced Marxist–Leninist ideologies and implemented authoritarian policies, including prohibition of religious practices, severe restrictions on travel, and abolition of private property rights. It was also defined by a persistent pattern of purges, extensive repression, instances of betrayal, and hostility to external influences. Any form of opposition or resistance to his rule was met with expeditious and severe consequences, such as internal exile, extended imprisonment, and execution. The regime confronted a multitude of challenges, including widespread poverty, illiteracy, health crises and gender inequality. In response, Hoxha initiated a modernisation initiative aimed at attaining economic and social liberation and transforming Albania into an industrial society. The regime placed a high priority on the diversification of the economy through Soviet-style industrialisation, comprehensive infrastructure development such as the introduction of a transformative railway system, expansion of education and healthcare services, elimination of adult illiteracy, and targeted advancements in areas such as women's rights.

Albania's diplomatic history under Hoxha was characterised by notable conflicts. Initially aligned with Yugoslavia as a satellite state, the relationship deteriorated as Yugoslavia aimed to incorporate Albania within its territory. Subsequently, Albania established relations with the Soviet Union and engaged trade agreements with other Eastern European countries, but experienced disagreements over Soviet policies, leading to strained ties with Moscow and diplomatic separation in 1961. Simultaneously, tensions with the West heightened due to Albania's refusal to hold free elections and allegations of Western support for anti-communist uprisings. Albania's enduring partnership was with China; it sided with Beijing during the Sino-Soviet conflict, resulting in severed ties with the Soviet Union and withdrawal from the Warsaw Pact in response to the invasion of Czechoslovakia in 1968. But their relations stagnated in 1970, prompting both to reassess their commitment, and Albania actively reduced its dependence on China.
Under Hoxha's regime, Albania underwent a widespread campaign targeting religious clergy of various faiths, resulting in public persecution and executions, particularly targeting Muslims, Roman Catholics and Eastern Orthodox adherents. In 1946, religious estates underwent nationalisation, coinciding with the closure or transformation of religious institutions into various other purposes. This culminated in 1976, when Albania became the world's first constitutionally atheist state. Under this regime, citizens were forced to renounce their religious beliefs, adopt a secular way of life, and embrace socialist ideology.


=== Fourth Republic ===

After four decades of communism paired with the revolutions of 1989, Albania witnessed a notable rise in political activism, particularly among students, which led to a transformation in the prevailing order. After the first multi-party elections of 1991, the communist party maintained a stronghold in the parliament until its defeat in the parliamentary elections of 1992 directed by the Democratic Party. Considerable economic and financial resources were devoted to pyramid schemes that were widely supported by the government. The schemes swept up somewhere between one sixth and one third of the population of the country. Despite the International Monetary Fund's warnings, Sali Berisha defended the schemes as large investment firms, leading more people to redirect their remittances and sell their homes and cattle for cash to deposit in the schemes.
The schemes began to collapse in late 1996, leading many of the investors to join initially peaceful protests against the government, requesting their money back. The protests turned violent in February 1997 as government forces responded by firing on the demonstrators. In March, the Police and Republican Guard deserted, leaving their armories open. These were promptly emptied by militias and criminal gangs. The resulting civil war caused a wave of evacuations of foreign nationals and refugees.
The crisis led both Aleksandër Meksi and Sali Berisha to resign from office in the wake of the general election. In April 1997, Operation Alba, a U.N. peacekeeping force led by Italy, entered Albania with two goals: to assist with the evacuation of expatriates and secure the ground for international organisations. The main international organisation involved was the Western European Union's multinational Albanian Police element, which worked with the government to restructure the judicial system and simultaneously the Albanian police.


=== Contemporary ===

After its communist system disintegrated, Albania embarked on an active path towards Westernisation with the ambition to obtain membership in the European Union (EU) and the North Atlantic Treaty Organisation (NATO). A notable milestone was reached in 2009, when the country attained membership in NATO, marking a pioneering achievement among the nations of Southeast Europe. In adherence to its vision for further integration into the EU, it formally applied for membership on 28 April 2009. Another milestone was reached on 24 June 2014, when the country was granted official candidate status.
Edi Rama of the Socialist Party won both the 2013 and 2017 parliamentary elections. As prime minister, he implemented numerous reforms focused on modernising the economy, as well as democratising state institutions, including the judiciary and law enforcement. Unemployment has steadily declined, with Albania achieving the 4th-lowest unemployment rate in the Balkans. Rama has also placed gender equality at the centre of his agenda; since 2017 almost 50% of the ministers have been female, the largest number of women serving in the country's history. During the 2021 parliamentary elections, the ruling Socialist Party led by Rama secured its third consecutive victory, winning nearly half of votes and enough seats in parliament to govern alone.
On 26 November 2019, a 6.4 magnitude earthquake ravaged Albania, with the epicentre about 16 km (10 mi) southwest of the town of Mamurras. The tremor was felt in Tirana and in places as far away as Taranto, Italy, and Belgrade, Serbia, while the most affected areas were the coastal city of Durrës and the village of Kodër-Thumanë. Comprehensive response to the earthquake included substantial humanitarian aid from the Albanian diaspora and various countries around the world.
On 9 March 2020, COVID-19 was confirmed to have spread to Albania. From March to June 2020, the government declared a state of emergency as a measure to limit the virus's spread. The country's COVID-19 vaccination campaign started on 11 January 2021, but as of 11 August 2021, the total number of vaccines administered in Albania was 1,280,239 doses.


== Geography ==

Albania lies along the Mediterranean Sea on the Balkan Peninsula in South and Southeast Europe, and has an area of 28,748 km2 (11,100 sq mi). It is bordered by the Adriatic Sea to the west, Montenegro to the northwest, Kosovo to the northeast, North Macedonia to the east, Greece to the south, and the Ionian Sea to the southwest. It is between latitudes 42° and 39° N and longitudes 21° and 19° E. Geographic coordinates include Vërmosh at 42° 35' 34"" northern latitude as the northernmost point, Konispol at 39° 40' 0"" northern latitude as the southernmost, Sazan at 19° 16' 50"" eastern longitude as the westernmost, and Vërnik at 21° 1' 26"" eastern longitude as the easternmost. Mount Korab, rising at 2,764 m (9,068.24 ft) above the Adriatic, is the highest point, while the Mediterranean Sea, at 0 m (0.00 ft), is the lowest. The country extends 148 km (92 mi) from east to west and around 340 km (211 mi) from north to south.
Albania has a diverse and varied landscape with mountains and hills that traverse its territory in various directions. The country is home to extensive mountain ranges, including the Albanian Alps in the north, the Korab Mountains in the east, the Pindus Mountains in the southeast, the Ceraunian Mountains in the southwest, and the Skanderbeg Mountains in the centre. In the northwest is the Lake of Shkodër, Southern Europe's largest lake. Towards the southeast emerges the Lake of Ohrid, one of the world's oldest continuously existing lakes. Farther south, the expanse includes the Large and Small Lake of Prespa, some of the Balkans' highest lakes. Rivers rise mostly in the east and discharge into the Adriatic and Ionian Seas. The country's longest river, measured from mouth to source, is the Drin, which starts at the confluence of its two headwaters, the Black and White Drin. Of particular concern is the Vjosë, one of Europe's last intact large river systems.
In Albania forest cover is around 29.% of the total land area, equivalent to 788,900 hectares (ha) of forest in 2020, up from 788,800 hectares (ha) in 1990. Of the naturally regenerating forest 11% was reported to be primary forest (consisting of native tree species with no clearly visible indications of human activity) and around 0% of the forest area was found within protected areas. For the year 2015, 97% of the forest area was reported to be under public ownership, 3% private ownership and 0% with ownership listed as other or unknown.


=== Climate ===

The climate of Albania exhibits a distinguished level of variability and diversity due to the differences in latitude, longitude and altitude. Albania experiences a Mediterranean and Continental climate, characterised by the presence of four distinct seasons. According to the Köppen classification, Albania encompasses five primary climatic types, spanning from Mediterranean and subtropical in the western half to oceanic, continental and subarctic in the eastern half of the country. The coastal regions along the Adriatic and Ionian Seas in Albania are acknowledged as the warmest areas, while the northern and eastern regions encompassing the Albanian Alps and the Korab Mountains are recognised as the coldest areas in the country. Throughout the year, the average monthly temperatures fluctuate, ranging from −1 °C (30 °F) during the winter months to 21.8 °C (71.2 °F) in the summer months. Notably, the highest recorded temperature of 43.9 °C (111.0 °F) was observed in Kuçovë on 18 July 1973, while the lowest temperature of −29 °C (−20 °F) was recorded in Shtyllë, Librazhd on 9 January 2017.
Albania receives most of the precipitation in winter months and less in summer months. The average precipitation is about 1,485 millimetres (58.5 inches). The mean annual precipitation ranges between 600 and 3,000 millimetres (24 and 118 inches) depending on geographical location. The northwestern and southeastern highlands receive the intenser amount of precipitation, whilst the northeastern and southwestern highlands as well as the Western Lowlands the more limited amount. The Albanian Alps in the far north of the country are considered to be among the most humid regions of Europe, receiving at least 3,100 mm (122.0 in) of rain annually. Four glaciers within these mountains were discovered at a relatively low altitude of 2,000 metres (6,600 ft), which is extremely rare for such a southerly latitude.


=== Biodiversity ===

A biodiversity hotspot, Albania possesses an exceptionally rich and contrasting biodiversity on account of its geographical location at the centre of the Mediterranean Sea and the great diversity in its climatic, geological and hydrological conditions. Because of remoteness, the mountains and hills of Albania are endowed with forests, trees and grasses that are essential to the lives for a wide variety of animals, among others for two of the most endangered species of the country, the lynx and brown bear, as well as the wildcat, grey wolf, red fox, golden jackal, Egyptian vulture and golden eagle, the latter constituting the national animal of the country.
The estuaries, wetlands and lakes are extraordinarily important for the greater flamingo, pygmy cormorant and the extremely rare and perhaps the most iconic bird of the country, the dalmatian pelican. Of particular importance are the Mediterranean monk seal, loggerhead sea turtle and green sea turtle that use to nest on the country's coastal waters and shores.
In terms of phytogeography, Albania is part of the Boreal Kingdom and stretches specifically within the Illyrian province of the Circumboreal and Mediterranean Region. Its territory can be subdivided into four terrestrial ecoregions of the Palearctic realm namely within the Illyrian deciduous forests, Balkan mixed forests, Pindus Mountains mixed forests and Dinaric Mountains mixed forests.
Approximately 3,500 different species of plants can be found in Albania which refers principally to a Mediterranean and Eurasian character. The country maintains a vibrant tradition of herbal and medicinal practices. At the minimum 300 plants growing locally are used in the preparation of herbs and medicines. The trees within the forests are primarily fir, oak, beech and pine.


=== Conservation ===

Albania has been an active participant in numerous international agreements and conventions aimed at strengthing its commitment to the preservation and sustainable management of biological diversity. Since 1994, the country is a party to the Convention on Biological Diversity (CBD) and its associated Cartagena and Nagoya Protocols. To uphold these commitments, it has developed and implemented a comprehensive National Biodiversity Strategy and Action Plan (NBSAP). Furthermore, Albania has established a partnership with the International Union for Conservation of Nature (IUCN), advancing its conservation efforts on both national and international scales. Guided by the IUCN, the country has made substantial progress in the foundation of protected areas within its boundaries, encompassing 12 national parks among others Butrint, Karaburun-Sazan, Llogara, Prespa and Vjosa.
As a signatory to the Ramsar Convention, Albania has granted special recognition upon four wetlands, designating them as Wetlands of International Importance, including Buna-Shkodër, Butrint, Karavasta and Prespa. The country's dedication to protection extends further into the sphere of UNESCO's World Network of Biosphere Reserves, operating within the framework of the Man and the Biosphere Programme, evidenced by its engagement in the Ohrid-Prespa Transboundary Biosphere Reserve. Furthermore, Albania is host to two natural World Heritage Sites, which encompass the Ohrid region and both the Gashi River and Rrajca as part of Ancient and Primeval Beech Forests of the Carpathians and Other Regions of Europe.


==== Protected areas ====

The protected areas of Albania are areas designated and managed by the Albanian government. There are 12 national parks, 4 ramsar sites, 1 biosphere reserve and 786 other types of conservation reserves in Albania. Located in the north, the Albanian Alps National Park, comprising the former Theth National Park and Valbonë Valley National Park, is surrounded amidst the towering peaks of the Albanian Alps. In the east, portions of the rugged Korab, Nemërçka and Shebenik Mountains are conserved within the boundaries of Fir of Hotovë-Dangëlli National Park, Shebenik National Park and Prespa National Park, with the latter encompassing Albania's share of the Great and Small Lakes of Prespa.
To the south, the Ceraunian Mountains define the Albanian Ionian Sea Coast, shaping the landscape of Llogara National Park, which extends into the Karaburun Peninsula, forming the Karaburun-Sazan Marine Park. Further southward lies Butrint National Park, occupying a peninsula surrounded by the Lake of Butrint and the Channel of Vivari. In the west, stretching along the Albanian Adriatic Sea Coast, the Divjakë-Karavasta National Park boasts the extensive Lagoon of Karavasta, one of the largest lagoon systems in the Mediterranean Sea. Notably, Europe's first wild river national park, Vjosa National Park, safeguards the Vjosa River and its primary tributaries, which originates in the Pindus Mountains and flows to the Adriatic Sea. Dajti Mountain National Park, Lurë-Dejë Mountain National Park and Tomorr Mountain National Park protect the mountainous terrain of the centre of Albania, including the Tomorr and Skanderbeg Mountains.


==== Environmental issues ====

Environmental issues in Albania notably encompass air and water pollution, climate change impacts, waste management shortcomings, biodiversity loss and imperative for nature conservation.
Climate change is predicted to exert significant impacts on the quality of life in Albania. Albania is one of the European countries most at risk and vulnerable to natural disasters. Natural disasters, such as floods, forest fires, and landslides, are increasing in Albania due to climate change, causing significant damage. Rising sea levels are anticipated to negatively impact coastal communities and the tourism industry.
In 2023 Albania emitted 7.67 million tonnes of greenhouse gases, equivalent to 2.73 tonnes per person, making it a relatively low emitting country. Albania has pledged a 20.9% reduction in GHG emissions by 2030, and net zero by 2050.
The country has a moderate and improving performance in the Environmental Performance Index with an overall ranking of 62 out of 180 countries in 2022. However, Albania's ranking has decreased since its highest placement at position 15 in the Environmental Performance Index of 2012.


== Politics ==

Since declaring independence in 1912, Albania has experienced a significant political transformation, traversing through distinct periods that included a monarchical rule, a communist regime and the eventual establishment of a democratic order. In 1998, Albania transitioned into a sovereign parliamentary constitutional republic, marking a fundamental milestone in its political evolution. Its governance structure operates under a constitution that serves as the principal document of the country. The constitution is grounded in the principle of the separation of powers, with three arms of government that encompass the legislative embodied in the Parliament, the executive led by the President as the ceremonial head of state and the Prime Minister as the functional head of government, and the judiciary with a hierarchy of courts, including the constitutional and supreme courts as well as multiple appeal and administrative courts.
Albania's legal system is structured to protect its people's political rights, regardless of their ethnic, linguistic, racial, or religious affiliations. Despite these principles, there are significant human rights concerns in Albania that demand attention. These concerns include issues related to the independence of the judiciary, the absence of a free media sector and the enduring problem of corruption within various governmental bodies, law enforcement agencies and other institutions. As Albania pursues its path towards EU membership, active efforts are being made to achieve substantial improvements in these areas to align with EU criteria and standards.


=== Administrative divisions ===

Albania is defined within a territorial area of 28,748 km2 (11,100 sq mi) in the Balkan Peninsula. It is informally divided into three regions, the Northern, Central and Southern Regions. Since its Declaration of Independence in 1912, Albania has reformed its internal organisation 21 times. Presently, the primary administrative units are the twelve constituent counties (qarqe/qarqet), which hold equal status under the law. Counties had previously been used in the 1950s and were recreated on 31 July 2000 to unify the 36 districts (rrathë/rrathët) of that time. The largest county in Albania by population is Tirana County with over 800,000 people. The smallest county, by population, is Gjirokastër County with over 70,000 people. The largest county, by area, is Korçë County encompassing 3,711 square kilometres (1,433 sq mi) of the southeast of Albania. The smallest county, by area, is Durrës County with an area of 766 square kilometres (296 sq mi) in the west of Albania.
The counties are made up of 61 second-level divisions known as municipalities (bashki/bashkia). The municipalities are the first level of local governance, responsible for local needs and law enforcement. They unified and simplified the previous system of urban and rural municipalities or communes (komuna/komunat) in 2015. For smaller issues of local government, the municipalities are organised into 373 administrative units (njësia/njësitë administrative). There are also 2980 villages (fshatra/fshatrat), neighborhoods or wards (lagje/lagjet), and localities (lokalitete/lokalitetet) previously used as administrative units.


=== Foreign relations ===

Emerging from decades of isolation following the fall of communism, Albania has adopted a foreign policy orientation centred on active cooperation and engagement in international affairs. At the core of Albania's foreign policies lie a set of objectives, which encompass the commitment to protect its sovereignty and territorial integrity, the cultivation of diplomatic ties with other countries, advocating for international recognition of Kosovo, addressing the concerns related to the expulsion of Cham Albanians, pursuing Euro-Atlantic integration and protecting the rights of the Albanians in Kosovo, Greece, Italy, Montenegro, North Macedonia, Serbia and the diaspora.
The external affairs of Albania underscore the country's dedication to regional stability and integration into major international institutions. Albania became a member of the United Nations (UN) in 1955, shortly after emerging from a period of isolation during the communist era. The country reached a major achievement in its foreign policy by securing NATO membership in 2009. Since obtaining candidate status in 2014, the country has also embarked on a comprehensive reform agenda to align itself with European Union (EU) accession standards, with the objective of becoming an EU member state.
Albania and Kosovo maintain a fraternal relationship strengthened by their substantial cultural, ethnical and historical ties. Both countries foster enduring diplomatic ties, with Albania actively supporting Kosovo's development and international integration efforts. Its fundamental contribution to Kosovo's path to independence is underscored by its early recognition of Kosovo's sovereignty in 2008. Furthermore, both governments hold annual joint meetings, displayed by the inaugural meeting in 2014, which serves as an official platform to enhance bilateral cooperation and reinforce their joint commitment to policies that promote the stability and prosperity of the broader Albanian region.


=== Military ===

The Albanian Armed Forces consist of Land, Air and Naval Forces and constitute the military and paramilitary forces of the country. They are led by a commander-in-chief under the supervision of the Ministry of Defence and by the President as the supreme commander during wartime. However, in times of peace its powers are executed through the Prime Minister and the Defence Minister.
The chief purpose of the armed forces of Albania is the defence of the independence, the sovereignty and the territorial integrity of the country, as well as the participation in humanitarian, combat, non-combat and peace support operations. Military service is voluntary since 2010 with the age of 19 being the legal minimum age for the duty.
Albania has committed to increase the participations in multinational operations. Since the fall of communism, the country has participated in six international missions but only one United Nations mission in Georgia, where it sent three military observers. Since February 2008, Albania has participated officially in NATO's Operation Active Endeavor in the Mediterranean Sea. It was invited to join NATO on 3 April 2008, and it became a full member on 2 April 2009.
Albania reduced the number of active troops from 65,000 in 1988 to 14,500 in 2009. The military now consists mainly of a small fleet of aircraft and sea vessels. Increasing the military budget was one of the most important conditions for NATO integration. As of 1996 military spending was an estimated 1.5% of the country's GDP, only to peak in 2009 at 2% and fall again to 1.5%.


=== Human rights ===

Nearly 60% of women in rural areas suffer physical or psychological violence and nearly 8% are victims of sexual violence.
Protection orders are often violated.
In 2014 the Albanian Helsinki Committee (AHC) reported that the number of female murder victims is still high. The Commissioner for Protection from Discrimination has raised concerns regarding the family registration law that discriminates against women. As a result, heads of households, who are overwhelmingly men, have the right to change family residency without their partners' permission.
In 2015, the association ILGA-Europe ranked Albania 19th in terms of LGBT rights out of 49 observed European countries. On the latest report in 2022, lack of progress caused Albania to be ranked the 28th country in Europe, among 49 countries observed.


== Economy ==

Transitioning from a socialist planned to a capitalist mixed economy, Albania is classified as a developing open market with an upper-middle income status. The Albanian economy is characterised by a substantial service sector, comprising 48.6% of GDP, with key contributions from wholesale and retail trade, tourism, real estate, and logistics. Following this, the industrial sector accounts for 20.2%, particularly influenced by construction, while the agricultural sector, including forestry, and fisheries, represents 18.5%, and the manufacturing sector contributes a modest 6.3% to the economy. As of 2025, Albania's nominal gross domestic product (GDP) is reported at $26.911 million with a GDP per capita of $9,474. The projected annual percentage change in economic growth for 2025 is 3.8%, with a forecasted moderation to 3.5% by 2029.
Albania has developed a comprehensive framework for international trade through several pivotal agreements with various regions. The Stabilisation and Association Agreement (SAA) with the European Union (EU), signed in 2006, is one of the most significant. This agreement provides critical trade benefits and serves as a foundation for the Albanian integration into the EU. In 2009, Albania signed a free trade agreement (FTA) with the European Free Trade Association (EFTA), which further expands trade opportunities and market access. The country is also a signatory to the Central European Free Trade Agreement (CEFTA) and Organization of the Black Sea Economic Cooperation (BSEC), promoting regional trade and collaboration with neighboring countries. Fruthermore, the country has enhanced its bilateral trade relations through a FTA with Turkey, the United Kingdom and a bilateral investment treaty with the United States.
The 2023 Economic Freedom of the World report placed Albania in the 31st position, noting a considerable degree of economic independence and the effective adoption of market-oriented policies. The 2024 Bertelsmann Transformation Index ranked Albania 20th and acknowledged substantial progress in political and economic transformation. Also in 2024, the country was positioned 23rd in the Global Gender Gap Index, excelling in the Economic Participation and Opportunity category with a global ranking of 16th, showcasing significant advancements in women's economic participation. However, the Albanian economy, despite demonstrating considerable resilience, encounters substantial vulnerabilities that hinder its development. Principal challenges include widespread corruption, distorted competition, and frequent modifications to fiscal legislation. Furthermore, inadequate contract enforcement, a large informal sector, and persistent labor shortages further complicate the national economic progress.
Economic landscape of Albania is characterised by regional disparities, particularly apparent in the concentration of economic activities in the triangular region formed by Tirana, Durrës and Laç. This metropolitan area, referred to as Durana, functions as the principal economic center of Albania. In the year 2021, Tirana County accounted for a significant 44% of the national GDP, with the counties of Fier and Durrës also playing integral roles in the economy, contributing 11% and 10% to the GDP, respectively. Other substantial economic centers, such as Elbasan and the coastal cities of Sarandë and Vlorë, highlight the uneven distribution of economic development across the country. Cultural regions, including Berat and Korçë, despite their geographical distance from the primary economic hubs, have derived considerable benefits from the expansion of the tourism sector.


=== Primary sector ===

Albania produces significant amounts of fruits (apples, olives, grapes, oranges, lemons, apricots, peaches, cherries, figs, sour cherries, plums, and strawberries), vegetables (potatoes, tomatoes, maize, onions, and wheat), sugar beets, tobacco, meat, honey, dairy products, traditional medicine and aromatic plants. Further, the country is a worldwide significant producer of salvia, rosemary and yellow gentian. The country's proximity to the Ionian Sea and the Adriatic Sea give the underdeveloped fishing industry great potential. The World Bank and European Community economists report that, Albania's fishing industry has good potential to generate export earnings because prices in the nearby Greek and Italian markets are many times higher than those in the Albanian market. The fish available off the coasts of the country are carp, trout, sea bream, mussels and crustaceans.
Albania has one of Europe's longest histories of viticulture. Today's region was one of the few places where vine was naturally grown during the ice age. The oldest found seeds in the region are 4,000 to 6,000 years old. In 2009, the nation produced an estimated 17,500 tonnes of wine.


=== Secondary sector ===

Albania's secondary sector has undergone many changes and diversification since the communist regime collapsed. It is very diversified, from electronics, manufacturing, textiles, to food, cement, mining, and energy. The Antea Cement plant in Fushë-Krujë is considered one of the nation's largest industrial greenfield investments. Albanian oil and gas is one of the most promising, albeit strictly regulated, sectors of its economy. Albania has the second-largest oil deposits in the Balkan peninsula after Romania, and the largest oil reserves in Europe. The Albpetrol company is owned by the Albanian state and monitors the state petroleum agreements in the country. The textile industry has seen an extensive expansion by approaching companies from the European Union (EU) in Albania. According to the Instituti i Statistikës (INSTAT), as of 2016, textile production had an annual growth of 5.3% and an annual turnover of around 1.5 billion euros.
Albania is a significant minerals producer and ranks among the world's leading chromium producers and exporters. The nation is also a notable producer of copper, nickel, and coal. The Batra mine, Bulqizë mine, and Thekna mine are among the most recognised Albanian mines still in operation.


=== Tertiary sector ===

The tertiary sector represents the fastest growing sector of the country's economy. 36% of the population work in the service sector which contributes to 65% of the country's GDP. Ever since the end of the 20th century, the banking industry is a major component of the tertiary sector and remains in good conditions overall due to privatisation and the commendable monetary policy.
Previously one of the most isolated and controlled countries in the world, telecommunication industry represents nowadays another major contributor to the sector. It developed largely through privatisation and subsequent investment by both domestic and foreign investors. Eagle, Vodafone and Telekom Albania are the leading telecommunications service providers in the country.
Tourism is recognised as an industry of national importance and has been steadily increasing since the beginnings of the 21st century. It directly accounted for 8.4% of GDP in 2016 though including indirect contributions pushes the proportion to 26%. In the same year, the country received approximately 4.74 million visitors mostly from across Europe and the United States as well.
The increase of foreign visitors has been dramatic. Albania had only 500,000 visitors in 2005, and an estimated 4.2 million in 2012, an increase of 740 percent. According to the United Nations World Tourism Organization (UN Tourism), Albania welcomed approximately 11.7 million tourists in 2024, marking a significant increase from previous years.
The bulk of the tourist industry is concentrated along the Adriatic and Ionian Sea in the west of the country. But the Albanian Riviera in the southwest has the most scenic and pristine beaches; its coastline has a considerable length of 446 kilometres (277 miles). The coast has a distinctive character, rich in varieties of virgin beaches, capes, coves, covered bays, lagoons, small gravel beaches, sea caves, and many landforms. Some parts of this seaside are very clean ecologically, including unexplored areas, which are very rare within the Mediterranean. Other attractions include the mountainous areas such as the Albanian Alps, Ceraunian Mountains and Korab Mountains but also the historical cities of Berat, Durrës, Gjirokastër, Sarandë, Shkodër and Korçë.


=== Transport ===

Transportation in Albania is managed within the functions of the Ministry of Infrastructure and Energy and entities such as the Albanian Road Authority (ARRSH), responsible for the construction and maintenance of the highways and motorways in Albania, as well as the Albanian Aviation Authority (AAC), with the responsibility of coordinating civil aviation and airports in the country.
The international airport of Tirana is the premier air gateway to the country, and is also the principal hub for Albania's national flag carrier airline, Air Albania. The airport carried more than 3.3 million passengers in 2019 with connections to many destinations in other countries around Europe, Africa and Asia. The country plans to progressively increase the number of airports especially in the south with possible locations in Sarandë, Gjirokastër and Vlorë.
The highways and motorways in Albania are properly maintained and often still under construction and renovation. The Autostrada 1 (A1) is an integral transportation corridor and the country's longest motorway. It is planned to link Durrës on the Adriatic Sea across Pristina in Kosovo with the Pan-European Corridor X in Serbia. The Autostrada 2 (A2) is part of the Adriatic–Ionian Corridor as well as the Pan-European Corridor VIII and connects Fier with Vlorë. The Autostrada 3 (A3) is under construction and after its completion will connect Tirana and Elbasan with the Pan-European Corridor VIII. When all three corridors are completed, Albania will have an estimated 759 kilometres (472 mi) of highway, linking it with all neighboring countries.
Durrës is the busiest and largest seaport in the country, followed by Vlorë, Shëngjin and Sarandë. As of 2014, it is as one of the largest passenger ports on the Adriatic Sea, with annual passenger volume of about 1.5 million. The principal ports serve a system of ferries connecting Albania with islands and coastal cities in Croatia, Greece, and Italy.
The rail network is administered by the national railway company Hekurudha Shqiptare, which was extensively promoted by Hoxha. There has been considerable increase in private car ownership and bus usage while rail use decreased since the end of communism. A new railway line from Tirana and its airport to Durrës is planned. The location of this railway, connecting Albania's most populated urban areas, makes it an important economic development project.


=== Energy ===

Due to its location and natural resources, Albania has a wide variety of energy resources, ranging from gas, oil, and coal to wind, solar, water, and other renewable sources. According to the World Economic Forum's 2023 Energy Transition Index (ETI), the country ranked 21st globally, highlighting the progress in its energy transition agenda. Currently, Albania's electricity generation sector depends on hydroelectricity, ranking fifth in the world in percentage terms. Increasing risks of river floods and droughts due to climate change is expected to put electricity generation at risk. The Drin, in the north, hosts four hydroelectric power stations, including Fierza, Koman, Skavica and Vau i Dejës. Two other power stations, such as the Banjë and Moglicë, are along the Devoll in the south.
Albania has considerable oil deposits. It has the 10th-largest oil reserves in Europe and the 58th in the world. The country's main petroleum deposits are located around the Albanian Adriatic Sea Coast and Myzeqe Plain within the Western Lowlands, where the country's largest reserve is located. Patos-Marinza, also located within the area, is the largest onshore oil field in Europe. The Trans Adriatic Pipeline (TAP), part of the planned Southern Gas Corridor, runs for 215 kilometres (134 miles) across Albania's territory before entering the Albanian Adriatic Sea Coast approximately 17 kilometres (11 miles) northwest of Fier.
Albania's water resources are particularly abundant in all the regions of the country and comprise lakes, rivers, springs, and groundwater aquifers. The country's available average quantity of fresh water is estimated at 129.7 cubic metres (4,580 cubic feet) per inhabitant per year, one of the highest rates in Europe. According to data presented by the Joint Monitoring Programme for Water Supply and Sanitation (JMP) in 2015, about 93% of the country's total population had access to improved sanitation.


=== Media ===

The freedom of press and speech, and the right to free expression is guaranteed in the constitution of Albania. Albania was ranked 84th on the Press Freedom Index of 2020 compiled by the Reporters Without Borders, with its score steadily declining since 2003. Nevertheless, in the 2020 report of Freedom in the World, the Freedom House classified the freedoms of press and speech in Albania as partly free from political interference and manipulation.
Radio Televizioni Shqiptar (RTSH) is the national broadcaster corporation of Albania operating numerous television and radio stations in the country. The three major private broadcaster corporations are Top Channel, Televizioni Klan and Vizion Plus whose content are distributed throughout Albania and beyond its territory in Kosovo and other Albanian-speaking territories.
Albanian cinema has its roots in the 20th century and developed after the country's declaration of independence. The first movie theater exclusively devoted to showing motion pictures was built in 1912 in Shkodër. During the People's Republic of Albania, Albanian cinema developed rapidly with the inauguration of the Kinostudio Shqipëria e Re in Tirana. In 1953, the Albanian-Soviet epic film, the Great Warrior Skanderbeg, was released chronicling the life and fight of the medieval Albanian hero Skanderbeg. It went on to win the international prize at the 1954 Cannes Film Festival. In 2003, the Tirana International Film Festival was established, the largest film festival in the country. The Durrës Amphitheatre is host to the Durrës International Film Festival, the second largest film festival.


=== Technology ===

After the fall of communism in 1991, human resources in sciences and technology in Albania have drastically decreased. As of various reports, during 1991 to 2005 approximately 50% of the professors and scientists of the universities and science institutions in the country have left Albania. In 2009, the government approved the National Strategy for Science, Technology and Innovation in Albania covering the period 2009 to 2015. It aims to triple public spending on research and development to 0.6% of GDP and augment the share of GDE from foreign sources, including the framework programmes for research of the European Union, to the point where it covers 40% of research spending, among others. Albania was ranked 84th in the Global Innovation Index in 2024.
Telecommunication represents one of the fastest growing and dynamic sectors in Albania. Vodafone Albania, Telekom Albania and Albtelecom are the three large providers of mobile and internet in Albania. As of the Electronic and Postal Communications Authority (AKEP) in 2018, the country had approximately 2.7 million active mobile users with almost 1.8 million active broadband subscribers. Vodafone Albania alone served more than 931,000 mobile users, Telekom Albania had about 605,000 users and Albtelecom had more than 272,000 users. In January 2023, Albania launched its first two satellites, Albania 1 and Albania 2, into orbit, in what was regarded as a milestone effort in monitoring the country's territory and identifying illegal activities. Albanian-American engineer Mira Murati, the Chief Technology Officer of research organisation OpenAI, played a substantial role in the development and launch of artificial intelligence services such as ChatGPT, Codex and DALL-E. In December 2023, Prime Minister Edi Rama announced plans for collaboration between the Albanian government and ChatGPT, facilitated by discussions with Murati. Rama emphasised the intention to streamline the alignment of Albanian laws with the regulations of the European Union, aiming to reduce costs associated with translation and legal services.


== Demographics ==

The demographic statistics of Albania, as revealed by the 2023 census conducted by the Instituti i Statistikave (INSTAT), indicated a population of 2,402,113, with a notable decline from the 2,821,977 recorded in the 2011 census. The decrease in inhabitants began after the disintegration of the communist regime in Albania and is associated with significant shifts within the political, economic, and social structure of Albania. A principal factor in this transition incorporates a decline in fertility rates coupled with an increase in emigration, both contributing to persistent demographic changes and challenges. It is forecast that the population will continue shrinking for the next decade at least, depending on the actual rates and the level of migration. Currently, the population density of Albania is measured at 83.6 inhabitants per square kilometer with a varied distribution of inhabitants across different regions. The counties of Tirana and Durrës showcase substantial concentrations of people, accounting for about 41% of the overall demographic of Albania, with 32% residing in Tirana and 9% in Durrës. Conversely, more peripheral and rural counties such as Gjirokastër and Kukës present significantly lower population densities, with each aiding 3% to the overall population.
Historically, the Albanian people have established several communities in many regions throughout Southern Europe. The Albanian diaspora has been formed since the late Middle Ages, when they emigrated to escape either various socio-political difficulties or the Ottoman conquest of Albania. Following the fall of communism, large numbers of Albanians have migrated to countries such as Australia, Canada, Switzerland, the United Kingdom and the United States. Albanian minorities are present in the neighbouring territories such as the west of North Macedonia, the southeast of Montenegro, Kosovo in its entirety and parts of southern Serbia. Altogether, the number of ethnic Albanians living abroad is estimated to be higher than the total population inside Albania. As much as a third of those born in the country's borders now live outside of it, making Albania one of the countries with the highest rate of outmigration relative to its population in the world. In 2022 the birth rate was 20% lower than in 2021, largely due to emigration of people of childbearing age.


=== Urbanisation ===

Subsequent to the collapse of communism in 1991, Albania has undergone a remarkable transformation in its urban landscape, emerging as one of the fastest urbanising countries in Europe. At the forefront of this transformation is the Tirana-Durrës agglomeration, a densely populated urban corridor situated along the western coast of Albania. This corridor has become the primary locus of population growth and settlement development, attracting a significant influx of internal migrants from the country's peripheral areas. Despite an overall decline of the country's total population, the proportion of the urban demographic has consistently progressed from 47% in 2001 to 65% in 2023. This sustained increase, coupled with the concentration in the Tirana-Durrës region, has led to a spread of regional imbalances, with the peripheral areas, particularly Dibër and Kukës, experiencing severe depopulation.


=== Language ===

The official language of the country is Albanian which is spoken by the vast majority of the country's population. Its standard spoken and written form is revised and merged from the two main dialects, Gheg and Tosk, though it is notably based more on the Tosk dialect. The Shkumbin river is the rough dividing line between the two dialects. Among minority languages, Greek is the second most-spoken language in the country, with 0.5 to 3% of the population speaking it as first language, mainly in the country's south where its speakers are concentrated. Other languages spoken by ethnic minorities in Albania include Aromanian, Serbian, Macedonian, Bosnian, Bulgarian, Gorani, and Roma. Macedonian is official in the Pustec Municipality in East Albania. In the 2023 population census, 91.07% reported Albanian as the language spoken at home. 1.54% declared to speak at home another language, 0.57% multiple languages, 1.21% gave no answer and 5.59% were unavailable.
Among young people aged 25 or less, English, German and Turkish have seen rising interest after 2000. Italian and French have had a stable interest, while Greek has lost much of its previous interest. The trends are linked with cultural and economic factors.
Young people have shown a growing interest in the German language in recent years. Some of them go to Germany for studying or various experiences. Albania and Germany have agreements for cooperating in helping young people of the two countries know both cultures better. Due to a sharp rise in economic relations with Turkey, interest in learning Turkish, in particular among young people, has been growing on a yearly basis.


=== Minorities ===

Designated national and cultural minorities in Albania include Aromanian, Greek, Macedonian, Montenegrin, Serb, Roma, Egyptian, Bosnian and Bulgarian peoples, as well as Gorani and Jews as other minority groups. The 2023 census recorded the ethnic composition as Albanians 2,186,917 (91,04% of the total), Greeks 23,485 (0,98%), Macedonians 2,281 (0,09%), Montenegrins 511 (0,02%), Aromanians 2,459 (0,1%), Roma 9,813 (0.4%), Balkan Egyptians 12,375 (0,5%), Bosnians 2,963 (0,12%), Serbians 584 (0,02%), Bulgarians 7,057 (0,29%), mixed ethnicities 770 (0.03%), other ethnicities 3,798 (0.15%), and 134,451 (5.60%) with unspecified ethnicity, out of a total population of 2,402,113.


=== Religion ===

Albania is a secular and religiously diverse country with no official religion. Freedom of religion, belief and conscience are guaranteed under the country's constitution. As of the 2023 Census, there were 1,101,718 (45.86%) Sunni Muslims, 201,530 (8.38%) Catholics, 173,645 (7.22%) Eastern Orthodox, 115,644 (4.81%) Bektashi Muslims, 9,658 (0.4%) Evangelicals, 3,670 (0.15%) of other religions, 332,155 (13.82%) believers without denomination, 85,311 (3.55%) Atheists and 378,782 (15.76%) did not provide an answer. Albania is nevertheless ranked among the least religious countries in the world. Religion constitute an important role in the lives of only 39% of the country's population. In another report, 56% considered themselves religious, 30% considered themselves non-religious, while 9% defined themselves as convinced atheists. 80% believed in God.
The Muslim Albanians are spread throughout the country. Orthodox and Bektashis are mostly found in the south, whereas Catholics mainly live in the north. In 2008, there were 694 Catholic churches and 425 orthodox churches, 568 mosques and 70 bektashi takyas in the country.
During modern times, the Albanian republican, monarchic and later communist regimes followed a systematic policy of separating religion from official functions and cultural life. The country has never had an official religion either as a republic or as a kingdom. In the 20th century, the clergy of all faiths was weakened under the monarchy and ultimately eradicated during the 1950s and 1960s, under the state policy of obliterating all organised religion from the territories of Albania. The communist regime persecuted and suppressed religious observance and institutions and entirely banned religion. The country was then officially declared to be the world's first atheist state. Religious freedom has returned, however, since the end of communism.
Islam survived communist era persecution and reemerged in the modern era as a practised religion in Albania. Some smaller Christian sects in Albania include Evangelicals and several Protestant communities including Seventh-day Adventist Church, Church of Jesus Christ of Latter-day Saints and Jehovah's Witnesses. The first recorded Protestant of Albania was Said Toptani, who travelled around Europe and returned to Tirana in 1853, where he preached Protestantism. The first evangelical Protestants appeared in the 19th century and the Evangelical Alliance was founded in 1892. Nowadays, it has 160 member congregations from different Protestant denominations. Following mass emigration to Israel after the fall of communism, there are only 200 Albanian Jews left in the country.


=== Education ===

In Albania, education is secular, free, compulsory, and based on three levels. The academic year is apportioned into two semesters, beginning in September or October and ending in June or July. Albanian is the primary language of instruction in the country's academic institutions. The study of a first foreign language is mandatory and taught most often at elementary and bilingual schools. Languages taught in schools are English, Italian, French and German. Albania has a school life expectancy of 16 years and a literacy rate of 98.7%, with 99.2% for men and 98.3% for women.
Compulsory primary education is divided into two levels, elementary and secondary school, from grade one to five and six to nine, respectively. Pupils are required to attend school from the age six until they turn 16. Upon successful completion of primary education, all pupils are entitled to attend high schools, specialising in any field, including arts, sports, languages, sciences, and technology.
Tertiary education is optional and has undergone a thorough reformation and restructuring in compliance with the principles of the Bologna Process. There are a significant number of private and public institutions of higher education in Albania's major cities. Tertiary education is organised into three successive levels, the bachelor, master, and doctorate.


=== Health ===

The constitution of Albania guarantees its citizens equal, free, and universal health care. The health care system is organised into primary, secondary, and tertiary healthcare, and is in a process of modernisation and development. The life expectancy at birth in Albania is 77.8 years, ranking 37th in the world and surpassing several developed countries. The average healthy life expectancy is 68.8 years, ranking 37th in the world. The country's infant mortality rate was estimated at 12 per 1,000 live births in 2015. In 2000, the country had the world's 55th-best healthcare performance, as defined by the World Health Organisation (WHO).
Cardiovascular disease is the principal cause of death in Albania, accounting for 52% of deaths. Accidents, injuries, malignant and respiratory diseases are other primary causes of death. Neuropsychiatric disease has also increased due to recent demographic, social, and economic changes in the country.
In 2009, Albania had a fruit and vegetable supply of 886 grams per capita per day, the fifth-highest supply in Europe. Compared to other developed and developing countries, Albania has a relatively low rate of obesity, probably thanks to the Mediterranean diet. According to 2016 WHO data, 21.7% of adults in the country are clinically overweight, with a Body mass index (BMI) score of 25 or more.


== Culture ==


=== Symbols ===

The red and black national colours are displayed on the flag of Albania that is adorned with a double-headed eagle as the foremost recognised national symbol of Albania. With the black eagle portraying bravery and strength, the red field symbolises the fortitude and sacrifices of the Albanian people. The eagle is linked with the legacy of the national hero Gjergj Kastrioti, renowned as Skanderbeg, who led a prosperous resistance movement against Ottoman rule. Rooted in the Middle Ages, it emerged as a heraldic symbol in the Principality of Arbër and among notable Albanian dynasties such as the Dukagjini, Kastrioti, Muzaka and Thopia clans. Amid the Albanian Renaissance, marking the resurgence of Albanian national identity and aspirations for independence, the Albanian eagle regained its prominence. Its importance reached its culmination with Albania's declaration of independence in 1912, when Ismail Qemali raised it as the national flag in Vlorë.
The coat of arms of Albania is an adaptation of the flag of Albania and the seal of Skanderbeg. The coat comprises the black double-headed eagle positioned at the centre of a red field. Above the eagle, it carries the helmet of Skanderbeg that is crowned with the head of a golden horned goat. Ti Shqipëri, më jep nder, më jep emrin Shqipëtar, which translates to ""You Albania, give me honour, give me the name Albanian"", is the national motto of Albania. It finds its foundation in the legacy of national poet Naim Frashëri, who held a renowned role during the Albanian Renaissance. The national anthem of Albania, ""Himni i Flamurit"", was composed by Asdreni and adopted as such following Albania's independence in 1912.


=== Clothing ===

Albanian traditional clothing, with its contrasting variations for the northern Gheg and southern Tosk Albanians, is a testament to Albania's history, cultural diversity and ethnic identity. Gheg men wear a light-colored shirt paired with wide loose-fitting trousers referred to as the Tirq. These trousers are securely fastened by a wide woven belt, the Brez. An integral component of their costume is the Xhamadan, a woolen red velvet vest adorned with folkloric motifs and gold patterns. They also wear a distinctive dome-shaped hat known as the Qeleshe, crafted from wool, with its origins tracing back to the Illyrians. Conversely, Tosk men opt for the Fustanella, a knee-length garment designated as the national costume, typically white with pleats, accompanied by a white shirt. They also wear a beige or dark blue Xhamadan reminiscent of the Gheg attire. To complete their attire, men wear knee-high socks referred to as Çorape and leather shoes known as Opinga.
The attire of Gheg and Tosk women is renowned for its rich palette of colors and intricate filigree detailing, displayed across various components including ear ornaments, finger rings, necklaces, belt buckles and buttons. Key components include a long, light-toned shirt paired with an apron, often accompanied by a woolen or felt mantle referred to as the Xhoka. Additional upper garments, such as the Dollama or Mintan, may be layered, along with a headscarf known as Kapica or Shall. A distinctive variation incorporates a pair of aprons, including the Pështjellak at the rear and the Paranik at the front. Integral to the traditional attire of Gheg women is the ancient Xhubleta. Dedicated efforts have been undertaken to preserve and promote the dress, acknowledging its significance as an emblem of Albanian heritage. As a testament to its importance, the Xhubleta has been inscribed on the UNESCO Intangible Cultural Heritage List. The distinctive bell-shaped garment is fashioned in black and enriched with embroidered ethnic Albanian motifs, showcasing the remarkable craftsmanship of northern Albania. Its crafting process involves multiple intricate stages, encompassing the preparation of shajak fabric and the precise cutting techniques.


=== Art and architecture ===

The artistic history of Albania has been particularly influenced by a multitude of ancient and medieval people, traditions and religions. It covers a broad spectrum with mediums and disciplines that include painting, pottery, sculpture, ceramics and architecture all of them exemplifying a great variety in style and shape, in different regions and period.
The rise of the Byzantine and Ottoman Empire in the Middle Ages was accompanied by a corresponding growth in Christian and Islamic art in the lands of Albania which are apparent in examples of architecture and mosaics throughout the country. Centuries later, the Albanian Renaissance proved crucial to the emancipation of the modern Albanian culture and saw unprecedented developments in all fields of literature and art whereas artists sought to return to the ideals of Impressionism and Romanticism. However, Onufri, Kolë Idromeno, David Selenica, Kostandin Shpataraku and the Zografi Brothers are the most eminent representatives of Albanian art.
The architecture of Albania reflects the legacy of various civilisations tracing back to the classical antiquity. Major cities in Albania have evolved from within the castle to include dwellings, religious and commercial structures, with constant redesigning of town squares and evolution of building techniques. Nowadays, the cities and towns reflect a whole spectrum of various architectural styles. In the 20th century, many historical as well as sacred buildings bearing the ancient influence were demolished during the communist era.
Ancient architecture is found throughout Albania and most visible in Byllis, Amantia, Phoenice, Apollonia, Butrint, Antigonia, Shkodër and Durrës. Considering the long period of rule of the Byzantine Empire, they introduced castles, citadels, churches and monasteries with spectacular wealth of visible murals and frescos. Perhaps the best known examples can be found in the southern Albanian cities and surroundings of Korçë, Berat, Voskopojë and Gjirokastër. Involving the introduction of Ottoman architecture there was a development of mosques and other Islamic buildings, particularly seen in Berat and Gjirokastër.

A productive period of Historicism, Art Nouveau and Neoclassicism merged into the 19th century, best exemplified in Korçë. The 20th century brought new architectural styles such as the modern Italian style, which is present in Tirana such as the Skanderbeg Square and Ministries. It is also present in Shkodër, Vlorë, Sarandë and Durrës. Moreover, other towns received their present-day Albania-unique appearance through various cultural or economic influences.
Socialist classicism arrived during the communist era in Albania after the Second World War. At this period many socialist-styled complexes, wide roads and factories were constructed, while town squares were redesigned and numerous of historic and important buildings demolished. Notable examples of that style include the Mother Teresa Square, Pyramid of Tirana, Palace of Congresses and so on.
Three Albanian archaeological sites are included in the list of UNESCO World Heritage Sites. These include the ancient remains of Butrint, the medieval Historic Centres of Berat and Gjirokastër, and Natural and Cultural Heritage of the Ohrid region site shared with North Macedonia since 2019. Furthermore, the royal Illyrian tombs, the remains of Apollonia, the ancient Amphitheatre of Durrës and the Fortress of Bashtovë has been included on the tentative list of Albania.


=== Music ===

Albanian folk music is a prominent part of the national identity, and continues to play a major part in overall Albanian music. Folk music can be divided into two stylistic groups, mainly the northern Gheg varieties, and southern Lab and Tosk varieties. Northern and southern traditions are contrasted by a rugged tone from the north, and the more relaxed southern form of music.
Many songs concern events from Albanian history and culture, including traditional themes of honour, hospitality, treachery, and revenge. The first compilation of Albanian folk music was made by two Himariot musicians, Neço Muka and Koço Çakali, in Paris, during their work with Albanian soprano Tefta Tashko-Koço. Several gramophone compilations were recorded at the time by the three artists, which eventually led to the recognition of Albanian iso-polyphony as a UNESCO Intangible Cultural Heritage.
Festivali i Këngës is a traditional Albanian song contest organised by the national broadcaster Radio Televizioni Shqiptar (RTSH). The festival is celebrated annually since its inauguration in 1962 and has launched the careers of some of Albania's most successful singers including Vaçe Zela and Parashqevi Simaku. It is significantly a music competition among Albanian performers presenting unreleased songs in premiere, composed by Albanian authors and voted by juries or by public.
Contemporary artists Rita Ora, Bebe Rexha, Era Istrefi, Dua Lipa, Ava Max, Bleona, Elvana Gjata, Ermonela Jaho, and Inva Mula have achieved international recognition for their music, while soprano Ermonela Jaho has been described by some as the ""world's most acclaimed soprano"". Albanian opera singer Saimir Pirgu was nominated for the 2017 Grammy Award.


=== Literature ===

The cultural renaissance was first of all expressed through the development of the Albanian language in the area of church texts and publications. The Protestant reforms invigorated hopes for the development of the local language and literary tradition, when cleric Gjon Buzuku translated the Catholic liturgy into Albanian, trying to do for Albanian what Martin Luther had done for German. Meshari (The Missal) written by Gjon Buzuku was published in 1555 and is considered one of the first literary work of written Albanian during the Middle Ages. The refined level of the language and the stabilised orthography must be the result of an earlier tradition of written Albanian, a tradition that is not well understood. However, there is some fragmented evidence, pre-dating Buzuku, which indicates that Albanian was written from at least the 14th century.

Albanian writings from these centuries must not have been religious texts only, but historical chronicles too. They are mentioned by the humanist Marin Barleti, who in his book Siege of Shkodër (Rrethimi i Shkodrës) from 1504, confirms that he leafed through such chronicles written in the language of the people (in vernacula lingua) as well as his famous biography of Skanderbeg Historia de vita et gestis Scanderbegi Epirotarum principis (History of Skanderbeg) from 1508. The History of Skanderbeg is still the foundation of Skanderbeg studies and is considered an Albanian cultural treasure, vital to the formation of Albanian national self-consciousness.
During the 16th and the 17th centuries, the catechism (E mbësuame krishterë) (Christian Teachings) from 1592 written by Lekë Matrënga, (Doktrina e krishterë) (The Christian Doctrine) from 1618 and (Rituale romanum) 1621 by Pjetër Budi, the first writer of original Albanian prose and poetry, an apology for George Castriot (1636) by Frang Bardhi, who also published a dictionary and folklore creations, the theological-philosophical treaty Cuneus Prophetarum (The Band of Prophets) (1685) by Pjetër Bogdani, the most universal personality of Albanian Middle Ages, were published in Albanian. The most famous Albanian writer in the 20th and 21st century is probably Ismail Kadare.


=== Cuisine ===

Throughout the centuries, Albanian cuisine has been widely influenced by Albanian culture, geography and history, and as such, different parts of the country enjoy specific regional cuisines. Cooking traditions especially vary between the north and the south, owing to differing topography and climate that essentially contribute to the excellent growth conditions for a wide array of herbs, fruits, and vegetables.
Albanians produce and use many varieties of fruits such as lemons, oranges, figs, and most notably, olives, which are perhaps the most important element of Albanian cooking. Spices and other herbs such as basil, lavender, mint, oregano, rosemary, and thyme are widely used, as are vegetables such as garlic, onions, peppers, potatoes, tomatoes, as well as legumes of all types.
With a coastline along the Adriatic and Ionian in the Mediterranean Sea, fish, crustaceans, and seafood are a popular and an integral part of the Albanian diet. Otherwise, lamb is the traditional meat for different holidays and religious festivals for both Christians and Muslims, although poultry, beef, and pork are also in plentiful supply.

Tavë kosi (""soured milk casserole"") is the national dish of Albania, consisting of lamb and rice baked under a thick, tart veil of yoghurt. Fërgesë is another national dish, made up of peppers, tomatoes, and cottage cheese. Pite is also popular, a baked pastry with a filling of a mixture of spinach and gjizë (curd) or mish (ground meat).
Petulla, a traditional fried dough, is also a popular speciality, and is served with powdered sugar or feta cheese and different sorts of fruit jams. Flia consists of multiple crêpe-like layers brushed with cream and served with sour cream. Krofne, similar to Berliner doughnuts, are filled with jam, or chocolate and often eaten during winter.
Coffee is an integral part of the Albanian lifestyle. The country has more coffee houses per capita than any other country in the world. Tea is also enjoyed both at home or outside at cafés, bars, or restaurants. Çaj Mali (Sideritis tea) is enormously beloved, and a part of the daily routine for most Albanians. It is cultivated across Southern Albania and noted for its medicinal properties. Black tea is also popular.
Albanian wine is also common throughout the country, and has been cultivated for thousands of years. Albania has a long and ancient history of wine production, and belongs to the Old World of wine producing countries.


=== Sports ===

Albania participated at the Olympic Games in 1972 for the first time. The country made their Winter Olympic Games debut in 2006. Albania missed the next four games, two of them due to the 1980 and 1984 boycotts, but returned for the 1992 games in Barcelona. Since then, Albania have participated in all games. Albania normally competes in events that include swimming, athletics, weightlifting, shooting and wrestling. The country have been represented by the National Olympic Committee of Albania since 1972. The nation has participated at the Mediterranean Games since the games of 1987 in Syria. The Albanian athletes have won a total of 43 (8 gold, 17 silver and 18 bronze) medals from 1987 to 2013.

Popular sports in Albania include football, weightlifting, basketball, volleyball, tennis, swimming, rugby union and gymnastics. Football is by far the most popular sport in Albania. It is governed by the Football Association of Albania (Albanian: Federata Shqiptare e Futbollit, F.SH.F.), which has membership in FIFA and UEFA.
The Albania national football team, ranking 51st in the World in 2017 (highest 22nd on 22 August 2015) have won the 1946 Balkan Cup and the Malta Rothmans International Tournament 2000, but had never participated in any major UEFA or FIFA tournament, until UEFA Euro 2016, Albania's first ever appearance at the continental tournament and at a major men's football tournament. Albania scored their first ever goal in a major tournament and secured their first ever win in European Championship when they beat Romania by 1–0 in a UEFA Euro 2016 match on 19 June 2016. The most successful football clubs are Skënderbeu, KF Tirana, Dinamo Tirana, Partizani and Vllaznia.
Weightlifting is one of the most successful individual sport for the Albanians, with the national team winning medals at the European Weightlifting Championships and the rest international competitions. Albanian weightlifters have won a total of 16 medals at the European Championships with 1 of them being gold, 7 silver and 8 bronze. In the World Weightlifting Championships, the Albanian weightlifting team has won in 1972 a gold in 2002 a silver and in 2011 a bronze medal.


== See also ==
Outline of Albania
Bibliography of Albania


== Notes ==


== References ==


=== Sources ===


== Further reading ==


== External links ==
 Wikimedia Atlas of Albania

albania.al – (in English)
president.al – (in Albanian)
kryeministria.al – (in Albanian)
parlament.al – (in Albanian)
Albania at The World Factbook by Central Intelligence Agency (CIA)"
Algeria,"Algeria, officially the People's Democratic Republic of Algeria, is a country in the Maghreb region of North Africa. It is bordered to the northeast by Tunisia; to the east by Libya; to the southeast by Niger; to the southwest by Mali, Mauritania, and Western Sahara; to the west by Morocco; and to the north by the Mediterranean Sea. The capital and largest city is Algiers, located in the far north on the Mediterranean coast.
Inhabited since prehistory, Algeria has been at the crossroads of numerous cultures and civilisations for millennia, including the Phoenicians, Numidians, Romans, Vandals, and Byzantine Greeks. Its modern identity is rooted in centuries of Arab Muslim migration since the seventh century and the subsequent Arabisation of indigenous Berber populations. Following a succession of Islamic Arab and Berber dynasties between the eighth and 15th centuries, the Regency of Algiers was established in 1516 as a largely independent tributary state of the Ottoman Empire. After nearly three centuries as a major power in the Mediterranean, the country was invaded by France in 1830 and formally annexed in 1848, though it was not fully conquered and pacified until 1903. French rule brought mass European settlement that displaced the local population, which was reduced by up to one-third due to warfare, disease, and starvation. The Sétif and Guelma massacre in 1945 catalysed local resistance that culminated in the outbreak of the Algerian War in 1954. Algeria gained independence in 1962. It descended into a bloody civil war from 1992 to 2002, remaining in an official state of emergency until the 2010–2012 Algerian protests during the Arab Spring.
Spanning 2,381,741 square kilometres (919,595 sq mi), Algeria is the world's tenth-largest country by area and the largest in Africa. It has a semi-arid climate, with the Sahara desert dominating most of the territory except for its fertile and mountainous north, where most of the population is concentrated. With a population of 44 million, Algeria is the tenth-most populous country in Africa, and the 33rd-most populous in the world. Algeria's official languages are Arabic and Tamazight; the vast majority of the population speak the Algerian dialect of Arabic. French is used in media, education, and certain administrative matters, but has no official status. Most Algerians are Arabs, with Berbers forming a sizeable minority. Sunni Islam is the official religion and practised by 99 percent of the population.
Algeria is a semi-presidential republic composed of 58 provinces (wilayas) and 1,541 communes. It is a regional power in North Africa and a middle power in global affairs. As of 2025, the country has the highest Human Development Index in continental Africa, and the third largest economy in Africa, due mostly to its large petroleum and natural gas reserves, which are the sixteenth and ninth largest in the world, respectively. Sonatrach, the national oil company, is the largest company in Africa and a major supplier of natural gas to Europe. The Algerian military is one of the largest in Africa, with the highest defence budget on the continent and the 22nd highest in the world. Algeria is a member of the African Union, the Arab League, the OIC, OPEC, the United Nations, and the Arab Maghreb Union, of which it is a founding member.


== Name ==

Different forms of the name Algeria include: Arabic: الجزائر, romanized: al-Jazāʾir, Algerian Arabic: دزاير, romanized: dzāyer, French: l'Algérie. The country's full name is officially the People's Democratic Republic of Algeria (Arabic: الجمهورية الجزائرية الديمقراطية الشعبية, romanized: al-Jumhūriyah al-Jazāʾiriyah ad-Dīmuqrāṭiyah ash‑Shaʿbiyah; French: République algérienne démocratique et populaire, abbr. RADP; Berber Tifinagh: ⵜⴰⴳⴷⵓⴷⴰ ⵜⴰⵣⵣⴰⵢⵔⵉⵜ ⵜⴰⵎⴰⴳⴷⴰⵢⵜ ⵜⴰⵖⴻⵔⴼⴰⵏⵜ, Berber Latin alphabet: Tagduda tazzayrit tamagdayt taɣerfant).


=== Etymology ===
Algeria's name derives from the city of Algiers, which in turn derives from the Arabic al-Jazāʾir (الجزائر, 'the islands'), referring to four small islands off its coast, a truncated form of the older Jazāʾir Banī Mazghanna (جزائر بني مزغنة, 'islands of Bani Mazghanna'). The name was given by Buluggin ibn Ziri after he established the city on the ruins of the Phoenician city of Icosium in 950. It was employed by medieval geographers such as Muhammad al-Idrisi and Yaqut al-Hamawi.
Algeria took its name from the Regency of Algeria or Regency of Algiers, when Ottoman rule was established in the central Maghreb in early 16th century. This period saw the installation of a political and administrative organisation which participated in the establishment of the Watan el djazâïr (وطن الجزائر, 'country of Algiers') and the definition of its borders with its neighboring entities on the east and west. The Ottoman Turks who settled in Algeria referred both to themselves and the peoples as ""Algerians"". Acting as a central military and political authority in the regency, the Ottoman Turks shaped the modern political identity of Algeria as a state possessing all the attributes of sovereign independence, despite still being nominally subject to the Ottoman sultan. Algerian nationalist, historian and statesman Ahmed Tewfik El Madani regarded the regency as the ""first Algerian state"" and the ""Algerian Ottoman republic"".


== History ==


=== Prehistory and ancient history ===

Around ~1.8-million-year-old stone artifacts from Ain Hanech (Algeria) were considered to represent the oldest archaeological materials in North Africa. Stone artifacts and cut-marked bones that were excavated from two nearby deposits at Ain Boucherit are estimated to be ~1.9 million years old, and even older stone artifacts to be as old as ~2.4 million years. Hence, the Ain Boucherit evidence shows that ancestral hominins inhabited the Mediterranean fringe in northern Africa much earlier than previously thought. The evidence strongly argues for early dispersal of stone tool manufacture and use from East Africa, or a possible multiple-origin scenario of stone technology in both East and North Africa.
Neanderthal tool makers produced hand axes in the Levalloisian and Mousterian styles (43,000 BC) similar to those in the Levant. Algeria was the site of the highest state of development of Middle Paleolithic Flake tool techniques. Tools of this era, starting about 30,000 BC, are called Aterian (after the archaeological site of Bir el Ater, south of Tebessa).
The earliest blade industries in North Africa are called Iberomaurusian (located mainly in the Oran region). This industry appears to have spread throughout the coastal regions of the Maghreb between 15,000 and 10,000 BC. Neolithic civilisation (animal domestication and agriculture) developed in the Saharan and Mediterranean Maghreb perhaps as early as 11,000 BC or as late as between 6000 and 2000 BC. This life, richly depicted in the Tassili n'Ajjer paintings, predominated in Algeria until the classical period. The mixture of peoples of North Africa coalesced eventually into a distinct native population that came to be called Berbers, who are the indigenous peoples of northern Africa.

From their principal center of power at Carthage, the Carthaginians expanded and established small settlements along the North African coast; by 600 BC, a Phoenician presence existed at Tipasa, east of Cherchell, Hippo Regius (modern Annaba) and Rusicade (modern Skikda). These settlements served as market towns as well as anchorages.
As Carthaginian power grew, its impact on the indigenous population increased dramatically. Berber civilisation was already at a stage in which agriculture, manufacturing, trade, and political organisation supported several states. Trade links between Carthage and the Berbers in the interior grew, but territorial expansion also resulted in the enslavement or military recruitment of some Berbers and in the extraction of tribute from others.

By the early 4th century BC, The north is divided into two Masaesyli kingdom in west led by Syphax and Massylii kingdom in east. Berbers formed the single largest element of the Carthaginian army. In the Revolt of the Mercenaries, Berber soldiers rebelled from 241 to 238 BC after being unpaid following the defeat of Carthage in the First Punic War. They succeeded in obtaining control of much of Carthage's North African territory, and they minted coins bearing the name Libyan, used in Greek to describe natives of North Africa. The Carthaginian state declined because of successive defeats by the Romans in the Punic Wars.
In 146 BC, the city of Carthage was destroyed. As Carthaginian power waned, the influence of Berber leaders in the hinterland grew. By the 2nd century BC, several large but loosely administered Berber kingdoms had emerged. Two of them were established in Numidia, behind the coastal areas controlled by Carthage. West of Numidia lay Mauretania, which extended across the Moulouya River in modern-day Morocco to the Atlantic Ocean. The high point of Berber civilisation, unequalled until the coming of the Almohads and Almoravids more than a millennium later, was reached during the reign of Masinissa in the 2nd century BC.

After Masinissa's death in 148 BC, the Berber kingdoms were divided and reunited several times. Masinissa's line survived until 24 AD, when the remaining Berber territory was annexed to the Roman Empire.

For several centuries Algeria was ruled by the Romans, who founded many colonies in the region. Algeria is home to the second-largest number of Roman sites and remains after Italy. Rome, after getting rid of its powerful rival Carthage in the year 146 BC, decided a century later to include Numidia to become the new master of North Africa. They built more than 500 cities. Like the rest of North Africa, Algeria was one of the breadbaskets of the empire, exporting cereals and other agricultural products. Saint Augustine was the bishop of Hippo Regius (modern-day Annaba, Algeria), located in the Roman province of Africa. The Germanic Vandals of Geiseric moved into North Africa in 429, and by 435 controlled coastal Numidia. They did not make any significant settlement on the land, as they were harassed by local tribes. In fact, by the time the Byzantines arrived Leptis Magna was abandoned and the Msellata region was occupied by the indigenous Laguatan who had been busy facilitating an Amazigh political, military and cultural revival. Furthermore, during the rule of the Romans, Byzantines, Vandals, Carthaginians, and Ottomans the Berber people were the only or one of the few in North Africa who remained independent. The Berber people were so resistant that even during the Muslim conquest of North Africa they still had control and possession over their mountains.
The collapse of the Western Roman Empire led to the establishment of a native Kingdom based in Altava (modern-day Algeria) known as the Mauro-Roman Kingdom. It was succeeded by another Kingdom based in Altava, the Kingdom of Altava. During the reign of Kusaila its territory extended from the region of modern-day Fez in the west to the western Aurès and later Kairaouan and the interior of Ifriqiya in the east.


=== Middle Ages ===

After negligible resistance from the locals, Muslim Arabs of the Umayyad Caliphate conquered Algeria in the early 8th century.
Large numbers of the indigenous Berber people converted to Islam. Christians, Berber and Latin speakers remained in the great majority in Tunisia until the end of the 9th century and Muslims only became a vast majority some time in the 10th. After the fall of the Umayyad Caliphate, numerous local dynasties emerged, including the Rustamids, Aghlabids, Fatimids, Zirids, Hammadids, Almoravids, Almohads and the Zayyanids. The Christians left in three waves: after the initial conquest, in the 10th century and the 11th. The last were evacuated to Sicily by the Normans and the few remaining died out in the 14th century.

During the Middle Ages, North Africa was home to many great scholars, saints and sovereigns including Judah Ibn Quraysh, the first grammarian to mention Semitic and Berber languages, the great Sufi masters Sidi Boumediene (Abu Madyan) and Sidi El Houari, and the Emirs Abd Al Mu'min and Yāghmūrasen. It was during this time that the Fatimids or children of Fatima, daughter of Muhammad, came to the Maghreb. These ""Fatimids"" went on to found a long lasting dynasty stretching across the Maghreb, Hejaz and the Levant, boasting a secular inner government, as well as a powerful army and navy, made up primarily of Arabs and Levantines extending from Algeria to their capital state of Cairo. The Fatimid caliphate began to collapse when its governors the Zirids seceded. To punish them the Fatimids sent the Arab Banu Hilal and Banu Sulaym against them. The resultant war is recounted in the epic Tāghribāt. In Al-Tāghrībāt the Amazigh Zirid Hero Khālīfā Al-Zānatī asks daily, for duels, to defeat the Hilalan hero Ābu Zayd al-Hilalī and many other Arab knights in a string of victories. The Zirids, however, were ultimately defeated ushering in an adoption of Arab customs and culture. The indigenous Amazigh tribes, however, remained largely independent, and depending on tribe, location and time controlled varying parts of the Maghreb, at times unifying it (as under the Fatimids). The Fatimid Islamic state, also known as Fatimid Caliphate made an Islamic empire that included North Africa, Sicily, Palestine, Jordan, Lebanon, Syria, Egypt, the Red Sea coast of Africa, Tihamah, Hejaz and Yemen. Caliphates from Northern Africa traded with the other empires of their time, as well as forming part of a confederated support and trade network with other Islamic states during the Islamic Era.
The Berber people historically consisted of several tribes. The two main branches were the Botr and Barnès tribes, who were divided into tribes, and again into sub-tribes. Each region of the Maghreb contained several tribes (for example, Sanhadja, Houara, Zenata, Masmouda, Kutama, Awarba, and Berghwata). All these tribes made independent territorial decisions.
Several Amazigh dynasties emerged during the Middle Ages in the Maghreb and other nearby lands. Ibn Khaldun provides a table summarising the Amazigh dynasties of the Maghreb region, the Zirid, Ifranid, Maghrawa, Almoravid, Hammadid, Almohad, Merinid, Abdalwadid, Wattasid, Meknassa and Hafsid dynasties. Both of the Hammadid and Zirid empires as well as the Fatimids established their rule in all of the Maghreb countries. The Zirids ruled land in what is now Algeria, Tunisia, Morocco, Libya, Spain, Malta and Italy. The Hammadids captured and held important regions such as Ouargla, Constantine, Sfax, Susa, Algiers, Tripoli and Fez establishing their rule in every country in the Maghreb region. The Fatimids which was created and established by the Kutama Berbers conquered all of North Africa as well as Sicily and parts of the Middle East.

Following the Berber revolt numerous independent states emerged across the Maghreb. In Algeria the Rustamid Kingdom was established. The Rustamid realm stretched from Tafilalt in Morocco to the Nafusa mountains in Libya including south, central and western Tunisia therefore including territory in all of the modern day Maghreb countries, in the south the Rustamid realm expanded to the modern borders of Mali and included territory in Mauritania.
Once extending their control over all of the Maghreb, part of Spain and briefly over Sicily, originating from modern Algeria, the Zirids only controlled modern Ifriqiya by the 11th century. The Zirids recognised nominal suzerainty of the Fatimid caliphs of Cairo. El Mu'izz the Zirid ruler decided to end this recognition and declared his independence. The Zirids also fought against other Zenata Kingdoms, for example the Maghrawa, a Berber dynasty originating from Algeria and which at one point was a dominant power in the Maghreb ruling over much of Morocco and western Algeria including Fez, Sijilmasa, Aghmat, Oujda, most of the Sous and Draa and reaching as far as M'sila and the Zab in Algeria.
As the Fatimid state was at the time too weak to attempt a direct invasion, they found another means of revenge. Between the Nile and the Red Sea were living Bedouin nomad tribes expelled from Arabia for their disruption and turbulency. The Banu Hilal and the Banu Sulaym for example, who regularly disrupted farmers in the Nile Valley since the nomads would often loot their farms. The then Fatimid vizier decided to destroy what he could not control, and broke a deal with the chiefs of these Bedouin tribes. The Fatimids even gave them money to leave.
Whole tribes set off with women, children, elders, animals and camping equipment. Some stopped on the way, especially in Cyrenaica, where they are still one of the essential elements of the settlement but most arrived in Ifriqiya by the Gabes region, arriving 1051. The Zirid ruler tried to stop this rising tide, but with each encounter, the last under the walls of Kairouan, his troops were defeated and the Arabs remained masters of the battlefield. The Arabs usually did not take control over the cities, instead looting them and destroying them.

The invasion kept going, and in 1057 the Arabs spread on the high plains of Constantine where they encircled the Qalaa of Banu Hammad (capital of the Hammadid Emirate), as they had done in Kairouan a few decades ago. From there they gradually gained the upper Algiers and Oran plains. Some of these territories were forcibly taken back by the Almohads in the second half of the 12th century. The influx of Bedouin tribes was a major factor in the linguistic, cultural Arabisation of the Maghreb and in the spread of nomadism in areas where agriculture had previously been dominant. Ibn Khaldun noted that the lands ravaged by the Banu Hilal tribes had become completely arid desert.
The Almohads originating from modern day Morocco, although founded by a man originating from modern day Algeria known as Abd al-Mu'min would soon take control over the Maghreb. During the time of the Almohad Dynasty Abd al-Mu'min's tribe, the Koumïa, were the main supporters of the throne and the most important body of the empire. Defeating the weakening Almoravid Empire and taking control over Morocco in 1147, they pushed into Algeria in 1152, taking control over Tlemcen, Oran, and Algiers, wrestling control from the Hilian Arabs, and by the same year they defeated Hammadids who controlled Eastern Algeria.
Following their decisive defeat at the Battle of Las Navas de Tolosa in 1212, the Almohads began to collapse. In 1235, the governor of modern-day western Algeria, Yaghmurasen Ibn Zyan, declared independence and established the Kingdom of Tlemcen under the Zayyanid dynasty. After warring with the Almohads for 13 years, the Zayyanids decisively defeated them in 1248 by ambushing and killing the Almohad caliph near Oujda.

The Zayyanids retained control over much of Algeria for the next three centuries. While eastern Algeria largely fell under the Hafsid dynasty, the Emirate of Bejaia, which encompassed the Hafsid territories in Algeria, was at times independent from central Tunisian authority. At their peak, the Zayyanids held Morocco as a western vassal expanded eastward as far as Tunis, which was captured during the reign of Abu Tashfin.
Following several conflicts with local Barbary pirates sponsored by the Zayyanid sultans, Spain launched a campaign to invade Algeria and defeat the Kingdom of Tlemcen. In 1505, Spanish forces invaded and captured Mers el Kébir, and in 1509, they conquered Oran after a deadly siege. Following their decisive victories over the Algerians in the western-coastal areas of Algeria, the Spanish expanded their campaign across the western Algerian coast. In 1510, they captured Bejaia after a major siege, launched an assault on Algiers, and besieged Tlemcen. In 1511, they seized Cherchell and Jijel, and attacked Mostaganem, which they failed to conquer but succeeded in forcing into tribute.


=== Early modern era ===

In 1516, the Turkish privateer brothers Aruj and Hayreddin Barbarossa, who operated successfully under the Hafsids, moved their base of operations to Algiers. They succeeded in conquering Jijel and Algiers from the Spaniards with help from the locals who saw them as liberators from the Christians, but the brothers eventually assassinated the local noble Salim al-Tumi and took control over the city and the surrounding regions. Their state is known as the Regency of Algiers. When Aruj was killed in 1518 during his invasion of Tlemcen, Hayreddin succeeded him as military commander of Algiers. The Ottoman sultan gave him the title of beylerbey and a contingent of some 2,000 janissaries. With the aid of this force and native Algerians, Hayreddin conquered the whole area between Constantine and Oran (although the city of Oran remained in Spanish hands until 1792).
The next beylerbey was Hayreddin's son Hasan, who assumed the position in 1544. He was a Kouloughli or of mixed origins, as his mother was an Algerian Mooresse. Until 1587 Beylerbeylik of Algiers was governed by Beylerbeys who served terms with no fixed limits. Subsequently, with the institution of a regular administration, governors with the title of pasha ruled for three-year terms. The pasha was assisted by an autonomous janissary unit, known in Algeria as the Ojaq who were led by an agha. Discontent among the ojaq rose in the mid-1600s because they were not paid regularly, and they repeatedly revolted against the pasha. As a result, the agha charged the pasha with corruption and incompetence and seized power in 1659.

Plague had repeatedly struck the cities of North Africa. Algiers lost between 30,000 and 50,000 inhabitants to the plague in 1620–21, and had high fatalities in 1654–57, 1665, 1691 and 1740–42.
The Barbary pirates preyed on Christian and other non-Islamic shipping in the western Mediterranean Sea. The pirates often took the passengers and crew on the ships and sold them or used them as slaves. They also did a brisk business in ransoming some of the captives. According to Robert Davis, from the 16th to 19th century, pirates captured 1 million to 1.25 million Europeans as slaves. They often made raids on European coastal towns to capture Christian slaves to sell at slave markets in North Africa and other parts of the Ottoman Empire. In 1544, for example, Hayreddin Barbarossa captured the island of Ischia, taking 4,000 prisoners, and enslaved some 9,000 inhabitants of Lipari, almost the entire population. In 1551, the Ottoman governor of Algiers, Turgut Reis, enslaved the entire population of the Maltese island of Gozo. Barbary pirates often attacked the Balearic Islands. The threat was so severe that residents abandoned the island of Formentera. The introduction of broad-sail ships from the beginning of the 17th century allowed them to branch out into the Atlantic.
In July 1627 two pirate ships from Algiers under the command of Dutch pirate Jan Janszoon sailed as far as Iceland, raiding and capturing slaves. Two weeks earlier another pirate ship from Salé in Morocco had also raided in Iceland. Some of the slaves brought to Algiers were later ransomed back to Iceland, but some chose to stay in Algeria. In 1629, pirate ships from Algeria raided the Faroe Islands.

In 1659, the Janissaries stationed in Algiers, known as the Odjak of Algiers, joined a company of corsair captains called the Reis in overthrowing the Ottoman viceroy. A new local leader was installed known as the ""Agha""; the position became the ""Dey"" in 1671, who would be selected by the divan, a council of some sixty military senior officers. Thus, Algiers became a sovereign military republic. The odjak initially dominated the system, but by the 18th century were the dey's instrument. Although Algiers remained nominally part of the Ottoman Empire, in reality it acted independently from the rest of the Empire, and often had wars with other Ottoman subjects and territories such as the Beylik of Tunis.
The dey was in effect a constitutional autocrat. Though elected for a life term, over the next 159 years (1671–1830), fourteen of the twenty-nine deys were assassinated. Despite usurpation, military coups and occasional mob rule, the day-to-day operation of the Deylikal government was remarkably orderly. Although the regency patronised the tribal chieftains, it never had the unanimous allegiance of the countryside, where heavy taxation frequently provoked unrest. Autonomous tribal states were tolerated, and the regency's authority was seldom applied in the Kabylia, although in 1730 the Regency was able to take control of the Kingdom of Kuku in western Kabylia. Many cities in the northern Algerian desert paid taxes to Algiers or one of its Beys.
Barbary raids in the Mediterranean continued to attack Spanish merchant shipping, resulting in the Spanish Empire attempting to invade Algiers in 1775. The Spanish Navy bombarded the city in 1783 but failed to pacify it; a subsequent bombing campaign in 1784 was joined by the naval forces of other traditional enemies of Algiers, including Naples, Portugal and the Knights of Malta. Over 20,000 cannonballs were fired, but the effort ultimately failed; Spain sued for peace in 1786 and paid 1 million pesos to the Dey. In 1792, Algiers recaptured the two remaining Spanish strongholds at Oran and Mers el Kébir. In the same year, they conquered the Moroccan Rif and Oujda, which they then abandoned in 1795.
In the 19th century, Algerian pirates remained a formidable force in the Mediterranean, even forging affiliations with Caribbean powers, paying a ""license tax"" in exchange for safe harbor of their vessels. Attacks on American merchantmen resulted in the First and Second Barbary Wars, which ended the targeting of U.S. ships in 1815. A year later, a combined Anglo-Dutch fleet, under the command of Lord Exmouth, bombarded Algiers to stop similar attacks on European fishermen. These efforts proved successful, although Algerian piracy would continue until the French conquest in 1830.


=== French colonisation (1830–1962) ===

Under the pretext of a slight to their consul, the French invaded and captured Algiers in 1830. According to several historians, the methods used by the French to establish control over Algeria reached genocidal proportions. Historian Ben Kiernan wrote on the French conquest of Algeria: ""By 1875, the French conquest was complete. The war had killed approximately 825,000 indigenous Algerians since 1830"". French losses from 1831 to 1851 were 92,329 dead in the hospital and only 3,336 killed in action. In 1872, The Algerian population stood at about 2.9 million. French policy was predicated on ""civilising"" the country. The slave trade and piracy in Algeria ceased following the French conquest. The conquest of Algeria by the French took some time and resulted in considerable bloodshed. A combination of violence and disease epidemics caused the indigenous Algerian population to decline by nearly one-third from 1830 to 1872. On 17 September 1860, Napoleon III declared ""Our first duty is to take care of the happiness of the three million Arabs, whom the fate of arms has brought under our domination."" During this time, only Kabylia resisted, the Kabylians were not colonised until after the Mokrani Revolt in 1871.
Alexis de Tocqueville wrote and never completed an unpublished essay outlining his ideas for how to transform Algeria from an occupied tributary state to a colonial regime, wherein he advocated for a mixed system of ""total domination and total colonisation"" whereby French military would wage total war against civilian populations while a colonial administration would provide rule of law and property rights to settlers within French occupied cities.

From 1848 until independence, France administered the whole Mediterranean region of Algeria as an integral part and département of the nation. One of France's longest-held overseas territories, Algeria became a destination for hundreds of thousands of European immigrants, who became known as colons and later, as Pied-Noirs. Between 1825 and 1847, 50,000 French people emigrated to Algeria. These settlers benefited from the French government's confiscation of communal land from tribal peoples, and the application of modern agricultural techniques that increased the amount of arable land. Many Europeans settled in Oran and Algiers, and by the early 20th century they formed a majority of the population in both cities.

During the late 19th and early 20th century, the European share was almost a fifth of the population. The French government aimed at making Algeria an assimilated part of France, and this included substantial educational investments especially after 1900. The indigenous cultural and religious resistance heavily opposed this tendency, but in contrast to the other colonised countries' path in central Asia and Caucasus, Algeria kept its individual skills and a relatively human-capital intensive agriculture.
During the Second World War, Algeria came under Vichy control before being liberated by the Allies in Operation Torch, which saw the first large-scale deployment of American troops in the North African campaign.
Gradually, dissatisfaction among the Muslim population, which lacked political and economic status under the colonial system, gave rise to demands for greater political autonomy and eventually independence from France. In May 1945, the uprising against the occupying French forces was suppressed through what is now known as the Sétif and Guelma massacre. Tensions between the two population groups came to a head in 1954, when the first violent events of what was later called the Algerian War began after the publication of the Declaration of 1 November 1954. Historians have estimated that between 30,000 and 150,000 Harkis and their dependents were killed by the National Liberation Front (FLN) or by lynch mobs in Algeria. The FLN used hit and run attacks in Algeria and France as part of its war, and the French conducted severe reprisals. In addition, the French destroyed over 8,000 villages and relocated over 2 million Algerians to concentration camps.
The war led to the death of hundreds of thousands of Algerians and hundreds of thousands of injuries. Historians, like Alistair Horne and Raymond Aron, state that the actual number of Algerian Muslim war dead was far greater than the original FLN and official French estimates but was less than the 1 million deaths claimed by the Algerian government after independence. Horne estimated Algerian casualties during the span of eight years to be around 700,000. The war uprooted more than 2 million Algerians.
The war against French rule concluded in 1962, when Algeria gained complete independence following the March 1962 Evian agreements and the July 1962 self-determination referendum.


=== The first three decades of independence (1962–1991) ===

The number of European Pied-Noirs who fled Algeria totaled more than 900,000 between 1962 and 1964. The exodus to mainland France accelerated after the Oran massacre of 1962, in which hundreds of militants entered European sections of the city and began attacking civilians.

Algeria's first president was the Front de Libération Nationale (FLN) leader Ahmed Ben Bella. Morocco's claim to portions of western Algeria led to the Sand War in 1963. Ben Bella was overthrown in 1965 by Houari Boumédiène, his former ally and defence minister. Under Ben Bella, the government had become increasingly socialist and authoritarian; Boumédienne continued this trend. However, he relied much more on the army for his support, and reduced the sole legal party to a symbolic role. He collectivised agriculture and launched a massive industrialisation drive. Oil extraction facilities were nationalised. This was especially beneficial to the leadership after the international 1973 oil crisis.
Boumédienne's successor, Chadli Bendjedid, introduced some liberal economic reforms. He promoted a policy of Arabisation in Algerian society and public life. Teachers of Arabic, brought in from other Muslim countries, spread conventional Islamic thought in schools and sowed the seeds of a return to Orthodox Islam.
The Algerian economy became increasingly dependent on oil, leading to hardship when the price collapsed during the 1980s oil glut. Economic recession caused by the crash in world oil prices resulted in Algerian social unrest during the 1980s; by the end of the decade, Bendjedid introduced a multi-party system. Political parties developed, such as the Islamic Salvation Front (FIS), a broad coalition of Muslim groups.


=== Civil War (1991–2002) and aftermath ===

In December 1991 the Islamic Salvation Front dominated the first of two rounds of legislative elections. Fearing the election of an Islamist government, the authorities intervened on 11 January 1992, cancelling the elections. Bendjedid resigned and a High Council of State was installed to act as the Presidency. It banned the FIS, triggering a civil insurgency between the Front's armed wing, the Armed Islamic Group, and the national armed forces, in which more than 100,000 people are thought to have died. The Islamist militants conducted a violent campaign of civilian massacres. At several points in the conflict, the situation in Algeria became a point of international concern, most notably during the crisis surrounding Air France Flight 8969, a hijacking perpetrated by the Armed Islamic Group. The Armed Islamic Group declared a ceasefire in October 1997.
Algeria held elections in 1999, considered biased by international observers and most opposition groups which were won by President Abdelaziz Bouteflika. He worked to restore political stability to the country and announced a ""Civil Concord"" initiative, approved in a referendum, under which many political prisoners were pardoned, and several thousand members of armed groups were granted exemption from prosecution under a limited amnesty, in force until 13 January 2000. The AIS disbanded and levels of insurgent violence fell rapidly. The Groupe Salafiste pour la Prédication et le Combat (GSPC), a splinter group of the Armed Islamic Group, continued a terrorist campaign against the Government.
Bouteflika was re-elected in the April 2004 presidential election after campaigning on a programme of national reconciliation. The programme comprised economic, institutional, political and social reform to modernise the country, raise living standards, and tackle the causes of alienation. It also included a second amnesty initiative, the Charter for Peace and National Reconciliation, which was approved in a referendum in September 2005. It offered amnesty to most guerrillas and Government security forces.
In November 2008, the Algerian Constitution was amended following a vote in Parliament, removing the two-term limit on Presidential incumbents. This change enabled Bouteflika to stand for re-election in the 2009 presidential elections, and he was re-elected in April 2009. During his election campaign and following his re-election, Bouteflika promised to extend the programme of national reconciliation and a $150-billion spending programme to create three million new jobs, the construction of one million new housing units, and to continue public sector and infrastructure modernisation programmes.
A continuing series of protests throughout the country started on 28 December 2010, inspired by similar protests across the Middle East and North Africa. On 24 February 2011, the government lifted Algeria's 19-year-old state of emergency. The government enacted legislation dealing with political parties, the electoral code, and the representation of women in elected bodies. In April 2011, Bouteflika promised further constitutional and political reform. However, elections are routinely criticised by opposition groups as unfair and international human rights groups say that media censorship and harassment of political opponents continue.
On 2 April 2019, Bouteflika resigned from the presidency after mass protests against his candidacy for a fifth term in office.
In December 2019, Abdelmadjid Tebboune became Algeria's president, after winning the first round of the presidential election with a record abstention rate – the highest of all presidential elections since Algeria's democracy in 1989. Tebboune is accused of being close to the military and being loyal to the deposed president. Tebboune rejects these accusations, claiming to be the victim of a witch hunt. He also reminds his detractors that he was expelled from the Government in August 2017 at the instigation of oligarchs languishing in prison. In September 2024, President Tebboune won a second term with a landslide 84.3 percent of the vote, although his opponents called the results fraud.


== Geography ==

Since the 2011 breakup of Sudan, and the creation of South Sudan, Algeria has been the largest country in Africa. It is also the largest country of the Mediterranean basin. Its southern part includes a significant portion of the Sahara. To the north, the Tell Atlas forms with the Saharan Atlas, further south, two parallel sets of reliefs in approaching eastbound, and between which are inserted vast plains and highlands. Both Atlas tend to merge in eastern Algeria. The vast mountain ranges of Aures and Nememcha occupy the entire northeastern Algeria and are delineated by the Tunisian border. The highest point is Mount Tahat (3,003 metres or 9,852 feet).
Algeria lies mostly between latitudes 19° and 37°N (a small area is north of 37°N and south of 19°N), and longitudes 9°W and 12°E. Most of the coastal area is hilly, sometimes even mountainous, and there are a few natural harbours. The area from the coast to the Tell Atlas is fertile. South of the Tell Atlas is a steppe landscape ending with the Saharan Atlas; farther south, there is the Sahara desert.
The Hoggar Mountains (Arabic: جبال هقار), also known as the Hoggar, are a highland region in central Sahara, southern Algeria. They are located about 1,500 km (932 mi) south of the capital, Algiers, and just east of Tamanghasset. Algiers, Oran, Constantine, and Annaba are Algeria's main cities.


=== Climate and hydrology ===

In this region, midday desert temperatures can be hot year round. After sunset, however, the clear, dry air permits rapid loss of heat, and the nights are cool to chilly. Enormous daily ranges in temperature are recorded.
Rainfall is fairly plentiful along the coastal part of the Tell Atlas, ranging from 400 to 670 mm (15.7 to 26.4 in) annually, the amount of precipitation increasing from west to east. Precipitation is heaviest in the northern part of eastern Algeria, where it reaches as much as 1,000 mm (39.4 in) in some years.
Farther inland, the rainfall is less plentiful. Algeria also has ergs, or sand dunes, between mountains. Among these, in the summer time when winds are heavy and gusty, temperatures can go up to 43.3 °C (110 °F).


=== Fauna and flora ===

The varied vegetation of Algeria includes coastal, mountainous and grassy desert-like regions which all support a wide range of wildlife.
In Algeria forest cover is around 1% of the total land area, equivalent to 1,949,000 hectares (ha) of forest in 2020, up from 1,667,000 hectares (ha) in 1990. In 2020, naturally regenerating forest covered 1,439,000 hectares (ha) and planted forest covered 510,000 hectares (ha). Of the naturally regenerating forest 0% was reported to be primary forest (consisting of native tree species with no clearly visible indications of human activity) and around 6% of the forest area was found within protected areas. For the year 2015, 80% of the forest area was reported to be under public ownership, 18% private ownership and 2% with ownership listed as other or unknown.
Many of the creatures constituting the Algerian wildlife live in close proximity to civilisation. The most commonly seen animals include the wild boars, jackals, and gazelles, although it is not uncommon to spot fennecs (foxes), and jerboas. Algeria also has a small African leopard and Saharan cheetah population, but these are seldom seen. A species of deer, the Barbary stag, inhabits the dense humid forests in the north-eastern areas. The fennec fox is the national animal of Algeria.
A variety of bird species makes the country an attraction for bird watchers. The forests are inhabited by boars and jackals. Barbary macaques are the sole native monkey. Snakes, monitor lizards, and numerous other reptiles can be found living among an array of rodents throughout the semi arid regions of Algeria. Many animals are now extinct, including the Barbary lions, Atlas bears and crocodiles.
In the north, some of the native flora includes Macchia scrub, olive trees, oaks, cedars and other conifers. The mountain regions contain large forests of evergreens (Aleppo pine, juniper, and evergreen oak) and some deciduous trees. Fig, eucalyptus, agave, and various palm trees grow in the warmer areas. The grape vine is indigenous to the coast. In the Sahara region, some oases have palm trees. Acacias with wild olives are the predominant flora in the remainder of the Sahara. Algeria had a 2018 Forest Landscape Integrity Index mean score of 5.22/10, ranking it 106th globally out of 172 countries.
Camels are used extensively; the desert also abounds with venomous and nonvenomous snakes, scorpions, and numerous insects.


== Government and politics ==

Algeria's government has been described as authoritarian, and elected politicians have relatively little sway over affairs in the country. Instead, a group of unelected civilian and military ""décideurs"" (""deciders"") known as ""le pouvoir"" (""the power"") exercising de facto rule over the country, even deciding who should be president. The most powerful man might have been Mohamed Mediène, the head of military intelligence, before he was brought down during the 2019 protests. In recent years, many of these generals have died, retired, or been imprisoned. After the death of General Larbi Belkheir, previous president Bouteflika put loyalists in key posts, notably at Sonatrach, and secured constitutional amendments that made him re-electable indefinitely, until he was brought down in 2019 during protests.
The head of state is the President of Algeria, who is elected for a five-year term. The president is limited to two five-year terms. The most recent presidential election was planned to be in April 2019, but widespread protests erupted on 22 February against the president's decision to participate in the election, which resulted in President Bouteflika announcing his resignation on 3 April. Abdelmadjid Tebboune, an independent candidate, was elected as president after the election eventually took place on 12 December 2019. Protestors refused to recognise Tebboune as president, citing demands for comprehensive reform of the political system. Algeria has universal suffrage at 18 years of age. The President is the head of the army, the Council of Ministers and the High Security Council. He appoints the Prime Minister who is also the head of government.

The Algerian parliament is bicameral; the lower house, the People's National Assembly, has 462 members who are directly elected for five-year terms, while the upper house, the Council of the Nation, has 144 members serving six-year terms, of which 96 members are chosen by local assemblies and 48 are appointed by the president. According to the constitution, no political association may be formed if it is ""based on differences in religion, language, race, gender, profession, or region"". In addition, political campaigns must be exempt from the aforementioned subjects.
Parliamentary elections were last held in June 2021. In the elections, the FLN lost 66 of its seats, but remained the largest party with 98 seats. Other parties included the Movement of the Society for Peace which won 65 seats, the National Rally for Democracy which won 58 seats, the Future Front which won 48 seats, and the National Construction Movement which won 39 seats.


=== Foreign relations ===

Algeria is included in the European Union's European Neighbourhood Policy (ENP) which aims at bringing the EU and its neighbours closer.
Giving incentives and rewarding best performers, as well as offering funds in a faster and more flexible manner, are the two main principles underlying the European Neighbourhood Instrument (ENI) that came into force in 2014. It has a budget of €15.4 billion and provides the bulk of funding through a number of programmes.
In 2009, the French government agreed to compensate victims of nuclear tests in Algeria. Defence Minister Hervé Morin stated that ""It's time for our country to be at peace with itself, at peace thanks to a system of compensation and reparations"", when presenting the draft law on the payouts. Algerian officials and activists believe that this is a good first step and hope that this move would encourage broader reparation.
Tensions between Algeria and Morocco in relation to the Western Sahara have been an obstacle to tightening the Arab Maghreb Union, nominally established in 1989, but which has carried little practical weight. On 24 August 2021, Algeria announced the break of diplomatic relations with Morocco.


=== Military ===

The military of Algeria consists of the People's National Army (ANP), the Algerian National Navy (MRA), and the Algerian Air Force (QJJ), plus the Territorial Air Defence Forces. It is the direct successor of the National Liberation Army (Armée de Libération Nationale or ALN), the armed wing of the nationalist National Liberation Front which fought French colonial occupation during the Algerian War of Independence (1954–62).
Total military personnel include 147,000 active, 150,000 reserve, and 187,000 paramilitary staff (2008 estimate). Service in the military is compulsory for men aged 19–30, for a total of 12 months. The military expenditure was 4.3% of the gross domestic product (GDP) in 2012. Algeria has the second-largest military in North Africa with the largest defence budget in Africa ($10 billion). Most of Algeria's weapons are imported from Russia, with whom they are a close ally.
In 2007, the Algerian Air Force signed a deal with Russia to purchase 49 MiG-29SMT and 6 MiG-29UBT at an estimated cost of $1.9 billion. Russia is also building two 636-type diesel submarines for Algeria.
Algeria is the 90th most peaceful country in the world, according to the 2024 Global Peace Index.


=== Human rights ===

Algeria has been categorised by the US government funded Freedom House as ""not free"" since it began publishing such ratings in 1972, with the exception of 1989, 1990, and 1991, when the country was labelled ""partly free"". In December 2016, the Euro-Mediterranean Human Rights Monitor issued a report regarding violation of media freedom in Algeria. It clarified that the Algerian government imposed restrictions on freedom of the press; expression; and right to peaceful demonstration, protest and assembly as well as intensified censorship of the media and websites. Due to the fact that the journalists and activists criticise the ruling government, some media organisations' licenses are cancelled.
Independent and autonomous trade unions face routine harassment from the government, with many leaders imprisoned and protests suppressed. In 2016, a number of unions, many of which were involved in the 2010–2012 Algerian Protests, have been deregistered by the government.
Homosexuality is illegal in Algeria. Public homosexual behavior is punishable by up to two years in prison. Despite this, about 26% of Algerians think that homosexuality should be accepted, according to the survey conducted by the BBC News Arabic-Arab Barometer in 2019. Algeria showed the highest LGBT acceptance compared to other Arab countries where the survey was conducted.
Human Rights Watch has accused the Algerian authorities of using the COVID-19 pandemic as an excuse to prevent pro-democracy movements and protests in the country, leading to the arrest of youths as part of social distancing.


=== Administrative divisions ===

Algeria is divided into 58 provinces (wilayas), 553 districts (daïras) and 1,541 municipalities (baladiyahs). Each province, district, and municipality is named after its seat, which is usually the largest city.
The administrative divisions have changed several times since independence. When introducing new provinces, the numbers of old provinces are kept, hence the non-alphabetical order. With their official numbers, currently (since 1983) they are:


== Economy ==

Algeria's currency is the dinar (DZD). The economy remains dominated by the state, a legacy of the country's socialist post-independence development model. In June 2024 The World Bank's 2024 report marks a turning point for Algeria, which joins the select club of upper-middle-income countries. This economic rise, the result of an ambitious development strategy, places the country in the same category as emerging powers such as China, Brazil and Turkey In recent years, the Algerian government has halted the privatisation of state-owned industries and imposed restrictions on imports and foreign involvement in its economy. These restrictions are just starting to be lifted off recently although questions about Algeria's slowly-diversifying economy remain.
Algeria has struggled to develop industries outside hydrocarbons in part because of high costs and an inert state bureaucracy. The government's efforts to diversify the economy by attracting foreign and domestic investment outside the energy sector have done little to reduce high youth unemployment rates or to address housing shortages. The country is facing a number of short-term and medium-term problems, including the need to diversify the economy, strengthen political, economic and financial reforms, improve the business climate and reduce inequalities among regions.
A wave of economic protests in February and March 2011 prompted the Algerian government to offer more than $23 billion in public grants and retroactive salary and benefit increases. Public spending has increased by 27% annually during the past five years. The 2010–14 public-investment programme will cost US$286 billion, 40% of which will go to human development.

Thanks to strong hydrocarbon revenues, Algeria has a cushion of $173 billion in foreign currency reserves and a large hydrocarbon stabilisation fund. In addition, Algeria's external debt is extremely low at about 2% of GDP. The economy remains very dependent on hydrocarbon wealth, and, despite high foreign exchange reserves (US$178 billion, equivalent to three years of imports), current expenditure growth makes Algeria's budget more vulnerable to the risk of prolonged lower hydrocarbon revenues.
Algeria has not joined the WTO, despite several years of negotiations but is a member of the Greater Arab Free Trade Area, the African Continental Free Trade Area, and has an association agreement with the European Union.
Turkish direct investments have accelerated in Algeria, with total value reaching $5 billion. As of 2022, the number of Turkish companies present in Algeria has reached 1,400. In 2020, despite the pandemic, more than 130 Turkish companies were created in Algeria.


=== Oil and natural resources ===

Algeria, whose economy is reliant on petroleum, has been an OPEC member since 1969. Its crude oil production stands at around 1.1 million barrels/day, but it is also a major gas producer and exporter, with important links to Europe. Hydrocarbons have long been the backbone of the economy, accounting for roughly 60% of budget revenues, 30% of GDP, and 87.7% of export earnings. Algeria has the 10th-largest reserves of natural gas in the world and is the sixth-largest gas exporter. The U.S. Energy Information Administration reported that in 2005, Algeria had 4.5 trillion cubic metres (160×10^12 cu ft) of proven natural gas reserves. It also ranks 16th in oil reserves.
Non-hydrocarbon growth for 2011 was projected at 5%. To cope with social demands, the authorities raised expenditure, especially on basic food support, employment creation, support for SMEs, and higher salaries. High hydrocarbon prices have improved the current account and the already large international reserves position.
Income from oil and gas rose in 2011 as a result of continuing high oil prices, though the trend in production volume is downward. Production from the oil and gas sector in terms of volume continues to decline, dropping from 43.2 million tonnes to 32 million tonnes between 2007 and 2011. Nevertheless, the sector accounted for 98% of the total volume of exports in 2011, against 48% in 1962, and 70% of budgetary receipts, or US$71.4 billion.
The Algerian national oil company is Sonatrach, which plays a key role in all aspects of the oil and natural gas sectors in Algeria. All foreign operators must work in partnership with Sonatrach, which usually has majority ownership in production-sharing agreements.
Access to biocapacity in Algeria is lower than world average. In 2016, Algeria had 0.53 global hectares of biocapacity per person within its territory, much less than the world average of 1.6 global hectares per person. In 2016, Algeria used 2.4 global hectares of biocapacity per person – their ecological footprint of consumption. This means they use just under 4.5 times as much biocapacity as Algeria contains. As a result, Algeria is running a biocapacity deficit. In April 2022, diplomats from Italy and Spain held talks after Rome's move to secure large volume of Algerian gas stoked concerns in Madrid. Under the deal between Algeria's Sonatrach and Italy's Eni, Algeria will send an additional 9 billion cubic metres of gas to Italy by next year and in 2024.


=== Research and alternative energy sources ===
Algeria has invested an estimated 100 billion dinars towards developing research facilities and paying researchers. This development programme is meant to advance alternative energy production, especially solar and wind power. Algeria is estimated to have the largest solar energy potential in the Mediterranean, so the government has funded the creation of a solar science park in Hassi R'Mel. Currently, Algeria has 20,000 research professors at various universities and over 780 research labs, with state-set goals to expand to 1,000. Besides solar energy, areas of research in Algeria include space and satellite telecommunications, nuclear power and medical research.


=== Labour market ===
The overall rate of unemployment was 11.8% in 2023. The government strengthened in 2011 the job programmes introduced in 1988, in particular in the framework of the programme to aid those seeking work (Dispositif d'Aide à l'Insertion Professionnelle).
Despite a decline in total unemployment, youth and women unemployment is high.


=== Tourism ===

The development of the tourism sector in Algeria had previously been hampered by a lack of facilities, but since 2004 a broad tourism development strategy has been implemented resulting in many hotels of a high modern standard being built.
There are several UNESCO World Heritage Sites in Algeria which includes Al Qal'a of Beni Hammad, the first capital of the Hammadid empire; Tipasa, a Phoenician and later Roman town; Djémila and Timgad, both Roman ruins; M'Zab Valley, a limestone valley containing a large urbanised oasis; and the Casbah of Algiers, an important citadel. The only natural World Heritage Site in Algeria is the Tassili n'Ajjer, a mountain range.


=== Transport ===

Two trans-African automobile routes pass through Algeria:

Cairo-Dakar Highway
Algiers-Lagos Highway
The Algerian road network is the densest in Africa; its length is estimated at 180,000 km (110,000 mi) of highways, with more than 3,756 structures and a paving rate of 85%. This network will be complemented by the East-West Highway, a major infrastructure project currently under construction. It is a three-way, 1,216-kilometre-long (756 mi) highway, linking Annaba in the extreme east to the Tlemcen in the far west. Algeria is also crossed by the Trans-Sahara Highway, which is now completely paved. This road is supported by the Algerian government to increase trade between the six countries crossed: Algeria, Mali, Niger, Nigeria, Chad, and Tunisia.


== Demographics ==

Algeria has a population of an estimated 47.4 million, of which the majority, 75% to 85% are ethnically Arab. At the outset of the 20th century, its population was approximately 4 million. About 90% of Algerians live in the northern, coastal area; the inhabitants of the Sahara desert are mainly concentrated in oases, although some 1.5 million remain nomadic or partly nomadic. 28.1% of Algerians are under the age of 15.
Between 90,000 and 165,000 Sahrawis from Western Sahara live in the Sahrawi refugee camps, in the western Algerian Sahara desert. There are also more than 4,000 Palestinian refugees, who are well integrated and have not asked for assistance from the United Nations High Commissioner for Refugees (UNHCR). In 2009, 35,000 Chinese migrant workers lived in Algeria.
The largest concentration of Algerian migrants outside Algeria is in France, which has reportedly over 1.7 million Algerians of up to the second generation.
There are also many foreign communities in Algeria, though these do not make up a significant portion of the population.


=== Ethnic groups ===

Arabs and indigenous Berbers as well as Phoenicians, Romans, Vandals, Byzantine Greeks, Turks, various Sub-Saharan Africans, and French have contributed to the history and culture of Algeria. Descendants of Andalusi refugees are also present in the population of Algiers and other cities. Moreover, Spanish was spoken by these Aragonese and Castillian Morisco descendants deep into the 18th century, and even Catalan was spoken at the same time by Catalan Morisco descendants in the small town of Grish El-Oued.
Centuries of Arab migrations to the Maghreb since the seventh century shifted the demographic scope in Algeria. Estimates vary based on different sources. The majority of the population of Algeria is ethnically Arab, constituting between 75% and 80% to 85% of the population. Berbers who make up between 15% and 20% to 24% of the population are divided into many groups with varying languages. The largest of these are the Kabyles, who live in the Kabylie region east of Algiers, the Chaoui of Northeast Algeria, the Tuaregs in the southern desert and the Shenwa people of North Algeria.
During the colonial period, there was a large (10% in 1960) European population who became known as Pied-Noirs. They were primarily of French, Spanish and Italian origin. Almost all of this population left during the war of independence or immediately after its end.


=== Languages ===
Modern Standard Arabic and Berber are the official languages. Algerian Arabic (Darja) is the language used by the majority of the population. Colloquial Algerian Arabic has some Berber loanwords which represent 8% to 9% of its vocabulary.
Berber has been recognised as a ""national language"" by the constitutional amendment of 8 May 2002. Kabyle, the predominant Berber language, is taught and is partially co-official (with a few restrictions) in parts of Kabylie. Kabyle has a significant Arabic, French, Latin, Greek, Phoenician and Punic substratum, and Arabic loanwords represent 35% of the total Kabyle vocabulary. In February 2016, the Algerian constitution passed a resolution that made Berber an official language alongside Arabic. Algeria emerged as a bilingual state after 1962. Colloquial Algerian Arabic is spoken by about 83% of the population and Berber by 27%.
Although French has no official status in Algeria, it has one of the largest Francophone populations in the world, and French is widely used in government, media (newspapers, radio, local television), and both the education system (from primary school onwards) and academia due to Algeria's colonial history. It can be regarded as a lingua franca of Algeria. In 2008, 11.2 million Algerians could read and write in French. In 2013, it was estimated that 60% of the population could speak or understand French. In 2022, it was estimated that 33% of the population was Francophone.
The use of English in Algeria, though limited in comparison to the previously mentioned languages, has increased due to globalisation. In 2022 it was announced that English would be taught in elementary schools.


=== Religion ===

Islam is the predominant religion in Algeria, with its adherents, mostly Sunnis, accounting for 99% of the population according to a 2021 CIA World Factbook estimate, and 97.9% according to Pew Research in 2020. There are about 290,000 Ibadis in the M'zab Valley in the region of Ghardaia.
Prior to independence, Algeria was home to more than 1.3 million Christians (mostly of European ancestry). Most of the Christian settlers left to France after the country's independence. Today, estimates of the Christian population range from 100,000 to 200,000. Algerian citizens who are Christians predominantly belong to Protestant denominations, which have seen increased pressure from the government in recent years including many forced closures.
According to the Arab Barometer in 2018–2019, the vast majority of Algerians (99.1%) continue to identify as Muslim. The June 2019 Arab Barometer-BBC News report found that the percentage of Algerians identifying as non-religious has grown from around 8% in 2013 to around 15% in 2018. The Arab Barometer December 2019, found that the growth in the percentage of Algerians identifying as non-religious is largely driven by young Algerians, with roughly 25% describing themselves as non-religious. However, the 2021 Arab Barometer report found that those who said they were not religious among Algerians has decreased, with just 2.6% identifying as non-religious. In that same report, 69.5% of Algerians identified as religious and another 27.8% identifying as somewhat religious.
Algeria has given the Muslim world a number of prominent thinkers, including Emir Abdelkader, Abdelhamid Ben Badis, Mouloud Kacem Naît Belkacem, Malek Bennabi and Mohamed Arkoun.


=== Health ===

In 2018, Algeria had the highest numbers of physicians in the Maghreb region (1.72 per 1,000 people), nurses (2.23 per 1,000 people), and dentists (0.31 per 1,000 people). Access to ""improved water sources"" was around 97.4% of the population in urban areas and 98.7% of the population in the rural areas. Some 99% of Algerians living in urban areas, and around 93.4% of those living in rural areas, had access to ""improved sanitation"". According to the World Bank, Algeria is making progress towards its goal of ""reducing by half the number of people without sustainable access to improved drinking water and basic sanitation by 2015"". Given Algeria's young population, policy favours preventive health care and clinics over hospitals. In keeping with this policy, the government maintains an immunisation programme. However, poor sanitation and unclean water still cause tuberculosis, hepatitis, measles, typhoid fever, cholera and dysentery. The poor generally receive healthcare free of charge.
Health records have been maintained in Algeria since 1882 and began adding Muslims living in the south to their vital record database in 1905 during French rule.


=== Education ===

Since the 1970s, in a centralised system that was designed to significantly reduce the rate of illiteracy, the Algerian government introduced a decree by which school attendance became compulsory for all children aged between 6 and 15 years who have the ability to track their learning through the 20 facilities built since independence, now the literacy rate is around 92.6%. Since 1972, Arabic is used as the language of instruction during the first nine years of schooling. From the third year, French is taught and it is also the language of instruction for science classes. The students can also learn English, Italian, Spanish and German. In 2008, new programmes at the elementary appeared, therefore the compulsory schooling does not start at the age of six anymore, but at the age of five. Apart from the 122 private schools, the Universities of the State are free of charge. After nine years of primary school, students can go to a high school or to an educational institution. The school offers two programmes: general or technical. At the end of the third year of secondary school, students pass the exam of the baccalaureate, which allows once it is successful to pursue graduate studies in universities and institutes.

Education is officially compulsory for children between the ages of six and 15. In 2008, the illiteracy rate for people over 10 was 22.3%, 15.6% for men and 29.0% for women. The province with the lowest rate of illiteracy was Algiers Province at 11.6%, while the province with the highest rate was Djelfa Province at 35.5%.
Algeria has 26 universities and 67 institutions of higher education, which must accommodate a million Algerians and 80,000 foreign students in 2008. The University of Algiers, founded in 1879, is the oldest, it offers education in various disciplines (law, medicine, science and letters). Twenty-five of these universities and almost all of the institutions of higher education were founded after the independence of the country.
Even if some of them offer instruction in Arabic like areas of law and the economy, most of the other sectors such as science and medicine continue to be provided in French and English. Among the most important universities, there are the University of Sciences and Technology Houari Boumediene, the University of Mentouri Constantine, and University of Oran Es-Senia. The University of Abou Bekr Belkaïd in Tlemcen and University of Batna Hadj Lakhdar occupy the 26th and 45th row in Africa. Algeria was ranked 115th in the Global Innovation Index in 2024.


== Culture ==

Modern Algerian literature, split between Arabic, Tamazight and French, has been strongly influenced by the country's recent history. Famous novelists of the 20th century include Mohammed Dib, Albert Camus, Kateb Yacine and Ahlam Mosteghanemi while Assia Djebar is widely translated. Among the important novelists of the 1980s were Rachid Mimouni, later vice-president of Amnesty International, and Tahar Djaout, murdered by an Islamist group in 1993 for his secularist views.
Malek Bennabi and Frantz Fanon are noted for their thoughts on decolonisation; Augustine of Hippo was born in Tagaste (modern-day Souk Ahras); and Ibn Khaldun, though born in Tunis, wrote the Muqaddima while staying in Algeria. The works of the Sanusi family in pre-colonial times, and of Emir Abdelkader and Sheikh Ben Badis in colonial times, are widely noted. The Latin author Apuleius was born in Madaurus (Mdaourouch), in what later became Algeria.
Contemporary Algerian cinema is varied in terms of genre, exploring a wider range of themes and issues. There has been a transition from cinema which focused on the war of independence to films more concerned with the everyday lives of Algerians.


=== Media ===


=== Art ===

Algerian painters, like Mohammed Racim and Baya, attempted to revive the prestigious Algerian past prior to French colonisation, at the same time that they have contributed to the preservation of the authentic values of Algeria. In this line, Mohamed Temam, Abdelkhader Houamel have also returned through this art, scenes from the history of the country, the habits and customs of the past and the country life. Other new artistic currents including the one of M'hamed Issiakhem, Mohammed Khadda and Bachir Yelles, appeared on the scene of Algerian painting, abandoning figurative classical painting to find new pictorial ways, to adapt Algerian paintings to the new realities of the country through its struggle and its aspirations. Mohammed Khadda and M'hamed Issiakhem have been notable in recent years.


=== Literature ===

The roots of Algerian literature go back to the Numidian and Roman African era, when Apuleius wrote The Golden Ass, the only Latin novel to survive in its entirety. This period also saw Augustine of Hippo, Nonius Marcellus and Martianus Capella. The Middle Ages also saw several Arabic writers who contributed to Arab literature, with authors like Ahmad al-Buni, Ibn Manzur and Ibn Khaldun, who wrote the Muqaddimah while staying in Algeria. Albert Camus was an Algerian-born French Pied-Noir author. In 1957, he was awarded the Nobel Prize in Literature.
Algerian literature contains works whose main concern is the assertion of Algerian national entity. Examples include novels such as the Algerian trilogy by Mohammed Dib, and Nedjma by Kateb Yacine. Other writers in Algerian literature include Mouloud Feraoun, Malek Bennabi, Malek Haddad, Moufdi Zakaria, Abdelhamid Ben Badis, Mohamed Laïd Al-Khalifa, Mouloud Mammeri, Frantz Fanon, and Assia Djebar.

In the aftermath of Independence, new authors emerged on the Algerian literary scene, they attempted to expose social problems, among them there are Rachid Boudjedra, Rachid Mimouni, Leila Sebbar, Tahar Djaout and Tahar Ouettar.
Algerian literature includes shocking expression, due to the terrorism that occurred during the 1990s. Other styles have an individualistic conception of the human condition. Among noted more recent work is The Swallows of Kabul and The Attack by Yasmina Khadra, The Oath of Barbarians by Boualem Sansal, Memory of the Flesh by Ahlam Mosteghanemi and the last novel of Assia Djebar Nowhere in My Father's House.


=== Cinema ===

The Algerian state's interest in film-industry activities can be seen in the annual budget of DZD 200 million (EUR 1.3 million) allocated to production, specific measures and an ambitious programme plan implemented by the Ministry of Culture to promote national production, renovate the cinema stock and remedy the weak links in distribution and exploitation.
The financial support provided by the state, through the Fund for the Development of the Arts, Techniques and the Film Industry (FDATIC) and the Algerian Agency for Cultural Influence (AARC), plays a key role in the promotion of national production. Between 2007 and 2013, FDATIC subsidised 98 films (feature films, documentaries and short films). In mid-2013, AARC had already supported a total of 78 films, including 42 feature films, 6 short films and 30 documentaries.
According to the European Audiovisual Observatory's LUMIERE database, 41 Algerian films were distributed in Europe between 1996 and 2013; 21 films in this repertoire were Algerian-French co-productions. Days of Glory (2006) and Outside the Law (2010) recorded the highest number of admissions in the European Union, 3,172,612 and 474,722, respectively.
Algeria won the Palme d'Or for Chronicle of the Years of Fire (1975), two Oscars for Z (1969), and other awards for the Italian-Algerian movie The Battle of Algiers.


=== Cuisine ===

Algerian cuisine is rich and diverse as a result of interactions and exchanges with other cultures and nations over the centuries. It is based on both land and sea products. Conquests or demographic movement towards the Algerian territory were two of the main factors of exchanges between the different peoples and cultures. The Algerian cuisine is a mix of Arab, Berber, Turkish and French roots.
Algerian cuisine offers a variety of dishes depending on the region and the season, but vegetables and cereals remain at its core. Most of the Algerian dishes are centered around bread, meats (lamb, beef or poultry), olive oil, vegetables, and fresh herbs. Vegetables are often used for salads, soups, tajines, couscous, and sauce-based dishes. Of all the Algerian traditional dishes available, the most famous one is couscous, recognized as a national dish.


=== Sports ===

Various games have existed in Algeria since antiquity. In the Aures, people played several games such as El Kherba or El khergueba (chess variant). Playing cards, checkers and chess games are part of Algerian culture. Racing (fantasia) and rifle shooting are part of cultural recreation of the Algerians.
Football is the most popular sport in the country. The Algerian national football team, known as the Desert Foxes, has a strong fan base and has achieved success both domestically and internationally.
Algeria has a long history in other sports such as athletics, boxing, volleyball, handball and the study of martial arts. Algerian athletes have competed in the Olympic Games and have won medals in various events. Many sports clubs and organisations exist in Algeria to promote and develop sports among young people. The Ministry of Youth and Sports in Algeria manages sport-related activities.


== See also ==
Index of Algeria-related articles
Outline of Algeria


== Explanatory notes ==


== Citations ==


== General bibliography ==


== External links ==

Key Development Forecasts for Algeria from International Futures


=== Government ===
Public Services – gateway to government sites
El Mouradia Palace Archived 10 December 2019 at the Wayback Machine – official website of the president of Algeria
Statistics – official website of National Office of Statistics


=== History ===
""History"" – Algerian history at Ministry of Foreign Affairs


=== Tourism ===
Visit Algeria Archived 6 February 2023 at the Wayback Machine – Algeria's official tourism portal


=== Maps ===
 Wikimedia Atlas of Algeria
 Geographic data related to Algeria at OpenStreetMap"
American Samoa,"American Samoa is an unincorporated and unorganized territory of the United States located in the Polynesia region of the south Pacific Ocean. Centered on 14.3°S 170.7°W﻿ / -14.3; -170.7, it is 40 miles (64 km) southeast of the island country of Samoa, east of the International Date Line and the Wallis and Futuna Islands, west of the Cook Islands, north of Tonga, and some 310 miles (500 km) south of Tokelau. American Samoa is the southernmost territory of the United States, situated 2,200 miles (3,500 km) southwest of the U.S. state of Hawaii, and one of two U.S. territories south of the Equator, along with the uninhabited Jarvis Island.
American Samoa consists of the eastern part of the Samoan archipelago – the inhabited volcanic islands of Tutuila, Aunuʻu, Ofu, Olosega and Taʻū and the uninhabited Rose Atoll – as well as Swains Island, a remote coral atoll in the Tokelau volcanic island group. The total land area is 77 square miles (199 km2), slightly larger than Washington, D.C.; including its territorial waters, the total area is 117,500 square miles (304,000 km2), about the size of New Zealand. American Samoa has a tropical climate, with 90 percent of its land covered by rainforests. As of 2024, the population is approximately 47,400 and concentrated on Tutuila, which hosts the capital and largest settlement, Pago Pago. The vast majority of residents are indigenous ethnic Samoans, most of whom are fluent in the official languages, Samoan and English.
Inhabited by Polynesians since prehistory, American Samoa was first contacted by Europeans in the 18th century. The islands attracted missionaries, explorers, and mariners, particularly to the highly protected natural harbor of Pago Pago. The United States took possession of American Samoa in the late 19th century, developing it into a major naval outpost; the territory's strategic value was reinforced by the Second World War and subsequent Cold War. In 1967, American Samoa became self-governing with the adoption of a constitution; its local government is republican in form, with separate executive, legislative, and judicial branches. It remains officially unorganized and is thus directly administered by the federal government. American Samoa is listed among seventeen ""non-self-governing territories"" but is a member of several intergovernmental organizations, including the Pacific Community, Pacific Islands Forum (PIF), Alliance of Small Island States (AOSIS), and International Olympic Committee (IOC).
Due to the territory's strategic location, the U.S. military has a significant presence and plays a major role in its economy and society. The territory is noted for having the highest rate of military enlistment of any U.S. state or territory; as of 2021, the local U.S. Army recruiting station in Pago Pago ranked first in recruitment.  Tuna products are the main exports, with the U.S. proper serving as the largest trading partner. Tourism is a nascent but underdeveloped sector, owing in part to the territory's relative geographic isolation, which also accounts for its high rate of poverty and emigration.

Residents of American Samoa are politically disenfranchised, with no voting representation in the U.S. Congress. American Samoa is the only permanently inhabited territory of the United States in which citizenship is not granted at birth, and people born there are considered ""non-citizen nationals"" with limited rights. Citizenship is a controversial topic locally, as the government of American Samoa fears that it would lead to the erosion of traditional customs. It is the only U.S. territory with its own immigration system. 


== Etymology ==
The origin of the name ""Samoa"" means ""Holy Center"", taken from a compound of the Samoan sa (""sacred"") and moa (""center""). The name is alternatively derived from a local chieftain named Samoa or an indigenous word meaning ""place of the moa"", a now-extinct bird.
Although the sovereign state of Samoa changed its name from Western Samoa in 1997, the territory is also sometimes referred to as Eastern Samoa to distingush from its neighbor.


== History ==

Traditional oral literature of Samoa and Manuʻa talks of a widespread Polynesian network or confederacy (or ""empire"") that was prehistorically ruled by the successive Tui Manuʻa dynasties. Manuan genealogies and religious oral literature also suggest that the Tui Manuʻa had long been one of the most prestigious and powerful paramounts of Samoa. Oral history suggests that the Tui Manuʻa kings governed a confederacy of far-flung islands which included Tutuila, as well as smaller western Pacific chiefdoms and Polynesian outliers such as Uvea, Futuna, Tokelau, Tuvalu and bigger islands like the Samoa in the North. Commerce and exchange routes between the western Polynesian societies are well documented and it is speculated that the Tui Manuʻa dynasty grew through its success in obtaining control and manufacturing goods such as finely woven ceremonial mats ""('Ie Konga)"" for the Tu'i Tonga, whale ivory ""tabua"" for their Fijian masters, obsidian and basalt tools, chiefly red feathers, and seashells reserved for royalty (such as polished nautilus and the egg cowry).


=== 18th century: First Western contacts ===
Contact with Europeans began in the early 18th century. Dutchman Jacob Roggeveen was the first known European to sight the Samoan Islands in 1722, calling them the ""Baumann Islands"" after one of his captains. The next explorer to visit the islands was Louis-Antoine de Bougainville, who named them the ""Îles des Navigateurs"" in 1768. British explorer James Cook recorded the island names in 1773, but never visited.
The 1789 visit by Lapérouse was ended by an attack, on Tutuila island where Lapérouse's men were trying to obtain water. His second in command Capt. de Langle and several of his crew were killed. La Pérouse named the island ""Massacre Island"", and the bay near Aasu is still called Massacre Bay.
HMS Pandora, under the command of Admiral Edward Edwards (Royal Navy officer), visited the island in 1791 during its search for the H.M.S. Bounty mutineers. Von Kotzebue visited in 1824.


=== 19th century ===

Mission work in the Samoas had begun in late 1830 when John Williams of the London Missionary Society arrived from the Cook Islands and Tahiti. By the late nineteenth century, French, British, German, and American vessels routinely stopped at Samoa, as they valued Pago Pago Harbor as a refueling station for coal-fired shipping and whaling.
The United States Exploring Expedition visited the islands in 1839.

In March 1889, an Imperial German naval force entered a village in Samoa, and in doing so destroyed some American property. Three American warships then entered the Apia harbor and prepared to engage the three German warships found there. Before any shots were fired, a typhoon wrecked both the American and German ships. A compulsory armistice was then called because of the lack of any warships.


=== 20th century ===


==== Early 20th century ====

At the turn of the 20th century, international rivalries in the latter half of the century were settled by the 1899 Tripartite Convention in which Germany and the United States partitioned the Samoan Islands into two: the eastern island group became a territory of the United States (Tutuila in 1900 and officially Manuʻa in 1904) and is today known as American Samoa; the western islands, by far the greater landmass, became known as German Samoa, after Britain gave up all claims to Samoa and in return accepted the termination of German rights in Tonga and certain areas in the Solomon Islands and West Africa. Forerunners to the Tripartite Convention of 1899 were the Washington Conference of 1887, the Treaty of Berlin of 1889 and the Anglo-German Agreement on Samoa of 1899.


==== American colonization ====

The following year, the U.S. formally annexed its portion, a smaller group of eastern islands, one of which contains the noted harbor of Pago Pago. After the United States Navy took possession of eastern Samoa for the United States government, the existing coaling station at Pago Pago Bay was expanded into a full naval station, known as United States Naval Station Tutuila and commanded by a commandant. The Navy secured a Deed of Cession of Tutuila in 1900 and a Deed of Cession of Manuʻa in 1904 on behalf of the U.S. government. The last sovereign of Manuʻa, the Tui Manuʻa Elisala, signed a Deed of Cession of Manuʻa following a series of U.S. naval trials, known as the ""Trial of the Ipu"", in Pago Pago, Taʻu, and aboard a Pacific Squadron gunboat. The territory became known as the U.S. Naval Station Tutuila.
On July 17, 1911, the U.S. Naval Station Tutuila, which was composed of Tutuila, Aunuʻu and Manuʻa, was officially renamed American Samoa. People of Manuʻa had been unhappy since they were left out of the name ""Naval Station Tutuila"". In May 1911, Governor William Michael Crose authored a letter to the Secretary of the Navy conveying the sentiments of Manuʻa. The department responded that the people should choose a name for their new territory. The traditional leaders chose ""American Samoa"", and, on July 7, 1911, the solicitor general of the Navy authorized the governor to proclaim it as the name for the new territory.


==== World War I and the 1918 influenza pandemic ====

In 1918, during the final stages of World War I, the Great Influenza epidemic had taken its toll, spreading rapidly from country to country. American Samoa became one of the few places in the world (the others being New Caledonia and Marajó island in Brazil) to have proactively prevented any deaths during the pandemic through the quick response from Governor John Martin Poyer after hearing news reports of the outbreak on the radio and requesting quarantine ships from the U.S. mainland. The result of Poyer's quick actions earned him the Navy Cross from the U.S. Navy. With this distinction, American Samoans regarded Poyer as their hero for what he had done to prevent the deadly disease. The neighboring New Zealand territory at the time, Western Samoa, suffered the most of all Pacific islands, with 90% of the population infected; 30% of adult men, 22% of adult women and 10% of children died. Poyer offered assistance to help his New Zealand counterparts but was refused by the administrator of Western Samoa, Robert Logan, who became outraged after witnessing the number of quarantine ships surrounding American Samoa. Angered by this, Logan cut off communications with his American counterparts.


==== Interwar period ====


===== American Samoa Mau movement =====
After World War I, during the time of the Mau movement in Western Samoa (then a League of Nations mandate governed by New Zealand), there was a corresponding American Samoa Mau movement led by Samuelu Ripley, a World War I veteran who was from Leone village, Tutuila. After meetings on the United States mainland, he was prevented from disembarking from the ship that brought him home to American Samoa and was not allowed to return because the American Samoa Mau movement was suppressed by the U.S. Navy. In 1930 the U.S. Congress sent a committee to investigate the status of American Samoa, led by Americans who had a part in the overthrow of the Kingdom of Hawaii.


===== Annexation of Swains Island =====
Swains Island, which had been included in the list of guano islands appertaining to the United States and bonded under the Guano Islands Act, was annexed in 1925 by Pub. Res. 68–75, following the dissolution of the Gilbert and Ellice Islands Protectorate by the United Kingdom.


==== World War II and aftermath ====
During World War II, U.S. Marines stationed in Samoa outnumbered the local population and had a huge cultural influence. Young Samoan men from age 14 and above were combat-trained by U.S. military personnel. Samoans served in various capacities during World War II, including as combatants, medical personnel, code personnel, and ship repairmen.
In 1949, Organic Act 4500, a U.S. Department of Interior–sponsored attempt to incorporate American Samoa, was introduced in Congress. It was ultimately defeated, primarily through the efforts of Samoan chiefs, led by Tuiasosopo Mariota. The efforts of these chiefs led to the creation of a territorial legislature, the American Samoa Fono, which meets in the village of Fagatogo. In 1950 the Department of the Interior began to administer American Samoa.


==== 1951–1999 ====

By 1956, the U.S. Navy-appointed governor was replaced by Peter Tali Coleman, who was locally elected. Although technically considered ""unorganized"" since the U.S. Congress has not passed an Organic Act for the territory, American Samoa is self-governing under a constitution that became effective on July 1, 1967. The U.S. Territory of American Samoa is on the United Nations list of non-self-governing territories, a listing which is disputed by the territorial government officials, who do consider themselves to be self-governing.
American Samoa and Pago Pago International Airport had historic significance with the Apollo Program. The astronaut crews of Apollo 10, 12, 13, 14, and 17 were retrieved a few hundred miles from Pago Pago and transported by helicopter to the airport prior to being flown to Honolulu on C-141 Starlifter military aircraft.
While the two Samoas share language and ethnicity, their cultures have recently followed different paths, with American Samoans often emigrating to Hawaiʻi and the U.S. mainland, and adopting many U.S. customs, such as the playing of American football and baseball. Samoans have tended to emigrate instead to New Zealand, whose influence has made the sports of rugby and cricket more popular in the western Samoan islands. Travel writer Paul Theroux noted that there were marked differences between the societies in Samoa and American Samoa.
On August 13, 1999, the United Nations granted American Samoa ""observer seat"" status. Six days later, American Samoa officially recognized both Samoan and English as its official languages.


=== 21st century ===
In 2001 and 2003, the United States unsuccessfully sought to have American Samoa removed from the United Nations' decolonization list, arguing that the territory should not be considered a colony.
American Samoans have a high rate of service in the U.S. Armed Forces. Because of economic hardship, military service has been seen as an opportunity in American Samoa and other U.S. Overseas territories.
The federal Fair Minimum Wage Act of 2007 started gradual adjustments to the territorial minimum wage to bring it up to the level for U.S. states.


== Notable events ==


=== Pre-20th century ===

On December 13, 1784, French navigator Jean-François de Galaup, comte de Lapérouse landed two exploration parties on Tutuila's north shore: one from the ship Boussole at Fagasā, and the other from L'Astrolabe at Aʻasu. One of the cooks, David, died of ""scorbutic dropsy"". On December 11, twelve members of Lapérouse's crew (including First Officer Paul Antoine Fleuriot de Langle) were killed in a violent attack by Samoans at Aʻasu Bay, Tutuila, thereafter known as ""Massacre Bay"", which Lapérouse described as ""this den, more fearful from its treacherous situation and the cruelty of its inhabitants than the lair of a lion or a tiger"". This incident gave Samoa a reputation for savagery that kept Europeans away until the arrival of the first Christian missionaries four decades later. On December 12, at Aʻasu Bay, Lapérouse ordered his gunners to fire one cannonball amid the attackers who had killed his men the day before and were now returning to launch another attack. He later wrote in his journal ""I could have destroyed or sunk a hundred canoes, with more than 500 people in them: but I was afraid of striking the wrong victims; the call of my conscience saved their lives.""


=== 20th century ===

On December 19, 1912, English writer William Somerset Maugham arrived in Pago Pago, allegedly accompanied by a missionary and Miss Sadie Thompson. His visit inspired his short story ""Rain"" which later became plays and three major motion pictures. The building still stands where Maugham stayed and has been renamed the Sadie Thompson Building. Today, it is a prominent restaurant and inn.
On November 2, 1921, American Samoa's 13th naval governor, Commander Warren Jay Terhune, died by suicide with a pistol in the bathroom of the government mansion, overlooking the entrance to Pago Pago Harbor. His body was discovered by Government House's cook, SDI First Class Felisiano Debid Ahchica, USN. His ghost is rumored to walk about the grounds at night.

On August 17, 1924, Margaret Mead arrived in American Samoa aboard the SS Sonoma to begin fieldwork for her doctoral dissertation in anthropology at Columbia University, where she was a student of Professor Franz Boas. Her work Coming of Age in Samoa was published in 1928, at the time becoming the most widely read book in the field of anthropology. The book has sparked years of ongoing and intense debate and controversy. Mead returned to American Samoa in 1971 for the dedication of the Jean P. Haydon Museum.

In 1938, the noted aviator Ed Musick and his crew died on the Pan American World Airways S-42 Samoan Clipper over Pago Pago, while on a survey flight to Auckland, New Zealand. Sometime after takeoff, the aircraft experienced trouble, and Musick turned it back toward Pago Pago. While the crew dumped fuel in preparation for an emergency landing, an explosion occurred that tore the aircraft apart.
On November 24, 1939, American Samoa's last execution to date was carried out. A man named Imoa of Fagatogo was convicted of stabbing a person named Sella to death and was hanged in the Customs House. The popular Samoan song ""Faʻafofoga Samoa"" is based on this, said to be the final words of Imoa.
On January 13, 1942, at 2:26 a.m., a Japanese submarine surfaced off Tutuila between Southworth Point and Fagasa Bay and fired about 15 shells from its 5.5-inch deck gun at the U.S. Naval Station Tutuila over the next 10 minutes. The first shell struck the rear of Frank Shimasaki's store, ironically owned by one of Tutuila's few Japanese residents. The store was closed, as Mr. Shimasaki had been interned as an enemy alien. The next shell caused slight damage to the naval dispensary, the third landed on the lawn behind the naval quarters known as ""Centipede Row,"" and the fourth struck the stone seawall outside the customs house. The other rounds fell harmlessly into the harbor. As one writer described it, ""The fire was not returned, notwithstanding the eagerness of the Samoan Marines to test their skill against the enemy ... No American or Samoan Marines were wounded."" Commander Edwin B. Robinson was bicycling behind Centipede Row and was wounded in the knee by a piece of shrapnel, and ""a member of the colorful native Fita Fita Guard"" received minor injuries; they were the only casualties. This was the only time the Japanese attacked Tutuila during World War II, although ""Japanese submarines had patrolled the waters around Samoa before the war, and continued to be active there throughout the war.""
On August 24, 1943, First Lady Eleanor Roosevelt visited American Samoa and inspected the Fita Fita Guard and Band and the First Samoan Battalion of U.S. Marine Corps Reserve at the U.S. Naval Station American Samoa. The fact that First Lady reviewed the troops led to further assurance that Tutuila Island was considered safe. Her presence underscored that World War II had passed by American Samoa. While the Fita Fita band played, Eleanor Roosevelt inspected the guard.
On October 18, 1966, President Lyndon Baines Johnson and First Lady Lady Bird Johnson visited American Samoa. Mrs. Johnson dedicated the ""Manulele Tausala"" (""Lady Bird"") Elementary School in Nuʻuuli, which was named after her. Johnson is the only US president to have visited American Samoa, while Mrs. Johnson was the second First Lady, preceded by Eleanor Roosevelt in 1943. The territory's only hospital was renamed the LBJ Tropical Medical Center in honor of President Johnson.
In the late 1960s and early 1970s, American Samoa played a pivotal role in five of the Apollo Program missions. The astronauts landed several hundred miles from Pago and were transported to the islands en route back to the mainland. President Richard Nixon gave three Moon rocks to the American Samoan government, which are currently on display in the Jean P. Haydon Museum along with a flag carried to the Moon on one of the missions.
In November 1970, Pope Paul VI visited American Samoa in a brief but lavish greeting.
On January 30, 1974, Pan Am Flight 806 from Auckland, New Zealand, crashed at Pago Pago International Airport at 10:41 pm, with 91 passengers aboard. 86 people were killed, including Captain Leroy A. Petersen and the entire flight crew. Four of the five surviving passengers were seriously injured, with the other only slightly injured. The airliner was destroyed by the impact and succeeding fire. The crash was attributed to poor visibility, pilot error, or wind shear since a violent storm was raging at the time. In January 2014, filmmaker Paul Crompton visited the territory to interview local residents for a documentary film about the 1974 crash.
As part of the Flag Day celebrations on April 17, 1980, a U.S. Navy P-3 Orion patrol plane from Patrol Squadron 50 took off with six skydivers from the U.S. Army's Hawaii-based Tropic Lightning Parachute Club. The airplane contacted the Solo Ridge-Mount Alava aerial tramway cable across Pago Pago harbor, which sheared off its vertical stabilizer. The aircraft crashed, demolishing a wing of the Rainmaker Hotel and killing all six crew members and one civilian. The six skydivers had already left the aircraft during a demonstration jump. A memorial monument is erected on Mt. Mauga O Aliʻi to honor their memory.
On November 1, 1988, President Ronald Reagan signed a bill which created American Samoa National Park.


=== 21st century ===
On July 22, 2010, Detective Lieutenant Lusila Brown was fatally shot outside the temporary High Court building in Fagatogo. It was the first time in more than 15 years that a police officer was killed in the line of duty. The last was Sa Fuimaono, who drowned after saving a teenager from rough seas.
On November 8, 2010, United States Secretary of State and former First Lady Hillary Clinton made a refueling stopover at the Pago Pago International Airport. She was greeted by government dignitaries and presented with gifts and a traditional kava ceremony.
Mike Pence was the third sitting U.S. vice president to visit American Samoa (after Dan Quayle and Joe Biden) when he made a stopover in Pago Pago in April 2017. He addressed 200 soldiers here during his refueling stop. U.S. Secretary of State Rex Tillerson visited town on June 3, 2017.


==== September 2009 earthquake and tsunami ====

On September 28, 2009, at 17:48:11 UTC, an 8.1 magnitude earthquake struck 120 miles (190 km) off the coast of American Samoa, followed by smaller aftershocks. It was the largest earthquake of 2009. The quake occurred on the outer rise of the Kermadec-Tonga Subduction Zone. This is part of the Pacific Ring of Fire, where tectonic plates in the Earth's lithosphere meet, and earthquakes and volcanic activity are common. The quake struck 11.2 miles (18.0 km) below the ocean floor and generated an onsetting tsunami that killed more than 170 people in the Samoa Islands and Tonga. Four waves with heights from 15 feet (4.6 m) to 20 feet (6.1 m) high were reported to have reached up to one mile (1.6 km) inland on the island of Tutuila.
The Defense Logistics Agency worked with the Federal Emergency Management Agency to provide 16 ft × 16 ft (4.9 m × 4.9 m) humanitarian tents to the devastated areas of American Samoa.


== Government and politics ==


=== Government ===

American Samoa is classified in U.S. law as an unincorporated territory; the Ratification Act of 1929 vested all civil, judicial, and military powers in the President of the United States. In 1951, with Executive Order 10264, President Harry Truman delegated that authority to the Secretary of the Interior. On June 21, 1963 Paramount Chief Tuli Leʻiato of Fagaʻitua was sworn in and installed as the first Secretary of Samoan Affairs by Governor H. Rex Lee. On June 2, 1967, Interior Secretary Stewart Udall promulgated the Revised Constitution of American Samoa, which took effect on July 1, 1967.

The Governor of American Samoa is the head of government and along with the Lieutenant Governor of American Samoa is elected on the same ticket by popular vote for a four-year term. The governor's office is located in Utulei. Since American Samoa is a U.S. territory, the President of the United States serves as the head of state but does not play a direct role in government. The Secretary of the Interior oversees the government, retaining the power to approve constitutional amendments, overrides the governor's vetoes, and nomination of justices.
The legislative power is vested in the American Samoa Fono, which has two chambers. The House of Representatives has 21 members serving two-year terms, being 20 representatives popularly elected from various districts and one non-voting delegate from Swains Island elected in a public meeting. The Senate has 18 members, elected for four-year terms by and from the chiefs of the islands. The Fono is located in Fagatogo.
The judiciary of American Samoa is composed of the High Court of American Samoa, a District Court, and village courts. The High Court and District Court are located in Fagatogo, near the Fono. The High Court is led by a Chief Justice and an Associate Justice, appointed by the Secretary of the Interior. Other judges are appointed by the governor upon the recommendation of the Chief Justice and confirmed by the Senate.


=== Politics ===

 
American Samoa is an unincorporated and unorganized territory of the United States, administered by the Office of Insular Affairs, U.S. Department of the Interior. American Samoa's constitution was ratified in 1966 and came into effect in 1967.
However, despite being de jure unorganized (as no Organic Act for it has been adopted by the U.S. Congress, instead leaving power vested in the U.S. president), American Samoa is de facto organized, with its politics taking place in the framework of a presidential representative democratic dependency (whereby an elected Governor is head of government) and of a pluriform multi-party system.
Executive power is exercised by the governor. Legislative power is vested in the two chambers of the legislature. The American political parties (Republican and Democratic) exist in American Samoa, but few politicians are aligned with the parties. The judiciary is independent of the executive and the legislature.
There is also the traditional village politics of the Samoa Islands, the ""faʻamatai"" and the ""faʻa Sāmoa"", which continues in American Samoa and independent Samoa, and which interacts across these current boundaries. The faʻa Sāmoa is the language and customs, and the faʻamatai are the protocols of the ""fono"" (council) and the chief system. The faʻamatai and the fono take place at all levels of the Samoan body politic, from the family to the village, to the region, to national matters.
The ʻaiga is the family unit of Samoan society, which differs from the Western sense of a family in that it consists of an ""extended family"" based on the culture's communal socio-political organization. The head of the ʻaiga is the matai. The matai (chiefs) are elected by consensus within the fono of the extended family and village(s) concerned. The matai and the fono, which are themselves made of matai, decide on the distribution of family exchanges and tenancy of communal lands. The majority of lands in American Samoa and independent Samoa are communal. A matai can represent a small family group or a great extended family that reaches across islands and to both American Samoa and independent Samoa.
In 2010, voters rejected a package of amendments to the territorial constitution, which would have, among other things, allowed U.S. citizens to be legislators only if they had Samoan ancestry.
In 2012, both the Governor and American Samoa's delegate to the U.S. Congress Eni Faleomavaega called for the populace to consider a move toward autonomy if not independence, with a mixed response.


==== Nationality ====

According to the Immigration and Nationality Act (INA), the people born in American Samoa – including those born on Swains Island – are ""nationals but not citizens of the United States at birth"". If a child is born on any of these islands to any U.S. citizen, then that child is considered a national and a citizen of the United States at birth. All U.S. nationals have statutory rights to reside in all parts of the United States, and may apply for citizenship by naturalization after three months of residency by paying a fee, passing a test in English and civics, and taking an oath of allegiance to the United States. All U.S. nationals also have the right to work in the United States, except in certain government jobs that specifically require U.S. citizenship.
The question of whether American Samoans should be granted citizenship is controversial in American Samoa, and the government of American Samoa is currently opposed to it. Those against citizenship worry that it would lead to federal judges overturning American Samoa's unique political system and land ownership customs, in which one must be at least 50% of Samoan ancestry to acquire land and land ownership is controlled by local families and matai. Those in favor of citizenship claim the law discriminates against them unfairly, restricting their voting rights and their ability to serve in many public sector professions.
In 2012, a group of American Samoans sued the federal government seeking recognition of birthright citizenship for American Samoans in the case Tuaua v. United States. In an amicus curiae brief filed in federal court, American Samoan Congressman Faleomavaega supported the legal interpretation that the Citizenship Clause of the Fourteenth Amendment does not extend birthright citizenship to United States nationals born in unincorporated territories. In June 2015, the U.S. Court of Appeals for the District of Columbia affirmed that Fourteenth Amendment citizenship guarantees did not apply to persons born in unincorporated territories and a year later the U.S. Supreme Court declined to review the lower court's decision.
In December 2019, U.S. District Judge Clark Waddoups struck down 8 U.S.C. § 1408(1) as facially unconstitutional, holding that ""Persons born in American Samoa are citizens of the United States by the Citizenship Clause of the Fourteenth Amendment"", but the United States Court of Appeals for the Tenth Circuit reversed the district court's judgment and found the statute constitutional. On July 20, 2021, the Legislature of American Samoa unanimously passed a resolution in support of the 10th Circuit Court's decision to reverse.


===== Voting rights =====
As U.S. nationals, American Samoans can vote in local elections in the territory; however, if they live in other parts of the United States, they are not allowed to vote in federal, state or the vast majority of local elections unless they become U.S. citizens. The only federal office American Samoans elect directly is a non-voting delegate to the United States House of Representatives. Since the delegate's office was created in 1978, three people have held the seat: Democrat Fofō Iosefa Fiti Sunia (1981–1988); Democrat Eni Faleomavaega (1989–2015); and Republican Aumua Amata Radewagen (2015–) American Samoans also participate in partisan presidential primaries, as well as send delegates to the Democratic and Republican National Conventions.


==== Immigration ====
Unique among U.S. territories, American Samoa has its own immigration law, separate from the laws that apply in other parts of the United States. U.S. nationals may freely reside in American Samoa. The American Samoan government, via its Immigration Office, controls the migration of foreign nationals to the islands. Special application forms exist for migration to American Samoa based on family or employment sponsorship.
Unlike all other permanently inhabited U.S. jurisdictions (states, District of Columbia, Puerto Rico, U.S. Virgin Islands, Guam and Northern Mariana Islands), American Samoa is not considered a U.S. state for the purposes of the U.S. Immigration and Nationality Act. As a result, there is no path for immigrants to American Samoa to apply for U.S. citizenship, or U.S. nationality at all, without permanent residence in another U.S. jurisdiction. In addition, foreign nationals who do have lawful permanent residence in the United States may be considered to have abandoned it if they have moved to live in American Samoa, and time spent there does not count in the required period of U.S. presence for naturalization.
U.S. nationals without U.S. citizenship (the status of most American Samoans) have the right to reside in all parts of the United States without immigration restrictions. They also have the same rights as lawful permanent residents to sponsor foreign family members to immigrate to the United States (they may sponsor spouses and unmarried children), but not the same rights as U.S. citizens (who may also sponsor parents, married children, and siblings).


==== Land ownership ====
Under American Samoan law, land ownership is subject to racial restrictions. Since 1900, there have been three main categories of land ownership: native, individual, and freehold. Native land, which makes up over 90% of all land in the territory, is land under the communal ownership of an ʻaiga, as opposed to the private ownership of an individual. Freehold land, which makes up only about 2% of the total, is land which was granted to foreigners before the U.S. took possession of the territory in 1900 and whose owners have not chosen to revert to native or individual land status.
The American Samoa Code (Annotated) prohibits the transfer of ownership (whether by sale or otherwise) of any land other than freehold land to any person who has less than one-half native Samoan blood, which in this context includes both American and Western Samoa. In addition, it is prohibited to transfer ownership of any native (communal) land to any person who is not a full-blooded native Samoan: this includes any person who has any non-native blood whatsoever, even if they are more than one-half native Samoan.
In Craddick v. Territorial Registrar, 1 Am. Samoa 2d. 10, 14 (1980), the Appellate Division of the High Court of American Samoa held that while these laws created a classification based on race, they did not violate the guarantees of equal protection and due process contained in the U.S. Constitution and the Revised American Samoan Constitution. Given the cruciality of land ownership and the communal ownership structure to American Samoan culture, and the American Samoan government's vital and demonstrated interest in preserving Samoan land and culture, the Court found that the laws in question pursued a proper purpose rather than a discriminatory one, and, being necessary to achieve that purpose, were sufficiently justified and thus constitutional.


==== Official protest to naming of neighboring Samoa ====
The U.S. Embassy in Samoa notes that: ""In July 1997 the Constitution was amended to change the country's name from Western Samoa to Samoa. Samoa had been known simply as Samoa in the United Nations since joining the organization in 1976. The neighboring U.S. territory of American Samoa protested the move, feeling that the change diminished its own Samoan identity. American Samoans still use the terms Western Samoa and Western Samoans.""


=== Administrative divisions ===

American Samoa is administratively divided into three districts – Western, Eastern and Manuʻa – and two ""unorganized"" atolls, Swains Island and the uninhabited Rose Atoll. The districts are subdivided into counties and villages. Pago Pago, often cited as the capital of American Samoa, is one of the largest villages and is located on the central part of Tutuila island in Maʻoputasi County.


== Geography ==

American Samoa, located within the geographical region of Oceania, is one of only two possessions of the United States in the Southern Hemisphere, the other being Jarvis Island. Its total land area is 76.1 square miles (197.1 km2) – slightly larger than Washington, D.C. – consisting of five rugged, volcanic islands and two coral atolls. 

The five volcanic islands are Tutuila, Aunuʻu, Ofu, Olosega, and Taʻū. The coral atolls are Swains and Rose Atoll. Of the seven islands, Rose Atoll is the only uninhabited one; it is a Marine National Monument. American Samoa is the southernmost reach of the United States at fourteen degrees below the equator.

Due to its positioning in the South Pacific Ocean, it is frequently hit by tropical cyclones between November and April. Rose Atoll is the easternmost point of the territory. American Samoa's Rose Atoll is the southernmost point of the United States. American Samoa is home to the National Park of American Samoa.
The highest mountains are: Lata Mountain (Taʻū), 3,170 ft (970 m); Matafao Peak, 2,141 ft (653 m); Piumafua (Olosega), 2,095 ft (639 m); and Tumutumu (Ofu), 1,621 ft (494 m). Mount Pioa, nicknamed the Rainmaker, is 1,718 ft (524 m). American Samoa is also home to some of the world's highest sea cliffs at 3,000 ft (910 m).

The Vailuluʻu seamount, an active submerged volcano, lies 28 miles (45 km) east of Taʻū in American Samoa. It was discovered in 1975 and has since been studied by an international team of scientists, contributing towards understanding of the Earth's fundamental processes. Growing inside the summit crater of Vailuluʻu is an active underwater volcanic cone, named after Samoa's goddess of war, Nafanua.
In American Samoa forest cover is around 86% of the total land area, equivalent to 17,130 hectares (ha) of forest in 2020, down from 18,070 hectares (ha) in 1990. In 2020, naturally regenerating forest covered 17,130 hectares (ha) and planted forest covered 0 hectares (ha). Of the naturally regenerating forest 1% was reported to be primary forest (consisting of native tree species with no clearly visible indications of human activity) and around 15% of the forest area was found within protected areas. For the year 2015, 0% of the forest area was reported to be under public ownership, 100% private ownership and 0% with ownership listed as other or unknown.
American Samoa lies within two terrestrial ecoregions: Samoan tropical moist forests and Western Polynesian tropical moist forests.


== Climate ==

American Samoa has a tropical climate all year round with two distinct seasons, the wet and dry season. The wet season is usually between December and March and the dry season is from April through to September with the average daily temperature around 81–83 °F (27–28 °C) all year round.
The climate is warm, tropical, and humid, averaging around 80 °F or 26.7 °C, with a variation of about 15 °F or 8 °C during the year. The southern hemisphere winter, from June to September, is the coolest time of the year. The summer months of December to March bring hotter temperatures, while the months from April to November are considered the ""dry"" season. Throughout the year, however, rain follows clouds blown in by the trade winds that rise from the east almost daily. The mountains of the Pago Pago area, standing over Pago Pago Harbor, catch these clouds, bringing an average of 200 inches or 5,100 millimeters of rainfall per year.


=== Climate change ===


== Economy ==

The economic health of American Samoa reflects the trends in other populated U.S. territories, which are in turn dependent on federal appropriations. Federal dollars enter the economy through congressional appropriations, categorical grants, Social Security payments, and payments to Samoans retired from the military. Tuna canning is the backbone of the American Samoa economy. Cannery employment and local auxiliary businesses provide additional revenues for the territorial government. In the mid-1960s, efforts began to develop a tourism industry in American Samoa. Efforts were delayed due to issues with inconsistent airline service, insufficient high-quality accommodations, and the lack of well-trained workers in the hospitality and tourism industries. Agriculture and fishing still provide sustenance for local families.

Employment on the island falls into three relatively equal-sized categories of approximately 5,000 workers each: the public sector, the single remaining tuna cannery, and the rest of the private sector.
There are only a few federal employees in American Samoa and a few active duty military personnel, except members of the U.S. Coast Guard, military recruiters, and some Full-Time Support staff at the Pele Army Reserve unit that maintains the facility and provides cadre, training, and logistics support. The Pele US Army Reserve Center is in Tafuna, and a U.S. Army and United States Marine Corps recruiting station is in Nuʻuuli.
There are six Army Reserve units at Pele:

Bravo Company, 100th Battalion, 442nd Infantry
Charlie Company, 100th Battalion, 442nd Infantry
411th Forward Support Company (Engineer)
USAR Theater Support Group Detachment American Samoa
1st Evacuation/Mortuary Platoon, 2nd Platoon, 962nd Quartermaster Company
127th Chaplain Detachment

The overwhelming majority of public sector employees work for the American Samoa territorial government. One tuna cannery is StarKist, which exports several hundred million dollars worth of canned tuna to the United States each year. In early 2007, the Samoan economy was highlighted in the Congress at the request of Eni Faleomavaega, the Samoan delegate to the United States House of Representatives, as it was not mentioned in the minimum wage bill. It was given no exemption from the coming increases, which he protested as unfair to the Samoan economy. House Speaker Nancy Pelosi initially granted his request for an exemption, but backed down after being accused of serving special interests, since tuna packing company Chicken of the Sea was based in her district. Samoa Packing, a Chicken of the Sea subsidiary closed in 2009, citing both minimum wage increases and increasing foreign competition, with the latter as the ""main reason"". Minimum wage in Samoa has been the topic of much debate, with the Samoan government and Chamber of Commerce strongly opposed, while businesses and workers hold nuanced views.


=== GDP ===
From 2002 to 2007, real GDP of American Samoa increased at an average annual rate of 0.4 percent. The annual growth rates of real GDP ranged from −2.9 percent to +2.1 percent. The volatility in the growth rates of real GDP was primarily accounted for by changes in the exports of canned tuna. The tuna canning industry was the largest private employer in American Samoa during this period. In 2017, GDP in American Samoa decreased by 5.8%, but in 2018 it increased by 2.2%.

 
From 2002 to 2007, the population of American Samoa increased at an average annual rate of 2.3 percent, and real GDP per capita decreased at an average annual rate of 1.9 percent.


=== Employment ===
Agricultural production covers for domestic needs and only a small share of fruits and vegetables are exported. According to figures as of 2013, the ratio between import and export is almost balanced. Many residents rely on transfer payments from relatives living on the mainland or from federal subsidies.
The unemployment rate was 29.8% in 2005 but improved to 23.8% as of 2010. In 2020, American Samoa's GDP was $709 million. Its GDP per capita (PPP) was $11,200 as of 2016.


=== Minimum wage ===

The Fair Labor Standards Act of 1938 has contained special provisions for American Samoa since its inception, citing its limited economy. American Samoan wages are based on the recommendations of a Special Industry Committee meeting bi-annually. Originally, the act contained provisions for other territories, provisions which were phased out as those territories developed more diverse economies.
In 2007, the Fair Minimum Wage Act of 2007 was passed, increasing the minimum wage in American Samoa by 50¢ per hour in 2007 and another 50¢ per hour each year thereafter until the minimum wage in American Samoa equals the federal minimum wage of $7.25 per hour in the United States. In response to the minimum wage increase, the Chicken of the Sea tuna canning plant was shut down in 2009, and 2,041 employees were laid off in the process. The other major tuna canning plant in American Samoa is StarKist, which began laying off workers in August 2010, with plans to lay off a total of 800 workers due to the minimum wage increases and other rising operation costs. American Samoa Governor Togiola Tulafono suggested that, rather than laying off minimum wage workers, the companies could reduce salaries and bonuses of top-tier employees.


=== Taxation ===
As in other U.S. territories, the U.S. federal government imposes payroll taxes and the equivalent self-employment tax on income from work in American Samoa, but not the federal income tax on income generated in American Samoa by its residents (except from work as U.S. government employees). Instead, the government of American Samoa itself taxes the worldwide income of its residents, as well as the income generated there by nonresidents, largely under the same rules and rates as the U.S. tax code in effect in 2000, with certain modifications such as a minimum tax rate of 4%. A similar situation applies to corporations. In 1983, the use of citizenship in taxation by American Samoa (due to its incorporation of the U.S. tax code) was ruled unconstitutional.
The U.S. federal government does not impose estate or gift taxes on property not located in the United States (states and District of Columbia) owned by residents of a U.S. territory (including American Samoa) who are not U.S. citizens or who acquired U.S. citizenship by birth or naturalization in that same U.S. territory. However, these taxes still apply to residents of a U.S. territory who acquired U.S. citizenship by birth or naturalization in a different part of the U.S. or by descent. It has been argued that this distinction based on place of birth, and not only residence or citizenship, is a rare case of unconstitutional tax discrimination, but it has never been challenged in court. The government of American Samoa itself does not impose estate or gift taxes.
Unlike U.S. citizens, U.S. nationals without U.S. citizenship (the status of most American Samoans) who do not reside in the United States or any U.S. territory enjoy the unique combination of maintaining a U.S. passport and the right of return to the U.S. while not being subject to U.S. federal income tax on their non-U.S. income, or to U.S. federal estate or gift taxes on their non-U.S. property. U.S. citizens (or anyone) cannot acquire this status after birth.
American Samoa does not impose a sales tax, but it imposes a general import tax of 8%. American Samoa is an independent customs territory, whose importation rules and taxes differ from those applicable to other parts of the United States.


=== Telecommunications ===
Some aspects of telecommunications in American Samoa are, like other U.S. territories, inferior to that of the mainland United States; a recent estimate showed that American Samoa's Internet speed is slower than that of several Eastern European countries.
In 2012 Michael Calabrese, Daniel Calarco, and Colin Richardson stated that American Samoa had the most expensive internet of any U.S. territory and that the speeds were only slightly superior to those of dial-up internet in the U.S. Mainland in the 1990s. They also stated that many American Samoans are too poor to afford ""high-speed internet"".


== Transportation ==

American Samoa has 150 miles (240 km) of highways (estimated in 2008). The maximum speed limit is 30 miles per hour. Ports and harbors include Aunuʻu, Auasi, Faleasao, Ofu and Pago Pago. American Samoa has no railways. The territory has three airports, all of which have paved runways. The main airport is Pago Pago International Airport, on the island of Tutuila. The Manuʻa group has two airports: Ofu Airport on the island of Ofu, and Fitiuta Airport on the island of Taʻū. According to a 1999 estimate, the territory has no merchant marine.
On June 8, 1922, the first bus service on Tutuila began its operations. The ʻaiga bus system travels across the island of Tutuila.


== Demographics ==

As of 2022, the population of American Samoa is estimated around 45,443 people. The 2020 census counted 49,710 people, 97.5% of whom lived on the largest island, Tutuila. About 57.6% of the population were born in American Samoa, 28.6% in independent Samoa, 6.1% in other parts of the United States, 4.5% in Asia, 2.9% in other parts of Oceania, and 0.2% elsewhere. At least 69% of the population had a parent born outside American Samoa.
American Samoa is small enough to have just one ZIP code, 96799, and uses the U.S. Postal Service (state code ""AS"") for mail delivery.


=== Ethnicity and language ===
In the 2020 census, 89.4% of the population reported at least partial Samoan ethnicity, 83.2% only Samoan, 5.8% Asian, 5.5% other Pacific island ethnicities, 4.4% mixed, and 1.1% other ethnicities. The Samoan language was spoken at home by 87.9% of the population, while 6.1% spoke other Pacific island languages, 3.3% spoke English, 2.1% spoke an Asian language, and 0.5% spoke other languages; 47.2% of the population spoke English at home or ""very well"". In 2022, Samoan and English were designated as official languages of the territory. At least some of the deaf population use Samoan Sign Language.


=== Religion ===

Major Christian denominations on the island include the Congregational Christian Church in American Samoa, the Catholic Church, The Church of Jesus Christ of Latter-day Saints, and the Methodist Church of Samoa. Collectively, these churches account for the vast majority of the population.
J. Gordon Melton in his book claims that Methodists, Congregationalists with the London Missionary Society, and Catholics led the first Christian missions to the islands. Other denominations arrived later, beginning in 1895 with the Seventh-day Adventists, various Pentecostals (including the Assemblies of God), Church of the Nazarene, Jehovah's Witnesses and The Church of Jesus Christ of Latter-day Saints.

CIA Factbook 2010 estimate shows the religious affiliations of American Samoa as 98.3% Christian, other 1%, unaffiliated 0.7%. World Christian Database 2010 estimate shows the religious affiliations of American Samoa as 98.3% Christian, 0.7% agnostic, 0.4% Chinese Universalist, 0.3% Buddhist and 0.3% followers of the Baháʼí Faith.
According to Pew Research Center, 98.3% of the total population is Christian. Among Christians, 59.5% are Protestant, 19.7% are Catholic and 19.2% are other Christians. A major Protestant church on the island, gathering a substantial part of the local Protestant population, is the Congregational Christian Church in American Samoa, a Reformed denomination in the Congregationalist tradition. As of April 2023, The Church of Jesus Christ of Latter-day Saints website claims a membership of 16,512 (nearly 30% of American Samoa's entire population), with 43 congregations and five family history centers. Jehovah's Witnesses claim 210 ""ministers of the word"" and three congregations.
The Catholic Church has at least 18 churches in the territory and 29 parishes under the Diocese of Samoa-Pago (Diœcesis Samoa-Pagopagensis) which was created in 1982 by Pope John Paul II through the bull Studiose quidem and constitutes a suffragan see of the Archdiocese of Samoa-Apia. The bishop has his see in the Cathedral of the Holy Family in Tafuna and in the Co-cathedral of St. Joseph the Worker in Fagatogo.


=== Education ===

The island contains 23 primary schools. Of the ten secondary schools, five are operated by the American Samoa Department of Education; the other five are either administered by religious denominations or are privately owned. American Samoa Community College, founded in 1970, provides post-secondary education on the islands.

American Samoa was home to one high school as of 1961, which existed due to the matai's pressure on the naval governor to transform the old Marine barracks at Utulei into a school. The teenagers of well-off and more politically connected families attended the school, which would later be known as Samoana High School. With a median age of 15, the demand for more high schools was increasing, and three new high schools were established by 1968. Another two soon followed, and by 1979, 2,800 high school students were attending six public and private high schools in American Samoa. Looking for a cost-effective way for educational reformation, Governor H. Rex Lee introduced the public television system in 1964.
When TV was introduced, there were 6,000 educational programs produced annually; by 1981, only one series comprising 40-minute 
lessons in English language skills was still aired. One of the side effects of advertising in popular programming from the U.S. was an increase in sales of over-the-counter drugs such as Pepto Bismol and Sominex, with television being directly blamed for the decline of village life.


== Culture ==

The Samoan culture has developed over 3,500 years and largely withstood interaction with European cultures. It was adapted well to the teachings of Christianity. The Samoan language is still in use in daily exchange; however, English is widely used and also the legal official language. Besides Samoan language classes and cultural courses, all instructions in public schools are in English. The basic unit of the American Samoa culture is the ʻaiga (family). It consists of both immediate and extended family.
The matai, or chief, is the head of the ʻaiga. The chief is the custodian of all ʻaiga properties. A village (nuʻu) is made up of several or many ʻaiga with a common or shared interest. Each ʻaiga is represented by their chief in the village councils.


=== Music ===


=== Sports ===

The main sports played in American Samoa are football, Samoan cricket, canoeing, yachting, basketball, golf, netball, tennis, rugby, table tennis, boxing, bowling, volleyball, and fishing tournaments. Some current and former sports clubs are the American Samoa Tennis Association, Rugby Unions, Lavalava Golf Club, and Gamefish Association. Leagues improved and organized better after the completion of the Veterans Memorial Stadium.
The 1997 South Pacific Mini Games were the biggest international event ever to take place in American Samoa. The bid to host the games for the 23 participating countries was approved in May 1993. In January 1994, Governor A. P. Lutali appointed Fuga Teleso to head the task force charged with game preparations, including the construction of a stadium. Groundbreaking was in January 1994. The Governor later handed the task force on preparations to Lieutenant Governor Togiola. The task force merged with the American Samoa National Olympics Committee to better coordinate and facilitate preparations. V.P. Willis Construction built the 1,500-seat stands. The Department of Public Safety trained its force for special games security. The opening ceremony became extravagant where the U.S. Army Reserve carried the torch from Tula and Leone.
About 2,000 athletes, coaches, and sponsors attended from 19 countries and competed in 11 sports at the game. American Samoa fielded a team of 248 athletes. The team won 48 medals, 22 of which were gold medals, and American Samoa came in fourth overall in the ratings. American Samoa Rotary Club honored Fuga Tolani Teleso with the community's top award, the Paul Harris Fellowship Award, for his work on constructing the Veterans Memorial Stadium.
In 1982, yachters competed in the Hobie World Championship held in Tahiti. American Samoa beat the Apia team by half a point and won the Samoa Cup. In 1983, a team coached by Adele Satele-Galeai brought home the winning trophy from the Regional women's volleyball tournament in Hawaii. Also in 1983, the South Pacific Games were held in Apia. American Samoa received 13 medals: four gold, four silver, and five bronze. That same year, three junior golfers made the cut out of 1,000 players to attend the World Junior Golf Tournament in San Diego, California.
In 1987, American Samoa became the 167th member of the International Olympic Committee. The first South Pacific Junior Tennis Tournament was held at the Tafuna courts in January 1990.
Tony Solaita was the first American Samoan to play in Major League Baseball. There are thirty players from American Samoa in the National Football League (NFL) as of 2015 and over 200 play Div. I NCAA Football. Some American Samoan NFL football players are Shalom Luani, Junior Siavii, Jonathan Fanene, Mosi Tatupu, Shaun Nua, Isaac Sopoaga, and Daniel Teʻo-Nesheim.
After World War II, a Welfare and Recreation Department was created. This department arranged bowling, softball, badminton tournaments, basketball, and volleyball at various Tutuila locations. Boxing matches and dancing also became popular activities.


==== American football ====

About 30 ethnic Samoans, all from American Samoa, currently play in the National Football League, and more than 200 play NCAA Division I college football. In recent years, it has been estimated that a Samoan male (either an American Samoan, or a Samoan living in the mainland United States) is anywhere from 40 to 56 times more likely to play in the NFL than a non-Samoan American, giving American Samoa the nickname ""Football Islands"". Samoans are the most disproportionately overrepresented ethnic group in the National Football League.
Six-time All-Pro Junior Seau was one of the most famous Americans of Samoan heritage ever to play in the NFL, having been elected to the NFL 1990s All-Decade Team and Pro Football Hall of Fame. Pittsburgh Steelers safety Troy Polamalu, though born and raised in the mainland United States, is another famous American of Samoan heritage to have played in the NFL, not having his hair cut since 2000 (and only because a USC coach told him he had to) and wearing it down during games in honor of his heritage. The football culture was featured on 60 Minutes on January 17, 2010.
At the 2016 Republican National Convention, American Samoa's delegation said American Samoa is ""the greatest exporter of NFL players"".


==== Association football ====
The Football Federation American Samoa oversees men's and women's national teams. The men's national team made its international debut in the 1983 South Pacific Games, losing its opener against Western Samoa. Despite scoring a win against Wallis and Futuna, the team did not exit the group stage. The team lost to Australia 31–0 in a FIFA World Cup qualifying match on April 11, 2001, but on November 22, 2011, they finally won their first FIFA World Cup qualifier, beating Tonga 2–1. The appearance of American Samoa's Jaiyah Saelua, who is faʻafafine, in the contest ""apparently became the first transgender player to compete on a World Cup stage"".
The women's national team made its international debut at the 1998 OFC Women's Championship, losing both of its matches: 21–0 to Australia and 9–0 to Papua New Guinea.
The American Samoan men's national team features in the highly rated 2014 British film Next Goal Wins. The film documents the team's 2014 FIFA World Cup qualifying campaign, in which they achieved their first-ever international win. Saelua and Nicky Salapu, the man famous for being the goalkeeper during the team's 31–0 loss to Australia in 2001, feature prominently in the film. A feature film adaptation of the documentary was released in 2023 and was directed by Taika Waititi.


==== Rugby league ====
The American Samoa national rugby league team represents the country in international rugby league. The team competed in the 1988, 1992, 1998 and 2004 Pacific Cup competitions. The team has also competed in the 2003 and 2004 World Sevens qualifiers in the 2005 World Sevens. America Samoa's first match in the international Rugby League was in the 1988 Pacific Cup against Tonga, Tonga won the match 38–14 which is still the biggest loss by an American Samoan side. American Samoa's biggest win was in 2004 against New Caledonia with a final score of 62–6.
American Samoa gets broadcasts of the National Rugby League in Australia on free-to-air television.
There is also a new movement that aims to set up a four-team domestic competition in American Samoa.


==== Rugby union ====
Rugby union is a growing sport in American Samoa. The first rugby game recorded in American Samoa was in 1924, since then the development of the game had been heavily overshadowed by the influence of American Football during the 1970s. The highest governing body of rugby in American Samoa is the American Samoa Rugby Union which was founded in 1990 and was not affiliated with the IRB until 2012. Internationally, two American Samoans have played for the New Zealand national rugby union team, known as the All Blacks. Frank Solomon (born in Pago Pago) became the first American national of Samoan descent to play for a New Zealand team. Considered a pacific pioneer in New Zealand rugby, Solomon scored a try against Australia in the inaugural Bledisloe Cup match in 1932, which New Zealand won 21–13.
The second American Samoan to play for the All Blacks is Jerome Kaino (born in Fagaʻalu). A native of Leone, Kaino moved to New Zealand when he was four. In 2004, at age 21, he played his first match for New Zealand against the Barbarians where he scored his first try, contributing to New Zealand's 47–19 victory that resulted in him becoming a man of the match. He also played a crucial role in the Rugby World Cup 2011 playing every match in the tournament. He scored four tries in the event which led to New Zealand winning the final against France 8–7. Kaino was also a key member of the 2015 Rugby World Cup squad, where he played every match including a try he scored in the quarterfinals against France which New Zealand won 62–13. He scored again in the semifinals against South Africa, which New Zealand won 20–18. He played in the World Cup final against Australia where New Zealand won again 34–17 to become world champions for a record three times (1987, 2011, and 2015). Kaino is one of twenty New Zealand rugby players to have won the Rugby World Cup twice, back to back in 2011 and 2015. In August 2015, the American Samoa Rugby Union Board selected Leota Toma Patu from the village of Leone as the coach for the Talavalu 15 men's team that represented American Samoa at the Ocean Cup 2015 in Papua New Guinea.


==== Other sports ====
Boxing: Maselino Masoe, who represented American Samoa in three consecutive Olympics from 1988 to 1996, was WBA middleweight champion from 2004 to 2006.
Professional wrestling: Several American Samoan athletes have been very visible in professional wrestling. The Anoaʻi family in particular has had many of its members employed by WWE.
Sumo wrestling: Some Samoan Sumo wrestlers, most famously Musashimaru and Konishiki, have reached the highest ranks of ōzeki and yokozuna.
Track and field: Hammer thrower Lisa Misipeka attracted international attention by winning a bronze medal in the 1999 World Championships in Athletics.


== Recreation ==

A team from the Bureau of Outdoor Recreation conducted a parks survey on American Samoa in the 1960s. Their team recommended sites at Cape Taputapu, Leʻala at Vailoatai, Aʻoloau (the plateau), Matautuloa Point, Nuʻuuli, Matafao Peak, Pago Pago, Vaiʻava Strait, Anasosopo, ʻAoa, Cape Matautuloa, and Aunuʻu Island. After an initial objection, Secretary Leʻiato gave his support and was appointed Chairman of the Territorial Parks and Recreation Committee. The first field meeting for a parkland acquisition was held between Judge Morrow on behalf of the government and the village council of Vatia to make the Pola Island area a public park. The dredge Palolo was hired from Upolu in January 1966 in order to dredge sand for Utulei Beach. A specialist in beach developments, Ala Varone of the Army, directed the project. The centerpiece of the park was to be at the head of Pago Pago Harbor, where it proposed a 13-acre site created by the dredge. The park would have facilities for sports and recreation as well as facilities for boats and the growing number of Asian immigrants arriving from Korea, Japan, and China.
The Department of Parks and Recreation was created by law in 1980 and the Parks Commission was also established. In 1981, Governor Peter Tali Coleman appointed Fuga Tolani Teleso as Director of Parks and Recreation. On May 25, 1984, a groundbreaking ceremony was held at the Onesosopo reclamation to initiate work on the first park in the Eastern District.
At the urging of Paul Cox, High Chief Nafanua of Falealupo, and the Bat Preservers Association, Congressman Fofō Iosefa Fiti Sunia introduced a bill in 1984 which would enter American Samoa into the Federal Fish and Wildlife Restoration Act. The purpose of the bill was to protect the ancient paleotropical rainforests and the flying fox megabat. The signing marked the beginning of American Samoa's entry into the U.S. National Park System. In July 1987, the National Park Service began establishing a federal park, the National Park of American Samoa. An initial appropriation of $400,000 was made in 1989. It contains one of the world's most remarkable rainforest and coastal reef ecologies and spreads across three islands. One of the most popular sites on Tutuila Island include Pola Rock, a rise of sheer rock formations that protrudes over 400 feet (120 m) above the ocean's surface. It is located off the shores of Vatia. On September 19, 1991, Governor Peter Tali Coleman and Department of the Interior secretary Manuel Lujan signed leases formalizing the establishment of the fiftieth U.S. National Park.

The ASG Parks and Recreation oversees the maintenance of all public parks, including the Amanave Mini Park, Lions Park in Tafuna, Onesosopo Park in Aua, Malaloa Mini Park, Fagaʻalu Park, Tia Seu Lupe historical site at Fatuoaiga, Pago Pago Park, Pago Pago Tennis Courts, the Little League Softball Field, Tony Solaʻita Baseball Field, Solo Ridge at the Utulei Tramway, Utulei Beach Park and Suʻigaulaoleatuvasa in Utulei.

American Samoa has seven areas designated as National Natural Landmarks on Tutuila Island. This program is administrated by the U.S. National Park Service and the areas contain unique ecological or geological features. Except Vaiʻava Strait, none of the areas are within the National Park of American Samoa. American Samoa's seven National Natural Landmarks (NNL) were designated in 1972:

Cape Taputapu
Fogamaʻa Crater
Matafao Peak
Leʻala Shoreline
Rainmaker Mountain
Vaiʻava Strait
Aunuʻu Island


== Wildlife ==
Notable terrestrial species include the Pacific tree boa and the Samoa flying fox, which has a three-foot wingspread. Two snake species can be found in American Samoa: The brahminy blind snake is found on Tutuila, while the Pacific tree boa occurs on Taʻū. The islands are home to five species of geckos: Pacific slender-toed gecko, oceanic gecko, mourning gecko, stump-toed gecko, and house gecko.
Turtles include the threatened green sea turtle and the endangered hawksbill sea turtle. Hawksbill sea turtles tend to nest on Tutuila beaches, while the green sea turtle is most common on Rose Atoll. Tutuila has the highest number of nesting turtles, consisting of around fifty nesting females per year.
American Samoa is home to one species of amphibian: the cane toad. Biologists estimate that there are over two million toads on Tutuila.
915 nearshore fish species have been recorded in American Samoa, compared to only 460 nearshore fish species in Hawaii. With over 950 species of native fish and 250 coral species, American Samoa has the greatest marine biodiversity in the United States. The National Marine Sanctuary of American Samoa is the largest marine sanctuary in the U.S. It is home to over 150 species of coral, including some of the largest and oldest corals of their genus in the world.


=== Fruit bats ===

Megabats are the only native mammal in American Samoa. The islands are home to two species of fruit bats: Pacific flying fox and Samoa flying fox. The sheath-tailed bat is another species found here, which is a smaller insect-eating bat. In 1992, the American Samoa Government banned the hunting of fruit bats to help their populations recover. The Samoa flying fox is only found in Fiji and the Samoan Islands.
From 1995 to 2000, the population of Samoa flying fox remained stable at about 900 animals on Tutuila, and 100 in the Manuʻa Islands. As of 2000, scientists from the American Samoa Department of Marine and Wildlife Resource estimated that there are fewer than 5,500 Pacific flying foxes in American Samoa, and an estimated 900 or fewer Samoa flying foxes. The best and biggest known roost on Tutuila Island for the sheath-tailed bat is in the Anapeʻape Cove near Āfono.
Amalau Valley on Tutuila's north coast offers great roadside views of many bird species and both species of fruit bat. The valley has been called a prime bird- and bat-watching area.


=== Avifauna ===

Sixteen of the Samoan Islands' 34 bird species are found nowhere else on Earth. This includes the critically endangered tooth-billed pigeon. Four species of birds are only found in the Manuʻa Islands and not on Tutuila. These include American Samoa's only parrot, the blue-crowned lory. Other special birds to Manuʻa are the lesser shrikebill and the friendly ground-dove. The spotless crake has only been observed on Taʻū Island.
There are more species of birds than all species of reptiles, mammals and amphibians combined. Native land birds include two honeyeaters: cardinal honeyeater and wattled honeyeater. Cardinal honeyeaters only occur on Tutuila Island. The only endemic land bird to American Samoa is the Samoan starling. Four pigeons are native to American Samoa: Pacific imperial pigeon, many-colored fruit dove, white-capped fruit dove, and shy ground dove. The local government banned all pigeon hunting in 1992.
The many-colored fruit dove is one of the rarest birds that nest on Tutuila. Studies in the 1980s estimated their population size at Tutuila to be only around 80 birds. Amalau Valley has been described as the best place in American Samoa to observe the many-colored fruit dove.
The offshore islet of Pola Island near Vatia is a nesting site for many seabird species and an excellent area to observe seabirds. The Pola region of Vatia and Rose Atoll are the only places in American Samoa where there are breeding colonies of red-footed boobies.
Birds that depend on freshwater habitat include the Pacific reef heron and Pacific black duck, the Samoan Islands' only species of duck. The largest wetland areas are the pala lagoons in Nuʻuuli and Leone as well as Pala Lake on Aunuʻu Island.


== See also ==

Index of American Samoa-related articles
List of lakes in American Samoa
List of National Natural Landmarks in American Samoa
List of people from American Samoa
National Register of Historic Places listings in American Samoa
Outline of American Samoa
Polynesia


== Notes ==


== References ==


== Further reading ==

Ellison, Joseph (1938). Opening and Penetration of Foreign Influence in Samoa to 1880. Corvallis: Oregon State College.
Sunia, Fofo (1988). The Story of the Legislature of American Samoa. Pago Pago: American Samoa Legislature.
Meti, Lauofo (2002). Samoa: The Making of the Constitution. Apia: Government of Samoa.


== External links ==

AmericanSamoa.gov – official government website
Samoan Bios Archived May 22, 2019, at the Wayback Machine
American Samoa: Resource Guide, from the Library of Congress
 Wikimedia Atlas of American Samoa
NOAA's National Weather Service – American Samoa


=== Country data ===
American Samoa. The World Factbook. Central Intelligence Agency.
American Samoa, national profile from the Association of Religion Data Archives."
Andorra,"Andorra, officially the Principality of Andorra, is a sovereign landlocked nation on the Iberian Peninsula, in the eastern Pyrenees in Southwestern Europe, bordered by France to the north and Spain to the south. Believed to have been created by Charlemagne, Andorra was ruled by the count of Urgell until 988, when it was transferred to the Roman Catholic Diocese of Urgell. The present principality was formed by a charter in 1278. It is currently headed by two co-princes: the Bishop of Urgell in Catalonia, Spain, and the president of France. Its capital and largest city is Andorra la Vella.
Andorra is the fifth-smallest state in Europe, with an area of 468 square kilometres (181 sq mi) and a population of approximately 87,486. The Andorran people are a Romance ethnic group closely related to Catalans. Andorra is the world's 16th-smallest country by land and 11th-smallest by population. Its capital, Andorra la Vella, is the highest capital city in Europe, at an elevation of 1,023 metres (3,356 feet) above sea level. The official language is Catalan, but Spanish, Portuguese, and French are also commonly spoken.
Tourism in Andorra brings approximately 8 million visitors to the country annually. Andorra is not a member state of the European Union. It has been a member of the Council of Europe and of the United Nations since 1993.


== Etymology ==
The origin of the word Andorra is unknown, although several hypotheses have been proposed. The oldest is one put forward by the Greek historian Polybius (Histories III, 35, 1), who describes the Andosins, an Iberian Pre-Roman tribe, as historically located in the valleys of Andorra and facing the Carthaginian army in its passage through the Pyrenees during the Punic Wars. The word Andosini or Andosins (Ἀνδοσίνοι) may derive from the Basque handia, meaning ""big"" or ""giant"". The Andorran toponymy shows evidence of Basque language in the area. Another theory suggests that the word Andorra may derive from the old word Anorra that contains the Basque word ur (""water"").
Another theory suggests that Andorra may derive from Arabic ad-dārra (الدَّارَة), indicating a vast land which is located among mountains or a thickly wooded place (with ad- being the definite article). When the Moors conquered the Iberian Peninsula, the valleys of the High Pyrenees were covered by large tracts of forest. These regions were not administered by Muslims, because of the geographic difficulty of direct rule.
Other theories suggest that the term derives from the Navarro-Aragonese andurrial, which means ""land covered with bushes"" or ""scrubland"".
The folk etymology holds that Charlemagne had named the region as a reference to the Biblical Canaanite valley of Endor or Andor (where the Midianites had been defeated), a name bestowed by his heir and son Louis the Pious after defeating the Moors in the ""wild valleys of Hell"".


== History ==


=== Prehistory ===

La Balma de la Margineda, found by archaeologists at Sant Julià de Lòria, was settled in 9,500 BCE as a passing place between the two sides of the Pyrenees. The seasonal camp was perfectly located for hunting and fishing by the groups of hunter-gatherers from Ariege and Segre.
During the Neolithic, a group of people moved to the Valley of Madriu (the present-day Natural Park located in Escaldes-Engordany declared UNESCO World Heritage Site) as a permanent camp in 6640 BCE. The population of the valley grew cereals, raised domestic livestock, and developed commercial trade with people from Ségre and Occitania.
Other archaeological deposits include the Tombs of Segudet (Ordino) and Feixa del Moro (Sant Julià de Lòria), both dated in 4900–4300 BCE as an example of the Urn culture in Andorra. The model of small settlements began to evolve to complex urbanism during the Bronze Age. Metallurgical items of iron, ancient coins, and reliquaries can be found in the ancient sanctuaries scattered around the country.
The sanctuary of Roc de les Bruixes (Stone of the Witches) is perhaps the most important archeological complex of this age in Andorra, located in the parish of Canillo, about the rituals of funerals, ancient scripture and engraved stone murals.


=== Iberian and Roman Andorra ===

The inhabitants of the valleys were traditionally associated with the Iberians and historically located in Andorra as the Iberian tribe Andosins or Andosini (Ἀνδοσίνους) during the 7th and 2nd centuries BC. Influenced by the Celtic, Aquitanian, Basque and Iberian languages, the locals developed some current toponyms. Early writings and documents relating to this group of people goes back to the second century BC by the Greek writer Polybius in his Histories during the Punic Wars.
Some of the most significant remains of this era are the Castle of the Roc d'Enclar (part of the early Marca Hispanica), l'Anxiu in Les Escaldes and Roc de L'Oral in Encamp.
The presence of Roman influence is recorded from the 2nd century BCE to the 5th century CE. The places with the most Roman presence are in Camp Vermell (Red Field) in Sant Julià de Lòria, and in some places in Encamp and in the Roc d'Enclar. People continued trading, mainly with wine and cereals, with the Roman cities of Urgellet (the present-day La Seu d'Urgell) and across Segre through the via romana Strata Ceretana (also known as Strata Confluetana).


=== Visigoths and Carolingians: the legend of Charlemagne ===

After the fall of the Roman Empire, Andorra came under the influence of the Visigoths, the Kingdom of Toledo, and the Diocese of Urgell. The Visigoths remained in the valleys for 200 years, during which time Christianity spread. When the Muslim Empire of Al-Andalus replaced the ruling Visigoths in most of the Iberian Peninsula, Andorra was under the jurisdiction of the Franks.
Tradition holds that Charles the Great (Charlemagne) granted a charter to the Andorran people for a contingent of 5,000 soldiers under the command of Marc Almugaver, in return for fighting against the Moors near Porté-Puymorens (Cerdanya).

Andorra remained part of the Frankish Marca Hispanica, the buffer zone between the Frankish Empire and the Muslim territories, Andorra being part of the territory ruled by the Count of Urgell and eventually the bishop of the Diocese of Urgell. Tradition also holds that it was guaranteed by the son of Charlemagne, Louis the Pious, writing the Carta de Poblament or a local municipal charter c. 805.
In 988, Count Borrell II of Urgell gave the Andorran valleys to the Diocese of Urgell in exchange for land in Cerdanya. Since then, the bishop of Urgell, based in Seu d'Urgell, has been co-prince of Andorra.
The first document that mentions Andorra as a territory is the Acta de Consagració i Dotació de la Catedral de la Seu d'Urgell (Deed of Consecration and Endowment of the Cathedral of La Seu d'Urgell). The document, dated 839, depicts the six old parishes of the Andorran valleys that made up the country's administrative division.


=== Middle Ages: The Paréages and the founding of the Co-Principality ===

Before 1095, Andorra had no military protection, and the bishop of Urgell, who knew that the count of Urgell wanted to reclaim the Andorran valleys, asked the Lord of Caboet for help and protection. In 1095, the lord of Caboet and the bishop of Urgell signed under oath a declaration of their co-sovereignty over Andorra. Arnalda de Caboet, daughter of Arnau of Caboet, married the viscount of Castellbò. Their daughter, Ermessenda de Castellbò, married the count of Foix, Roger-Bernard II. Roger-Bernard II and Ermessenda shared rule over Andorra with the bishop of Urgell.
In the 13th century, a military dispute arose between the bishop of Urgell and the count of Foix as aftermath of the Cathar Crusade. The conflict was resolved in 1278 with the mediation of the king of Aragon, Peter III, between the bishop and the count, by the signing of the first paréage, which provided that Andorra's sovereignty be shared between the count of Foix (whose title would ultimately transfer to the French head of state) and the bishop of Urgell, in Catalonia. This gave the principality its territory and political form.
A second paréage was signed in 1288 after a dispute when the count of Foix ordered the construction of a castle in Roc d'Enclar. The document was ratified by the noble notary Jaume Orig of Puigcerdà, and construction of military structures in the country was prohibited.
In 1364, the political organisation of the country named the figure of the syndic (now spokesman and president of the parliament) as representative of the Andorrans to their co-princes, making possible the creation of local departments (comuns, quarts and veïnats). After being ratified by Bishop Francesc Tovia and Count John I, the Consell de la Terra or Consell General de les Valls (General Council of the Valleys) was founded in 1419, the second oldest parliament in Europe. The syndic Andreu d'Alàs and the General Council organised the creation of the Justice Courts (La Cort de Justicia) in 1433 with the co-princes and the collection of taxes like foc i lloc (literally ""fire and site"", a national tax active since then).

Although there are remains of ecclesiastical works dating before the 9th century (Sant Vicenç d'Enclar or Església de Santa Coloma), Andorra developed exquisite Romanesque Art during the 9th through 14th centuries, particularly in the construction of churches, bridges, religious murals and statues of the Virgin and Child (Our Lady of Meritxell being the most important). Nowadays, the Romanesque buildings that form part of Andorra's cultural heritage stand out in a remarkable way, with an emphasis on Església de Sant Esteve, Sant Joan de Caselles, Església de Sant Miquel d'Engolasters, Sant Martí de la Cortinada and the medieval bridges of Margineda and Escalls among many others.
The Catalan Pyrenees were embryonic of the Catalan language at the end of the 11th century. Andorra was influenced by this language, which was adopted locally decades before it expanded to the rest of the Crown of Aragon.
The local economy during the Middle Ages was based on livestock, agriculture, furs and weavers. Later, at the end of the 11th century, the first iron foundries began to appear in Northern Parishes like Ordino, much appreciated by the master artisans who developed the art of the forges, an important economic activity in the country from the 15th century.


=== 16th to 18th centuries ===

In 1601 the Tribunal de Corts (High Court of Justice) was created as a result of Huguenot rebellions in France, Inquisition courts coming from Spain and witchcraft-related beliefs native to the area, in the context of the Reformation and Counter-Reformation.
With the passage of time, the co-title to Andorra passed to the kings of Navarre. After Henry III of Navarre became king of France, he issued an edict in 1607 that established the head of the French state and the bishop of Urgell as Co-Princes of Andorra, a political arrangement that still holds.
During 1617, communal councils form the sometent (popular militia or army) to deal with the rise of bandolerisme (brigandage) and the Consell de la Terra was defined and structured in terms of its composition, organisation and competences current today.
Andorra continued with the same economic system that it had during the 12th–14th centuries with a large production of metallurgy (fargues, a system similar to Farga Catalana) and with the introduction of tobacco circa 1692 and import trade. In 1371 and 1448, the co-princes ratified the fair of Andorra la Vella, the most important annual national festival commercially ever since.

The country had a unique and experienced guild of weavers, Confraria de Paraires i Teixidors, in Escaldes-Engordany. Founded in 1604, it took advantage of the local thermal waters. By this time, the country was characterised by the social system of prohoms (wealthy society) and casalers (rest of the population with smaller economic acquisition), deriving from the tradition of pubilla and hereu.
Three centuries after its foundation, the Consell de la Terra located its headquarters and the Tribunal de Corts in Casa de la Vall in 1702. The manor house built in 1580 served as a noble fortress of the Busquets family. Inside the parliament was placed the Closet of the Six Keys (Armari de les sis claus), representative of each Andorran parish, where the Andorran constitution and other documents and laws were later kept.
In both the Reapers' War and the War of the Spanish Succession, the Andorran people (while professing to be a neutral country) supported the Catalans who saw their rights reduced in 1716. The reaction was the promotion of Catalan writings in Andorra, with cultural works such as the Book of Privileges (Llibre de Privilegis de 1674), Manual Digest (1748) by Antoni Fiter i Rossell or the Polità andorrà (1763) by Antoni Puig.


=== 19th century: the New Reform and the Andorran Question ===

After the French Revolution, Napoleon I reestablished the Co-Principate in 1809 and removed the French medieval title. In 1812–1813, the First French Empire annexed Catalonia during the Peninsular War (Guerra Peninsular) and divided the region into four départements, with Andorra as a part of the district of Puigcerdà. In 1814, an imperial decree reestablished the independence and economy of Andorra.
During this period, Andorra's late medieval institutions and rural culture remained largely unchanged. In 1866, the syndic Guillem d'Areny-Plandolit led the reformist group in a Council General of 24 members elected by suffrage limited to heads of families. The Council General replaced the aristocratic oligarchy that previously ruled the state.
The New Reform (Nova Reforma) began after ratification by both Co-Princes and established the basis of the constitution and symbols – such as the tricolour flag – of Andorra. A new service economy arose as a demand of the valley inhabitants and began to build infrastructure such as hotels, spa resorts, roads and telegraph lines.

The authorities of the Co-Princes banned casinos and betting houses throughout the country. The ban resulted in an economic conflict and the Revolution of 1881, which began when revolutionaries assaulted the house of the syndic on 8 December 1880, and established the Provisional Revolutionary Council led by Joan Pla i Calvo and Pere Baró i Mas. The Provisional Revolutionary Council allowed for the construction of casinos and spas by foreign companies. From 7 to 9 June 1881, the loyalists of Canillo and Encamp reconquered the parishes of Ordino and La Massana by establishing contact with the revolutionary forces in Escaldes-Engordany. After a day of combat the Treaty of the Bridge of Escalls was signed on 10 June. The council was replaced and new elections were held. The economic situation worsened, as the populace was divided over the Qüestió d'Andorra – the ""Andorran Question"" in relation to the Eastern Question. The struggles continued between pro-bishops, pro-French, and nationalists based on the troubles of Canillo in 1882 and 1885.
Andorra participated in the cultural movement of the Catalan Renaixença. Between 1882 and 1887, the first academic schools were formed where trilingualism coexisted with the official language, Catalan. Romantic authors from France and Spain reported the awakening of the national consciousness of the country. Jacint Verdaguer lived in Ordino during the 1880s where he wrote and shared works related to the Renaixença with writer and photographer Joaquim de Riba.
In 1848, Fromental Halévy had premiered the opera Le val d'Andorre to great success in Europe, where the national consciousness of the valleys was exposed in the romantic work during the Peninsular War.


=== 20th and 21st century: Modernisation of the country and constitutional Andorra ===

In 1933 France occupied Andorra following social unrest which occurred before elections due to the Revolution of 1933 and the FHASA strikes (Vagues de FHASA); the revolt led by Joves Andorrans (a labour union group related to the Spanish CNT and FAI) called for political reforms, the universal suffrage vote of all Andorrans and acted in defence of the rights of local and foreign workers during the construction of FHASA's hydroelectric power station in Encamp. On 5 April 1933 Joves Andorrans seized the Andorran Parliament. These actions were preceded by the arrival of Colonel René-Jules Baulard with 50 gendarmes and the mobilisation of 200 local militias or sometent led by the Síndic Francesc Cairat.
On 6 July 1934, adventurer and nobleman Boris Skossyreff, with his promise of freedoms and modernisation of the country and wealth through the establishment of a tax haven and foreign investments, received the support of the members of the General Council to proclaim himself the sovereign of Andorra. On 8 July 1934 Boris issued a proclamation in Urgell, declaring himself Boris I, King of Andorra, simultaneously declaring war on the Bishop of Urgell and approving the King's constitution on 10 July. He was arrested by the Co-Prince and Bishop Justí Guitart i Vilardebó and their authorities on 20 July and ultimately expelled from Spain. From 1936 until 1940, a French military detachment of Garde Mobile led by well-known Colonel René-Jules Baulard was garrisoned in Andorra to secure the principality against disruption from the Spanish Civil War and Francoist Spain and also face the rise of Republicanism in the aftermath of the 1933 Revolution. During the Spanish Civil War, the inhabitants of Andorra welcomed refugees from both sides, and many of them settled permanently in the country thus contributing to the subsequent economic boom and the entry into the capitalist era of Andorra. Francoist troops reached the Andorran border in the later stages of the war.

During World War II, Andorra remained neutral and was an important smuggling route between Vichy France and Francoist Spain. Many Andorrans criticised the passivity of the General Council for impeding both the entry and expulsion of foreigners and refugees, committing economic crimes, reducing the rights of citizens and sympathy with Francoism. General Council members justified the council's political and diplomatic actions as necessary for Andorra's survival and the protection of its sovereignty. Andorra was relatively unscathed by the two world wars and the Spanish Civil War. Certain groups formed to help victims of oppression in Nazi-occupied countries, while participating in smuggling to help Andorra survive. Among the most prominent was the Hostal Palanques Evasion Network Command, which, in contact with the British MI6, helped almost 400 fugitives, among whom were Allied military personnel. The Command remained active between 1941 and 1944, although there were struggles with pro-Axis informers and Gestapo agents in Andorra.

In the capital city there was a smuggling black market of propaganda, culture and cinematic art not favourable to totalitarian regimes, promulgated in such places as the Hotel Mirador or the Casino Hotel, as a meeting place for Free French forces and a route for escorting downed Allied pilots out of Europe. The network was maintained after the war, when film societies were formed, where movies, music and books censored in Franco's Spain were imported, becoming an anti-censorship attraction for the Catalan or foreign public even within Andorra. The Andorran Group (Agrupament Andorrà), an anti-fascist organisation linked to the Occitanie's French Resistance, accused the French representative (veguer) of collaboration with Nazism.
The Andorran opening to the capitalist economy resulted in two axes: mass tourism and the country's tax exemption. The first steps towards the capitalist boom date from the 1930s, with the construction of FHASA and the creation of professional banking with Banc Agrícol (1930) and Crèdit Andorrà (1949), later with Banca Mora (1952), Banca Cassany (1958) and SOBANCA (1960). Shortly after, activities such as skiing and shopping helped the country become a tourist attraction, with the inauguration of ski resorts and cultural entities in the late 1930s. A revived hotel industry also developed. In April 1968 a social health insurance system was created (CASS).

The Andorran government necessarily involved planning, projection and forecasts for the future: with the official visit of the French co-prince Charles de Gaulle in 1967 and 1969; it was given approval for the economic boom and national demands within the framework of human rights and international openness.
Andorra experienced an era commonly known as the ""Andorran dream"" (similar to the American Dream) along with the Trente Glorieuses: mass culture rooted itself in the country experiencing radical changes in the economy and culture. Proof of this was Ràdio Andorra, the top musical radio station in Europe in this period, with guests and speakers of great importance promoting musical hits from chanson française, swing, rhythm & blues, jazz, rock and roll and American country music. During this period Andorra achieved a GDP per capita and a life expectancy higher than most standard countries of the time.
Given its relative isolation, Andorra has existed outside the mainstream of European history, with few ties to countries other than France, Spain and Portugal. But in recent times its thriving tourist industry, along with developments in transport and communications, have removed the country from its isolation. Since 1976 the country has seen the need to reform Andorran institutions due to anachronisms in sovereignty, human rights and the balance of powers as well as the need to adapt legislation to modern demands. In 1982 a first separation of powers took place when instituting the Govern d'Andorra, under the name of the executive board (Consell Executiu), chaired by the first prime minister Òscar Ribas Reig with the co-princes' approval. In 1989 the Principality signed an agreement with the European Economic Community to regularise trade relations.
Its political system was modernised in 1993 after the Andorran constitutional referendum, when the constitution was drafted by the co-princes and the General Council and approved on 14 March by 74.2% of voters, with a 76% turnout. The first elections under the new constitution were held later in the year. The same year, Andorra became a member of the United Nations and the Council of Europe.
Andorra formalised diplomatic relations with the United States in 1996, participating in the 51st UN General Assembly. First General Syndic Marc Forné took part in a speech in Catalan in the General Assembly to defend the reform of the organisation, and after three days he took part in the Parliamentary Assembly of the Council of Europe to defend Andorra's linguistic rights and economy. In 2006 a monetary agreement with the European Union was formalised that allows Andorra to use the euro officially, as well as minting its own euro coins.


== Politics ==

Andorra is a parliamentary co-principality with the bishop of Urgell and the president of France as co-princes. This peculiarity makes the president of France, in his capacity as prince of Andorra, an elected monarch, although he is not elected by a popular vote of the Andorran people. The politics of Andorra take place in a framework of a parliamentary representative democracy with a unicameral legislature, and of a pluriform multi-party system. The prime minister is the chief executive.
The current prime minister is Xavier Espot Zamora of the Democrats for Andorra (DA). Executive power is exercised by the government. Legislative power is vested in both government and parliament.
The Parliament of Andorra is known as the General Council. The General Council consists of between 28 and 42 councillors. The councillors serve for four-year terms, and elections are held between the 30th and 40th days following the dissolution of the previous Council.
Half are elected in equal numbers by each of the seven administrative parishes, and the other half of the councillors are elected in a single national constituency. Voters vote for parties, not candidates; a voter votes for a party for the parish councillors and a party for the at-large councilors, and the winners come from party lists. Fifteen days after the election, the councillors hold their inauguration. During this session, the General Syndic, who is the head of the General Council, and the Subsyndic General, his assistant, are elected. Eight days later, the Council convenes once more. During this session, the prime minister is chosen from among the councillors.

Candidates can be proposed by a minimum of one-fifth of the councillors. The Council then elects the candidate with the absolute majority of votes to be prime minister. The Syndic General then notifies the co-princes, who in turn appoint the elected candidate as the prime minister of Andorra. The General Council is also responsible for proposing and passing laws. Bills may be presented to the council as Private Members' Bills by three of the local Parish Councils jointly or by at least one tenth of the citizens of Andorra.

The council also approves the annual budget of the principality. The government must submit the proposed budget for parliamentary approval at least two months before the previous budget expires. If the budget is not approved by the first day of the next year, the previous budget is extended until a new one is approved. Once any bill is approved, the Syndic General is responsible for presenting it to the co-princes so that they may sign and enact it.

If the prime minister is not satisfied with the council, he may request that the co-princes dissolve the council and order new elections. In turn, the councillors have the power to remove the prime minister from office. After a motion of censure is approved by at least one-fifth of the councillors, the council will vote and if it receives the absolute majority of votes, the prime minister is removed.


== Law and criminal justice ==

The judiciary is composed of the Magistrates Court, the Criminal Law Court, the High Court of Andorra, and the Constitutional Court. The High Court of Justice is composed of five judges: one appointed by the prime minister, one each by the co-princes, one by the Syndic General, and one by the judges and magistrates. It is presided over by the member appointed by the Syndic General and the judges hold office for six-year terms.
The magistrates and judges are appointed by the High Court, as is the president of the Criminal Law Court. The High Court also appoints members of the Office of the Attorney General. The Constitutional Court is responsible for interpreting the Constitution and reviewing all appeals of unconstitutionality against laws and treaties. It is composed of four judges, one appointed by each of the co-princes and two by the General Council. They serve eight-year terms. The Court is presided over by one of the judges on a two-year rotation so that each judge at one point will preside over the Court.


== Foreign relations, defence and security ==

Andorra does not have its own armed forces, although there is a small ceremonial army. Responsibility for defending the nation rests primarily with France and Spain. However, in case of emergencies or natural disasters, the Sometent (an alarm) is called and all able-bodied men between 21 and 60 of Andorran nationality must serve. This is why all Andorrans, and especially the head of each house (usually the eldest able-bodied man of a house) should, by law, keep a rifle, even though the law also states that the police will offer a firearm in case of need. Andorra is a full member of the United Nations (UN), the Organisation for Security and Co-operation in Europe (OSCE), and has a special agreement with the European Union (EU). After the constitution was ratified, Andorra would later establish diplomatic relations with their major allies aside from neighbours France and Spain such as the United Kingdom in 1994 and the United States in 1995. It also has observer status at the World Trade Organisation (WTO). On 16 October 2020, Andorra became the 190th member of the International Monetary Fund (IMF), during the COVID-19 pandemic.


=== Military ===
Andorra has a small army, which has historically been raised or reconstituted at various dates, but has never in modern times amounted to a standing army. The basic principle of Andorran defence is that all able-bodied men are available to fight if called upon by the summoning of the Sometent (a civil defence organisation of Andorra, made up of the heads of households). The Sometent was used sparingly against French ""Lutheran"" raids during the late 16th century. Being a landlocked country, Andorra has no navy.
Before World War I, Andorra maintained an armed militia force of about 600 part-time militiamen under the supervision of a Captain (Capità or Cap de Sometent) and a Lieutenant (Desener or Lloctinent del Capità). This body was not liable for service outside the principality and was commanded by two officials (veguers) appointed by France and the Bishop of Urgell.
In the modern era, the army has consisted of a very small body of volunteers willing to undertake ceremonial duties. Uniforms and weaponry were handed down from generation to generation within families and communities.
The army's role in internal security was largely taken over by the formation of the Police Corps of Andorra in 1931. Brief civil disorder associated with the elections of 1933 led to assistance being sought from the French National Gendarmerie, with a detachment resident in Andorra for two months under the command of René-Jules Baulard. The Andorran Police was reformed in the following year, with eleven soldiers appointed to supervisory roles. The force consisted of six corporals, one for each parish (although there are currently seven parishes, there were only six until 1978), plus four junior staff officers to co-ordinate action, and a commander with the rank of major. It was the responsibility of the six corporals, each in his own parish, to be able to raise a fighting force from among the able-bodied men of the parish.
The only permanent section of the present-day Sometent is a twelve-man ceremonial unit. However, all able-bodied men are technically available for military service, with a requirement for each family to have access to a firearm. An area weapon, such as a shotgun per household, is unregulated; however, ranged weapons, such as pistols and rifles, require a licence. The army has not fought for more than 700 years, and its main responsibility is to present the flag of Andorra at official ceremonial functions. According to Marc Forné Molné, Andorra's military budget is strictly from voluntary donations, and the availability of full-time volunteers.
The only more recent general emergency call to the Sometent was given during the floods of 1982 in the Catalan Pyrenees (when 12 Andorran citizens perished), to help the population and establish a public order along with the local police units.


=== Andorra in the Council of Europe ===
Andorra is one of the 46 member states of the Council of Europe, having joined on 10 November 1994. Through its membership in the Council of Europe, Andorra is or has been involved in the following areas:

Prevention of torture: Inspections by the European Committee for the Prevention of Torture in detention facilities such as juvenile centres, immigration detention sites, police stations, and psychiatric hospitals.
Fight against racism: Monitoring and advice provided by the European Commission against Racism and Intolerance.
Protection of social rights: Oversight by the European Committee of Social Rights under the European Social Charter, which guarantees social and economic human rights.
Protection of minorities: Although the Framework Convention for the Protection of National Minorities sets up a monitoring system, Andorra has not signed this convention.
Anti-corruption: Evaluations by the Group of States against Corruption (GRECO) to improve national capacities against corruption.
Countering money laundering and terrorism financing: Reviews by the MONEYVAL Committee and monitoring by COP198.
Democracy through law: Advisory support from the Venice Commission, which assists in aligning constitutional frameworks with European democratic standards.
Combating human trafficking: Monitoring by the Group of Experts on Action against Trafficking in Human Beings (GRETA) through regular evaluation reports.
Enhancing the justice system: Assessments by the European Commission for the Efficiency of Justice (CEPEJ) and the Consultative Council of European Prosecutors (CCPE) to improve judicial efficiency.
Cultural contributions: In 1994, Andorra donated ""Incles Valley, Andorra"" (oil on canvas by Francesc Galobardes) as part of the council's art collection, symbolising its commitment to human rights and cultural heritage.
Andorra's representation in the Council includes:

Committee of Ministers: Represented by Imma Tor Faus (Minister for Foreign Affairs) and Andreu Jordi (Ambassador and Permanent Representative).
Parliamentary Assembly: A delegation of 2 representatives and 2 substitutes.
Congress of Local and Regional Authorities: A delegation of 2 representatives and 2 substitutes.
European Court of Human Rights: Represented by Judge Pere Pastor Vilanova, with 14 applications allocated to a decision body in 2024.
Commissioner for Human Rights: Conducts visits to monitor the human rights situation and engage in dialogue with national authorities and civil society.
Council of Europe Treaties: Andorra has ratified and signed several treaties that reinforce its commitment to the council's principles.
For 2025, the Council of Europe's budget is €655.7 million, with Andorra contributing €368,842.


=== Police Corps ===

Andorra maintains a small but modern and well-equipped internal police force, with around 240 police officers supported by civilian assistants. The principal services supplied by the corps are uniformed community policing, criminal detection, border control, and traffic policing. There are also small specialist units including police dogs, mountain rescue, and a bomb disposal team.


==== GIPA ====
The Grup d'Intervenció Policia d'Andorra' (GIPA) is a small special forces squad trained in counter-terrorism, and hostage recovery tasks. Although it is the closest in style to an active military force, it is part of the Police Corps, and not the army. As terrorist and hostage situations are a rare threat to the country, the GIPA is commonly assigned to prisoner escort duties, and at other times to routine policing.


=== Fire brigade ===
The Andorran Fire Brigade, with headquarters at Santa Coloma, operates from four modern fire stations, and has a staff of around 120 firefighters. The service is equipped with 16 heavy appliances (fire tenders, turntable ladders, and specialist four-wheel drive vehicles), four light support vehicles (cars and vans) and four ambulances.
Historically, the families of the six ancient parishes of Andorra maintained local arrangements to assist each other in fighting fires. The first fire pump purchased by the government was acquired in 1943. Serious fires which lasted for two days in December 1959 led to calls for a permanent fire service, and the Andorran Fire Brigade was formed on 21 April 1961.
The fire service maintains full-time cover with five fire crews on duty at any time: two at the brigade's headquarters in Santa Coloma, and one crew at each of the other three fire stations.


== Geography ==


=== Parishes ===

Andorra consists of seven parishes:

 Andorra la Vella
 Canillo
 Encamp
 Escaldes-Engordany
 La Massana
 Ordino
 Sant Julià de Lòria


=== Physical geography ===
Due to its location in the eastern Pyrenees mountain range, Andorra consists predominantly of rugged mountains, the highest being the Coma Pedrosa at 2,946 metres (9,665 ft), and the average elevation of Andorra is 1,996 metres (6,549 ft). These are dissected by three narrow valleys in a Y shape that combine into one as the main stream, the Gran Valira river, leaves the country for Spain (at Andorra's lowest point of 840 m or 2,756 ft). Andorra's land area is 468 km2 (181 sq mi).


=== Environment ===
Phytogeographically, Andorra belongs to the Atlantic European province of the Circumboreal Region within the Boreal Kingdom. According to the WWF, the territory of Andorra belongs to the ecoregion of Pyrenees conifer and mixed forests. Andorra had a 2018 Forest Landscape Integrity Index mean score of 4.45/10, ranking it 127th globally out of 172 countries. In Andorra forest cover is around 34% of the total land area, equivalent to 16,000 hectares (ha) of forest in 2020, which was unchanged from 1990. In 2020, naturally regenerating forest covered 16,000 hectares (ha) and planted forest covered 0 hectares (ha). Of the naturally regenerating forest 0% was reported to be primary forest (consisting of native tree species with no clearly visible indications of human activity) and around 0% of the forest area was found within protected areas.


==== Important Bird Area ====
The whole country has been recognised as a single Important Bird Area (IBA) by BirdLife International, because it is important for forest and mountain birds and supports populations of red-billed choughs, citril finches and rock buntings.


=== Climate ===
Andorra has alpine, continental and oceanic climates, depending on altitude. Its higher elevation means there is, on average, more snow in winter and it is slightly cooler in summer. The diversity of landmarks, the different orientation of the valleys and the irregularity relief typical of the Mediterranean climates make the country have a great diversity of microclimates that hinder the general dominance of the high mountain climate. The great differences of altitude in the minimum and maximum points, together with the influence of a Mediterranean climate, develop the climate of the Andorran Pyrenees.
When in precipitation, a global model characterised by convective and abundant rains can be defined during spring and summer, which can last until autumn (May, June and August are usually the rainiest months). In winter, however, it is less rainy, except in the highlands, subject to the influence of fronts from the Atlantic, which explains the great amount of snowfall in the Andorran mountains. The temperature regime is characterised, broadly, by a temperate summer and a long and cold winter, in accordance with the mountainous condition of the Principality.

As a small mountainous country, Andorra is highly vulnerable to climate change. Temperatures in its high-altitude regions have risen by about 0.17 °C per decade, while annual rainfall has decreased by 49 mm. These shifts are impacting water resources and snow cover, which are key elements for Andorra's tourism-driven economy. The number of days with enough snow for skiing is declining, and the snow line is retreating to higher altitudes.
Although its national greenhouse gas emissions are one of the lowest in the world (534 thousand tonnes emitted in 2023), Andorra has a strong climate change mitigation strategy, with a focus on renewable energy and energy efficiency. In its Nationally Determined Contribution, Andorra has committed to reducing its emissions by 55% by 2030, and to carbon neutrality by 2050. However, the adaptation part of the strategy is still in early stages and may be difficult and costly to implement. Given the country's reliance on tourism, speeding up adaptation is essential for building a more resilient economy.


== Economy ==

Tourism, the mainstay of Andorra's economy, accounts for roughly 80% of GDP. An estimated 8 million tourists visit annually, attracted by Andorra's duty-free status and by its summer and winter resorts.
One of the main sources of income in Andorra is from ski resorts, which total over 175 km (109 mi) of ski grounds. The sport brings in over 7 million visitors annually and an estimated 340 million euros per year, sustaining 2,000 direct and 10,000 indirect jobs at present since 2007.
The banking sector, with its tax haven status, also contributes substantially to the economy with revenues raised exclusively through import tariffs (the financial and insurance sector accounts for approximately 19% of GDP). However, during the European sovereign-debt crisis of the 21st century, the tourist industry suffered a decline, partly caused by a drop in the prices of goods in Spain, undercutting duty-free shopping and increasing unemployment. On 1 January 2012, a business tax of 10% was introduced, followed by a sales tax of 2% a year later, which raised just over 14 million euros in its first quarter.
Agricultural production is limited; only 1.7% of the land is arable, and most food has to be imported. Some tobacco is grown locally. The principal livestock activity is domestic sheep raising. Manufacturing output consists mainly of cigarettes, cigars, and furniture. Andorra's natural resources include hydroelectric power, mineral water, timber, iron ore, and lead.
Andorra is not a member of the European Union, but enjoys a special relationship with it, such as being treated as an EU member for trade in manufactured goods (no tariffs) and as a non-EU member for agricultural products. Andorra lacked a currency of its own and used both the French franc and the Spanish peseta in banking transactions until 31 December 1999, when both currencies were replaced by the EU's single currency, the euro. Coins and notes of both the franc and the peseta remained legal tender in Andorra until 31 December 2002. Andorra negotiated to issue its own euro coins, beginning in early 2015.
Andorra has historically had one of the world's lowest unemployment rates. In 2023 it stood at 1.5%.
On 31 May 2013, it was announced that Andorra intended to legislate for the introduction of an income tax by the end of June, against a background of increasing dissatisfaction with the existence of tax havens among EU members. The announcement was made following a meeting in Paris between the Prime Minister Antoni Martí and the French President and Prince of Andorra François Hollande. Hollande welcomed the move as part of a process of Andorra ""bringing its taxation in line with international standards"".
By the mid-2010s, the financial system comprised five banking groups, one specialised credit entity, eight investment undertaking management entities, three asset management companies, and 29 insurance companies, 14 of which are branches of foreign insurance companies authorised to operate in the principality. The last mergers between banks took place in 2022, bringing the Andorran financial sector to currently have 3 active banking groups.


== Demographics ==


=== Population ===

The population of Andorra is estimated at 79,034 (2021). The Andorrans are a Romance ethnic group of originally Catalan descent. The population has grown from 5,000 in 1900.
Two-thirds of residents lack Andorran nationality and do not have the right to vote in communal elections. Moreover, they are not allowed to be elected as prime minister or to own more than 33% of the capital stock of a privately held company.
The largest national groups in Andorra are Spanish (34.3%), Andorrans (32.1%), Portuguese (10%), and French (5.6%). The remaining 18% of the population includes British, Dutch, Germans, Italians and other Europeans, as well as Argentinians, Chileans, Indians, Moroccans and Uruguayans.


=== Languages ===

The historic and official language is Catalan, a Romance language. The Andorran government encourages the use of Catalan. It funds a Commission for Catalan Toponymy in Andorra (Catalan: Comissió de Toponímia d'Andorra), and provides free Catalan classes to assist immigrants. Andorran television and radio stations use Catalan.
Because of immigration, historical links, and close geographic proximity, Spanish, Portuguese and French are commonly spoken. Most Andorran residents can speak one or more of these, in addition to Catalan. English is less commonly spoken among the general population, though it is understood to varying degrees in the major tourist resorts. Andorra is one of only four European countries (together with France, Monaco, and Turkey) that have never signed the Council of Europe Framework Convention on National Minorities.


=== Religion ===

 
Few official statistics are available on religion. The CIA World Factbook estimates the Catholic population in 2020 at 89.5%. The Statistical Yearbook of the Catholic Church 2022 reports that 98.6% of the population were baptised Catholics. The patron saint is Our Lady of Meritxell. There are also members of various Protestant denominations and small numbers of Hindus, and Bahá'ís. In 2022 there were approximately 2000 Muslims and roughly 100 Jews.


=== Largest cities ===


== Education ==
The Qualified Education Law (llei qualificada d'educació) of Andorra was passed in 1993. It guarantees free, public education from age four until the end of compulsory schooling.


=== Schools ===
Children between the ages of 6 and 16 are required by law to have full-time education. Education up to secondary level is provided free of charge by the government.
There are three systems of school, Andorran, French and Spanish, which use Catalan, French and Spanish languages respectively, as the main language of instruction. Parents may choose which system their children attend. All schools are built and maintained by Andorran authorities, but teachers in the French and Spanish schools are paid for the most part by France and Spain. 39% of Andorran children attend Andorran schools, 33% attend French schools, and 28% Spanish schools.


=== University of Andorra ===
The Universitat d'Andorra (UdA) is the state public university and is the only university in Andorra. It was established in 1997. The university provides first-level degrees in nursing, computer science, business administration, and educational sciences, in addition to higher professional education courses. The only two graduate schools in Andorra are the Nursing School and the School of Computer Science, the latter having a PhD programme.


==== Virtual Studies Centre ====
The geographical complexity of the country as well as the small number of students prevents the University of Andorra from developing a full academic programme, and it serves principally as a centre for virtual studies, connected to Spanish and French universities. The Virtual Studies Centre (Centre d'Estudis Virtuals) at the university runs approximately 20 different academic degrees at both undergraduate and postgraduate levels in fields including tourism, law, Catalan philology, humanities, psychology, political sciences, audiovisual communication, telecommunications engineering, and East Asia studies. The centre also runs various postgraduate programmes and continuing-education courses for professionals.


== Transport ==

Until the 20th century, Andorra had very limited transport links to the outside world, and development of the country was affected by its physical isolation. The nearest major airports at Toulouse and Barcelona are both three hours' drive from Andorra.
Andorra has a road network of 279 km (173 mi), of which 76 km (47 mi) is unpaved. The two main roads out of Andorra la Vella are the CG-1 to the Spanish border near Sant Julià de Lòria, and the CG-2 to the French border via the Envalira Tunnel near El Pas de la Casa. Bus services cover all metropolitan areas and many rural communities, with services on most major routes running half-hourly or more frequently during peak travel times. There are frequent long-distance bus services from Andorra to Barcelona and Toulouse, plus a daily tour from the former city. Bus services mostly are run by private companies, but some local ones are operated by the government.

There are no airports for fixed-wing aircraft within Andorra's borders but there are, however, heliports in La Massana (Camí Heliport), Arinsal and Escaldes–Engordany with commercial helicopter services and an airport located in the neighbouring Spanish comarca of Alt Urgell, 12 km (7.5 mi) south of the Andorran–Spanish border. Since July 2015, Andorra–La Seu d'Urgell Airport has operated commercial flights to Madrid and Palma de Mallorca, and is the main hub for Andorra Airlines.
Nearby airports located in Spain and France provide access to international flights for the principality. The nearest airports are at Perpignan, France (156 km (97 mi) from Andorra) and Lleida, Spain (160 km (99 mi) from Andorra). The largest nearby airports are at Toulouse, France (165 km (103 mi) from Andorra and Barcelona, Spain (215 km (134 mi) from Andorra). There are hourly bus services from both Barcelona and Toulouse airports to Andorra.
The nearest railway station is Andorre-L'Hospitalet station 10 km (6 mi) east of Andorra which is on the 1,435 mm (4 ft 8+1⁄2 in)-gauge line from Latour-de-Carol (25 km or 16 mi) southeast of Andorra, to Toulouse and on to Paris by the French high-speed trains. This line is operated by the SNCF. Latour-de-Carol has a scenic 1,000 mm (3 ft 3+3⁄8 in) metre gauge trainline to Villefranche-de-Conflent, as well as the SNCF's 1,435 mm-gauge line connecting to Perpignan, and the Renfe's 1,668 mm (5 ft 5+21⁄32 in) -gauge line to Barcelona. There are also direct Intercités de nuit trains between L'Hospitalet-près-l'Andorre and Paris on certain dates.


== Media and telecommunications ==

In Andorra, mobile and fixed telephone and internet services are operated exclusively by the Andorran national telecommunications company, SOM, also known as Andorra Telecom (STA). The same company also manages the technical infrastructure for national broadcasting of digital television and radio. In 2010 Andorra became the first country to provide a direct optical fiber link to all homes (FTTH) and businesses.
The first commercial radio station to broadcast was Radio Andorra, which was active from 1939 to 1981. On 12 October 1989, the General Council established radio and television as essential public services creating and managing the entity ORTA, becoming on 13 April 2000, in the public company Ràdio i Televisió d'Andorra (RTVA). In 1990, the public radio was founded on the Radio Nacional d'Andorra. As an autochthonous television channel, there is only the national public television network Andorra Televisió, created in 1995. Additional TV and radio stations from Spain and France are available via digital terrestrial television and IPTV.
There are three national newspapers, Diari d'Andorra, El Periòdic d'Andorra, and Bondia as well as several local newspapers. The history of the Andorran press begins in the period between 1917 and 1937 with the appearance of several periodicals papers such as Les Valls d'Andorra (1917), Nova Andorra (1932) and Andorra Agrícola (1933). In 1974, the Poble Andorrà became the first regular newspaper in Andorra. There is also an amateur radio society and news agency ANA with independent management.


== Culture ==

Andorra is home to folk dances like the contrapàs and marratxa, which survive in Sant Julià de Lòria especially. Andorran folk music has similarities to the music of its neighbours, but is especially Catalan in character, especially in the presence of dances such as the sardana. Other Andorran folk dances include contrapàs in Andorra la Vella and Saint Anne's dance in Escaldes-Engordany. Andorra's national holiday is Our Lady of Meritxell Day, 8 September.
Among the more important festivals and traditions are the Canólich Gathering in May, the Roser d'Ordino in July, the Meritxell Day (National Day of Andorra), the Andorra la Vella Fair, the Sant Jordi Day, the Santa Llúcia Fair, the Festivity from La Candelera to Canillo, the Carnival of Encamp, the sung of caramelles, the Festivity of Sant Esteve and the Festa del Poble.
Andorra participated regularly in the Eurovision Song Contest between 2004 and 2009, being the only participating country presenting songs in Catalan.
In popular folklore, the best-known Andorran legends are the legend of Charlemagne, according to which this Frankish King would have founded the country, the White Lady of Auvinyà, the Buner d'Ordino, the legend of Engolasters Lake and the legend of Our Lady of Meritxell.
Andorran gastronomy is mainly Catalan, although it has also adopted other elements of French and Italian cuisines. The cuisine of the country has similar characteristics with the neighbours of Cerdanya and Alt Urgell, with whom it has strong cultural ties. Andorra's cuisine is defined by its mountain valleys. Typical dishes of the country are quince all-i-oli, duck with winter pear, roast lamb with nuts, pork civet, massegada cake, escarole with pears, duck confit and mushrooms, escudella, spinach with raisins and pine nuts, jelly marmalade, stuffed murgues (mushrooms) with pork, dandelion salad, and Andorran river trout. To drink, mulled wine and beer are also popular. Some of the dishes are very common in the mountainous regions of Catalonia, such as trinxat, embotits, cooked snails, rice with mushrooms, mountain rice and mató.
Pre-Romanesque and Romanesque art are some of the most important artistic manifestations and characteristics of the Principality. The Romanesque style helps to understand the formation of the parochial communities, the relations of (social and political) power and the national culture. There are a total of forty Romanesque churches that stand out as being small austere ornamentation constructions, as well as bridges, fortresses and manor houses of the same period.
Summer solstice fire festivals in the Pyrenees were included as UNESCO Intangible cultural heritage in 2015. Also, the Madriu-Perafita-Claror Valley became Andorra's first, and to date its only, UNESCO World Heritage Site in 2004, with a small extension in 2006.


=== Sports ===
Andorra is famous for its winter sports. Andorra has the largest territory of ski slopes in the Pyrenees (3100 hectares and about 350 km of slopes) and two ski resorts. Grandvalira is the largest and most popular resort. Other popular sports played in Andorra include football, rugby union, basketball, and roller hockey.
For roller hockey, Andorra usually plays in the CERH Euro Cup and FIRS Roller Hockey World Cup. In 2011, Andorra was the host country to the 2011 European League Final Eight.
The country is represented in association football by the Andorra national football team. The team gained its first competitive win in a European Championship qualifier on 11 October 2019, against Moldova. Football is governed in Andorra by the Andorran Football Federation – founded in 1994, it organises the national competitions of association football (Primera Divisió, Copa Constitució and Supercopa) and futsal. Andorra was admitted to UEFA and FIFA in the same year, 1996. FC Andorra, a club based in Andorra la Vella founded in 1942, compete in the Spanish football league system.
Rugby is a traditional sport in Andorra, mainly influenced by its popularity in southern France. The Andorra national rugby union team, nicknamed Els Isards, plays on the international stage in rugby union and rugby sevens. VPC Andorra XV is a rugby team based in Andorra la Vella, which actually plays in the French championship.
Basketball's popularity has increased in the country since the 1990s, when the Andorran team BC Andorra played in the top league of Spain (Liga ACB). After 18 years the club returned to the top league in 2014.
Other sports practised in Andorra include cycling, volleyball, judo, Australian Rules football, handball, swimming, gymnastics, tennis, and motorsports. In 2012, Andorra raised its first national cricket team and played a home match against the Dutch Fellowship of Fairly Odd Places Cricket Club, the first match played in the history of Andorra at an altitude of 1,300 metres (4,300 ft).
Andorra first participated at the Olympic Games in 1976. The country has appeared in every Winter Olympic Games since 1976. Andorra competes in the Games of the Small States of Europe, being the host country on three occasions, in 1991, 2005 and 2025.
As one of the Catalan Countries, Andorra is home to a team of castellers, or Catalan human tower builders. The Castellers d'Andorra, based in the town of Santa Coloma d'Andorra, are recognised by the Coordinadora de Colles Castelleres de Catalunya, the governing body of castells.


== Tourism ==

Skiing, hiking, cross-country running, and cycling are all popular sports tourism activities in Andorra. Andorra's economy is heavily built on tourism.
Andorra generally enjoys a ski season from late November to early April, depending on weather conditions. Outside of the ski season, some of the ski lift facilities continue to operate at lower capacity, facilitating access to popular view points such as the Tristaina solar viewpoint, a viewpoint–sundial located on the peak of Peyreguils at an altitude of 2,701 metres and a few metres from the geographical border between Andorra and France. This peak is part of the Tristaina cirque, along with the Costa Rodona, Tristaina, Creussans, and Cabanyó peaks.


== See also ==

Index of Andorra-related articles
Outline of Andorra
Bibliography of Andorra


== Explanatory notes ==


== Citations ==


== General and cited bibliography ==
Armengol Aleix, E. (2009). Andorra: un profund i llarg viatge (in Catalan). Andorra: Government of Andorra. ISBN 978-99920-0-549-1.
Guillamet Anton, J. (2009). Andorra: nova aproximació a la història d'Andorra (in Catalan). Andorra: Revista Altaïr. ISBN 978-84-936220-4-6.
Llop Rovira, Marta (1998). ""L'Edat Moderna a Andorra (S. XVII al XVIII)"". Història, Geografia i Institucions d'Andorra. Government of Andorra. ISBN 99920-0-185-2.
Ministeri d'Educació, Joventut i Esports (1996). ""L'Edat Antiga i Mitjana a Andorra"". Història, Geografia i Institucions d'Andorra. Government of Andorra.
Peruga Guerrero, J. (1998). La crisi de la societat tradicional (S. XIX) (in Catalan). Andorra: Segona Ensenyança. ISBN 978-99920-0-186-8.


== Further reading ==
Berthet, Elie, The Valley of Andorra. Bristol, UK: J. W. Arrowsmith, 1886.
Butler, Michael, Frisch: Andorra.
Carrick, Noel, Let's Visit Andorra. London: Macmillan, 1988.
Chisholm, Hugh, ed. (1911). ""Andorra"" . Encyclopædia Britannica. Vol. 1 (11th ed.). Cambridge University Press. pp. 965–966.
Deane, Shirley, The Road to Andorra. London: John Murray, 1960.
Duursma, John C., Fragmentation and the International Relations of Micro-States. Cambridge University Press, 1996.
Jenner, Paul; Christine Smith, Landscapes of the Pyrenees. London: Sunflower Books, 1990.
Johnson, Virginia W., Two Quaint Republics: Andorra and San Marino.
Leary, Lewis Gaston, Andorra the Hidden Republic. London: T. Fisher Unwin, 1912.
Mackintosh, May, Assignment in Andorra. London: Pan, 1976.
Murray, James Erskine, A Summer in the Pyrenees. London: John Macrone, 1837.
Newman, Bernard, Round About Andorra. London: George Allen; Unwin, 1928.
Piesold, Werner, Andorra.
Reichert, Thomas, Andorra: A Country Survey. Nuremberg, 1986.
Spender, Harold; H. Llewellyn Smith, Through the High Pyrenees. London: A. D. Innes, 1898.
Vila, Linda Armengol, Approach to the History of Andorra. Perpignan: Institut d'Estudis Andorrans, 1989.
Vilajoana, Ricard Fiter; M. Marti Rebols, All Andorra. Barcelona: Escudo de Oro, 1979.
Waagenaar, Sam, The Little Five. London: Andre Deutsch, 1960.


== External links ==

Govern d'Andorra – Official governmental site (in Catalan)
Andorra. The World Factbook. Central Intelligence Agency.
Portals to the World from the United States Library of Congress
Andorra from UCB Libraries GovPubs
Andorra from the BBC News
Andorra – Guía, turismo y de viajes
History of Andorra: Primary Documents from EuroDocs
A New Path for Andorra – slideshow by The New York Times
 Geographic data related to Andorra at OpenStreetMap
 Wikimedia Atlas of Andorra"
Angola,"Angola, officially the Republic of Angola, is a country on the west-central coast of Southern Africa. It is the second-largest Portuguese-speaking (Lusophone) country in both total area and population and is the seventh-largest country in Africa. It is bordered by Namibia to the south, the Democratic Republic of the Congo to the north, Zambia to the east, and the Atlantic Ocean to the west. Angola has an exclave province, the province of Cabinda, that borders the Republic of the Congo and the Democratic Republic of the Congo. The capital and most populous city is Luanda.
Angola has been inhabited since the Paleolithic Age. After the Bantu expansion reached the region, states were formed by the 13th century and organised into confederations. The Kingdom of Kongo ascended to achieve hegemony among the other kingdoms from the 14th century. Portuguese explorers established relations with Kongo in 1483. To the south were the kingdoms of Ndongo and Matamba, with the Ovimbundu kingdoms further south, and the Mbunda Kingdom in the east.
The Portuguese began colonising the coast in the 16th century. Kongo fought three wars against the Portuguese, ending in the Portuguese conquest of Ndongo. The banning of the slave trade in the 19th century severely disrupted Kongo's undiversified economic system and European settlers gradually began to establish their presence in the interior of the region. The Portuguese colony that became Angola did not achieve its present borders until the early 20th century and experienced strong resistance from native groups such as the Cuamato, the Kwanyama, and the Mbunda.
After a protracted anti-colonial struggle (1961–1974), Angola achieved independence in 1975 as a one-party Republic, but the country descended into a devastating civil war the same year, between the ruling People's Movement for the Liberation of Angola (MPLA), backed by the Soviet Union and Cuba; the insurgent National Union for the Total Independence of Angola, an originally Maoist and later anti-communist group supported by the United States and South Africa; the militant organization National Liberation Front of Angola, backed by Zaire; and the Front for the Liberation of the Enclave of Cabinda seeking the independence of the Cabinda exclave, also backed by Zaire.
Since the end of the civil war in 2002, Angola has emerged as a relatively stable constitutional republic, and its economy is among the fastest-growing in the world, with China, the European Union, and the United States being the country's largest investment and trade partners. However, the economic growth is highly uneven, with most of the nation's wealth concentrated in a disproportionately small part of the population as most Angolans have a low standard of living; life expectancy is among the lowest in the world, while infant mortality is among the highest.
Angola is a member of the United Nations, African Union, the Community of Portuguese Language Countries, and the Southern African Development Community. As of 2025, the Angolan population is estimated at 39 million. Angolan culture reflects centuries of Portuguese influence, namely the predominance of the Portuguese language and of the Catholic Church, intermingled with a variety of indigenous customs and traditions.


== Etymology ==
The name Angola comes from the Portuguese colonial name Reino de Angola ('Kingdom of Angola'), which appeared as early as Paulo Dias de Novais's 1571 charter. The toponym was derived by the Portuguese from the title ngola, held by the kings of Ndongo and Matamba. Ndongo in the highlands, between the Kwanza and Lucala rivers, was nominally a possession of the Kingdom of Kongo. But in the 16th century it was seeking greater independence.


== History ==


=== Early migrations and political units ===

Modern Angola was populated predominantly by nomadic Khoi and San peoples prior to the first Bantu migrations. The Khoi and San peoples were hunter-gatherers, rather than practicing pastoralism or cultivation of crops.
In the first millennium BC, they were displaced by Bantu peoples arriving from the north, most of whom likely originated in what is today northwestern Nigeria and southern Niger. Bantu speakers introduced the cultivation of bananas and taro, as well as maintenance of large cattle herds, to Angola's central highlands and the Luanda plain. Due to a number of inhibiting geographic factors throughout the territory of Angola, namely harshly traversable land, hot/humid climate, and a plethora of deadly diseases, intermingling of pre-colonial tribes in Angola had been rare.
After settlement of the migrants, a number of political entities developed. The best-known of these was the Kingdom of Kongo, based in Angola. It extended northward to what are now the Democratic Republic of the Congo, the Republic of the Congo, and Gabon. It established trade routes with other city-states and civilisations up and down the coast of southwestern and western Africa. Its traders even reached Great Zimbabwe and the Mutapa Empire, although the kingdom engaged in little or no trans-oceanic trade. To its south lay the Kingdom of Ndongo, from which the area of the later Portuguese colony was sometimes known as Dongo. Next to that was the Kingdom of Matamba. The lesser Kingdom of Kakongo to the north was later a vassal of the Kingdom of Kongo. The people in all of these states spoke Kikongo as a common language.


=== Portuguese colonization ===

Portuguese explorer Diogo Cão reached the area in 1484. The previous year, the Portuguese had established relations with the Kingdom of Kongo, which stretched at the time from modern Gabon in the north to the Kwanza River in the south. The Portuguese established their primary early trading post at Soyo, which is now the northernmost city in Angola apart from the Cabinda exclave.
Paulo Dias de Novais founded São Paulo de Loanda (Luanda) in 1575 with a hundred families of settlers and four hundred soldiers. Benguela was fortified in 1587 and became a township in 1617. An authoritarian state, the Kingdom of Kongo was highly centralised around its monarch and controlled neighbouring states as vassals. It had a strong economy, based on the industries of copper, ivory, salt, hides, and, to a lesser extent, slaves. The transition from a feudal system of slavery to a capitalist one with Portugal would prove crucial to the history of the Kingdom of Kongo.
As relations between Kongo and Portugal grew in the early 16th century, trade between the kingdoms also increased. Most of the trade was in palm cloth, copper, and ivory, but also increasing numbers of slaves. Kongo exported few slaves, and its slave market had remained internal. But, following the development of a successful sugar-growing colony after Portuguese settlement of São Tomé, Kongo became a major source of slaves for the island's traders and plantations. Correspondence by King Afonso documents the purchase and sale of slaves within the country. His accounts also detail which slaves captured in war were given or sold to Portuguese merchants.
Afonso continued to expand the kingdom of Kongo into the 1540s, expanding its borders to the south and east. The expansion of Kongo's population, coupled with Afonso's earlier religious reforms, allowed the ruler to centralize power in his capital and increase the power of the monarchy. He also established a royal monopoly on some trade. To govern the growing slave trade, Afonso and several Portuguese kings claimed a joint monopoly on the external slave trade.
The slave trade increasingly became Kongo's primary, and arguably sole, economic sector. A major obstacle for the Kingdom of Kongo was that slaves were the only commodity for which the European powers were willing to trade. Kongo lacked an effective international currency. Kongolese nobles could buy slaves with the national currency of nzimbu shells, which could be traded for slaves. These could be sold to gain international currency.
As the slave trade was the only commodity in which Europeans were interested in the region during the 16th and 17th centuries, the Kongo economy was unable to diversify or later industrialise outside of sectors in which slavery was involved, such as the arms industry. The increased production and sale of guns within the kingdom was due to the salient issue of the slave trade, which had become an increasingly violent struggle. There was a constant need for slaves for the kings and queens to sell in exchange for foreign commodities, the absence of which would prevent them from having any influence with European powers such as Portugal and eventually the Dutch Republic.
Kongolese kings needed this influence to garner support from European powers for quelling internal rebellions. The situation became increasingly complicated during the rule of Garcia II, who needed the assistance of the Dutch military to drive out the Portuguese from Luanda, in spite of the fact that Portugal was Kongo's primary slave trading partner.
By the early 17th century, the supply of foreign slaves captured by the Kongolese externally was waning. The government began to approve the enslavement of freeborn Kongolese citizens for relatively minor infractions, nearly any disobeying of the authoritarian system and the aristocracy. If several villagers were deemed guilty of a crime, it became relatively common for the whole village to be enslaved. The resulting chaos and internal conflict from Garcia II's reign would lead into that of his son and successor, António I. He was killed in 1665 by Portuguese at the Battle of Mbwila 1665, together with a substantial proportion of the aristocracy. The colonists were expanding their power.
War broke out more widely in the Kingdom of Kongo after the death of António I. Much of the stability and access to iron ore and charcoal necessary for gunsmiths to maintain the arms industry was disrupted. From then on, in this period almost every Kongolese citizen was in danger of being enslaved. Many Kongolese subjects were adroit in making guns, and they were enslaved to have their skills available to colonists in the New World, where they worked as blacksmiths, ironworkers, and charcoal makers.
The Portuguese established several other settlements, forts and trading posts along the Angolan coast, principally trading in Angolan slaves for plantations. Local slave dealers provided a large number of slaves for the Portuguese Empire, usually in exchange for manufactured goods from Europe. This part of the Atlantic slave trade continued until after Brazil's independence in the 1820s.

Despite Portugal's territorial claims in Angola, its control over much of the country's vast interior was minimal. In the 16th century Portugal gained control of the coast through a series of treaties and wars. Life for European colonists was difficult and progress was slow. John Iliffe notes that ""Portuguese records of Angola from the 16th century show that a great famine occurred on average every seventy years; accompanied by epidemic disease, it might kill one-third or one-half of the population, destroying the demographic growth of a generation and forcing colonists back into the river valleys"".
During the Portuguese Restoration War, the Dutch West India Company occupied the principal settlement of Luanda in 1641, using alliances with local peoples to carry out attacks against Portuguese holdings elsewhere. A fleet under Salvador de Sá retook Luanda in 1648; reconquest of the rest of the territory was completed by 1650. New treaties with the Kongo were signed in 1649; others with Njinga's Kingdom of Matamba and Ndongo followed in 1656. The conquest of Pungo Andongo in 1671 was the last major Portuguese expansion from Luanda, as attempts to invade Kongo in 1670 and Matamba in 1681 failed. Colonial outposts also expanded inward from Benguela, but until the late 19th century the inroads from Luanda and Benguela were very limited. Hamstrung by a series of political upheavals in the early 1800s, Portugal was slow to mount a large scale annexation of Angolan territory.

The slave trade was abolished in Angola in 1836, and in 1854 the colonial government freed all its existing slaves. Four years later, a more progressive administration appointed by Portugal abolished slavery altogether. However, these decrees remained largely unenforceable, and the Portuguese depended on assistance from the British Royal Navy and what became known as the Blockade of Africa to enforce their ban on the slave trade. This coincided with a series of renewed military expeditions into the bush.
By the mid-nineteenth century Portugal had established its dominion as far north as the Congo River and as far south as Mossâmedes. Until the late 1880s, Portugal entertained proposals to link Angola with its colony in Mozambique but was blocked by British and Belgian opposition. In this period, the Portuguese came up against different forms of armed resistance from various peoples in Angola.
The Berlin Conference in 1884–1885 set the colony's borders, delineating the boundaries of Portuguese claims in Angola, although many details were unresolved until the 1920s. Trade between Portugal and its African territories rapidly increased as a result of protective tariffs, leading to increased development, and a wave of new Portuguese immigrants.
In 1925, an expedition to Angola was conducted by American naturalist explorer Arthur Stannard Vernay.
Between 1939 and 1943, Portuguese army operations against the Mucubal, whom they accused of rebellion and cattle-thieving, resulted in hundreds of Mucubal killed. During the campaign, 3,529 were taken prisoner, 20% of whom were women and children, and imprisoned in concentration camps. Many died in captivity from undernourishment, violence and forced labor. Around 600 were sent to Sao Tome and Principe. Hundreds were also sent to a camp in Damba, where 26% died.


=== Angolan War of Independence ===

Under colonial law, black Angolans were forbidden from forming political parties or labour unions. The first nationalist movements did not take root until after World War II, spearheaded by a largely Westernised and Portuguese-speaking urban class, which included many mestiços. During the early 1960s they were joined by other associations stemming from ad hoc labour activism in the rural workforce. Portugal's refusal to address increasing Angolan demands for self-determination provoked an armed conflict, which erupted in 1961 with the Baixa de Cassanje revolt and gradually evolved into a protracted war of independence that persisted for the next twelve years. Throughout the conflict, three militant nationalist movements with their own partisan guerrilla wings emerged from the fighting between the Portuguese government and local forces, supported to varying degrees by the Portuguese Communist Party.
The National Front for the Liberation of Angola (FNLA) recruited from Bakongo refugees in Zaire. Benefiting from particularly favourable political circumstances in Léopoldville, and especially from a common border with Zaire, Angolan political exiles were able to build up a power base among a large expatriate community from related families, clans, and traditions. People on both sides of the border spoke mutually intelligible dialects and enjoyed shared ties to the historical Kingdom of Kongo. Though as foreigners skilled Angolans could not take advantage of Mobutu Sese Seko's state employment programme, some found work as middlemen for the absentee owners of various lucrative private ventures. The migrants eventually formed the FNLA with the intention of making a bid for political power upon their envisaged return to Angola.

A largely Ovimbundu guerrilla initiative against the Portuguese in central Angola from 1966 was spearheaded by Jonas Savimbi and the National Union for the Total Independence of Angola (UNITA). It remained handicapped by its geographic remoteness from friendly borders, the ethnic fragmentation of the Ovimbundu, and the isolation of peasants on European plantations where they had little opportunity to mobilise.
During the late 1950s, the rise of the Marxist–Leninist Popular Movement for the Liberation of Angola (MPLA) in the east and Dembos hills north of Luanda came to hold special significance. Formed as a coalition resistance movement by the Angolan Communist Party, the organisation's leadership remained predominantly Ambundu and courted public sector workers in Luanda. Although both the MPLA and its rivals accepted material assistance from the Soviet Union or the People's Republic of China, the former harboured strong anti-imperialist views and was openly critical of the United States and its support for Portugal. This allowed it to win important ground on the diplomatic front, soliciting support from nonaligned governments in Morocco, Ghana, Guinea, Mali, and the United Arab Republic.
The MPLA attempted to move its headquarters from Conakry to Léopoldville in October 1961, renewing efforts to create a common front with the FNLA, then known as the Union of Angolan Peoples (UPA) and its leader Holden Roberto. Roberto turned down the offer. When the MPLA first attempted to insert its own insurgents into Angola, the cadres were ambushed and annihilated by UPA partisans on Roberto's orders—setting a precedent for the bitter factional strife which would later ignite the Angolan Civil War.


=== Angolan Civil War ===

Throughout the war of independence, the three rival nationalist movements were severely hampered by political and military factionalism, as well as their inability to unite guerrilla efforts against the Portuguese. Between 1961 and 1975 the MPLA, UNITA, and the FNLA competed for influence in the Angolan population and the international community. The Soviet Union and Cuba became especially sympathetic towards the MPLA and supplied that party with arms, ammunition, funding, and training. They also backed UNITA militants until it became clear that the latter was at irreconcilable odds with the MPLA.
The collapse of Portugal's Estado Novo government following the 1974 Carnation Revolution suspended all Portuguese military activity in Africa and the brokering of a ceasefire pending negotiations for Angolan independence. Encouraged by the Organisation of African Unity, Holden Roberto, Jonas Savimbi, and MPLA chairman Agostinho Neto met in Mombasa in early January 1975 and agreed to form a coalition government. This was ratified by the Alvor Agreement later that month, which called for general elections and set the country's independence date for 11 November 1975. All three factions, however, followed up on the ceasefire by taking advantage of the gradual Portuguese withdrawal to seize various strategic positions, acquire more arms, and enlarge their militant forces. The rapid influx of weapons from numerous external sources, especially the Soviet Union and the United States, as well as the escalation of tensions between the nationalist parties, fueled a new outbreak of hostilities. With tacit American and Zairean support the FNLA began massing large numbers of troops in northern Angola in an attempt to gain military superiority. Meanwhile, the MPLA began securing control of Luanda, a traditional Ambundu stronghold. Sporadic violence broke out in Luanda over the next few months after the FNLA attacked the MPLA's political headquarters in March 1975. The fighting intensified with street clashes in April and May, and UNITA became involved after over two hundred of its members were massacred by an MPLA contingent that June. An upswing in Soviet arms shipments to the MPLA influenced a decision by the Central Intelligence Agency to likewise provide substantial covert aid to the FNLA and UNITA.
In August 1975, the MPLA requested direct assistance from the Soviet Union in the form of ground troops. The Soviets declined, offering to send advisers but no troops; however, Cuba was more forthcoming and in late September dispatched nearly five hundred combat personnel to Angola, along with sophisticated weaponry and supplies. By independence, there were over a thousand Cuban soldiers in the country. They were kept supplied by a massive airbridge carried out with Soviet aircraft. The persistent buildup of Cuban and Soviet military aid allowed the MPLA to drive its opponents from Luanda and blunt an abortive intervention by Zairean and South African troops, which had deployed in a belated attempt to assist the FNLA and UNITA. The FNLA was largely annihilated after the decisive Battle of Quifangondo, although UNITA managed to withdraw its civil officials and militia from Luanda and seek sanctuary in the southern provinces. From there, Savimbi continued to mount a determined insurgent campaign against the MPLA.

Between 1975 and 1991, the MPLA implemented an economic and political system based on the principles of scientific socialism, incorporating central planning and a Marxist–Leninist one-party state. It embarked on an ambitious programme of nationalisation, and the domestic private sector was essentially abolished. Privately owned enterprises were nationalised and incorporated into a single umbrella of state-owned enterprises known as Unidades Economicas Estatais (UEE). Under the MPLA, Angola experienced a significant degree of modern industrialisation. However, corruption and graft also increased and public resources were either allocated inefficiently or simply embezzled by officials for personal enrichment. The ruling party survived an attempted coup d'état by the Maoist-oriented Communist Organisation of Angola (OCA) in 1977, which was suppressed after a series of bloody political purges left thousands of OCA supporters dead.
The MPLA abandoned its former Marxist ideology at its third party congress in 1990, and declared social democracy to be its new platform. Angola subsequently became a member of the International Monetary Fund; restrictions on the market economy were also reduced in an attempt to draw foreign investment. By May 1991 it reached a peace agreement with UNITA, the Bicesse Accords, which scheduled new general elections for September 1992. When the MPLA secured a major electoral victory, UNITA objected to the results of both the presidential and legislative vote count and returned to war. Following the election, the Halloween massacre occurred from 30 October to 1 November, where MPLA forces killed thousands of UNITA supporters.


=== 21st century ===

On 22 February 2002, government troops killed Savimbi in a skirmish in the Moxico province. UNITA and the MPLA consented to the Luena Memorandum of Understanding in April; UNITA agreed to give up its armed wing. With the elections in 2008 and 2012, an MPLA-ruled dominant-party system emerged, with UNITA and the FNLA as opposition parties.
Angola has a serious humanitarian crisis; the result of the prolonged war, the abundance of minefields, and the continued political agitation in favour of the independence of the exclave of Cabinda (carried out in the context of the protracted Cabinda conflict by the FLEC). While most of the internally displaced have now squatted around the capital, in musseques (shanty towns) the general situation for Angolans remains desperate.
A drought in 2016 caused the worst food crisis in Southern Africa in 25 years, affecting 1.4 million people across seven of Angola's eighteen provinces. Food prices rose and acute malnutrition rates doubled, impacting over 95,000 children.
José Eduardo dos Santos stepped down as President of Angola after 38 years in 2017, being peacefully succeeded by João Lourenço, Santos' chosen successor. Some members of the dos Santos family were later linked to high levels of corruption. In July 2022, ex-president José Eduardo dos Santos died in Spain.
In August 2022, the ruling party, MPLA, won another majority and President Lourenço won a second five-year term in the election. However, the election was the tightest in Angola's history.


== Geography ==

At 1,246,700 km2 (481,400 sq mi), Angola is the world's twenty-second largest country – comparable in size to Mali, or twice the size of France or of Texas. It lies mostly between latitudes 4° and 18°S, and longitudes 12° and 24°E.
Angola borders Namibia to the south, Zambia to the east, the Democratic Republic of the Congo to the north-east and the South Atlantic Ocean to the west.
The coastal exclave of Cabinda in the north has borders with the Republic of the Congo to the north and with the Democratic Republic of the Congo to the south. Angola has a favorable coastline for maritime trade, with four natural harbors: Luanda, Lobito, Moçâmedes, and Tômbua. These natural indentations contrast with Africa's typical coastline of rocky cliffs and deep bays. Angola's capital, Luanda, lies on the Atlantic coast in the northwest of the country.
Angola had a 2018 Forest Landscape Integrity Index mean score of 8.35/10, ranking it 23rd globally out of 172 countries. In Angola forest cover is around 53% of the total land area, equivalent to 66,607,380 hectares (ha) of forest in 2020, down from 79,262,780 hectares (ha) in 1990. In 2020, naturally regenerating forest covered 65,800,190 hectares (ha) and planted forest covered 807,200 hectares (ha). Of the naturally regenerating forest 40% was reported to be primary forest (consisting of native tree species with no clearly visible indications of human activity) and around 3% of the forest area was found within protected areas. For the year 2015, 100% of the forest area was reported to be under public ownership.


=== Climate ===

Like the rest of tropical Africa, Angola experiences distinct, alternating rainy and dry seasons. In the north, the rainy season may last for as long as seven months—usually from September to April, with perhaps a brief slackening in January or February. In the south, the rainy season begins later, in November, and lasts until about February. The dry season (cacimbo) is often characterized by a heavy morning mist. In general, precipitation is higher in the north, but at any latitude it is greater in the interior than along the coast and increases with altitude. Temperatures fall with distance from the equator and with altitude and tend to rise closer to the Atlantic Ocean. Thus, at Soyo, at the mouth of the Congo River, the average annual temperature is about 26 °C, but it is under 16 °C at Huambo on the temperate central plateau. The coolest months are July and August (in the middle of the dry season), when frost may sometimes form at higher altitudes.
Due to climate change, Angola's annual average temperature has increased by 1.4.°C since 1951, and is expected to keep rising while rainfall is becoming more variable. Angola is highly vulnerable to climate change impacts. Natural hazards such as floods, erosion, droughts, and epidemics (e.g.: malaria, cholera and typhoid fever) are expected to worsen with climate change. Rising sea levels also pose a significant risk to Angola's coastal areas, where around 50% of the population lives.
In 2023 Angola emitted 174.71 million tonnes of greenhouse gases, around 0.32% of the world's total emissions, making it the 46th highest emitting country. In its Nationally Determined Contribution, Angola has pledged a 14% reduction in its greenhouse gas emissions by 2025 and an additional 10% reduction conditional on international support. According to the World Bank, achieving climate resilience in Angola requires diversifying the country's economy away from its dependence on oil.


=== Wildlife ===


== Government and politics ==

The Angolan government is composed of three branches of government: executive, legislative and judicial. The executive branch of the government is composed of the President, the vice-presidents and the Council of Ministers.
The legislative branch comprises a 220-seat unicameral legislature, the National Assembly of Angola, elected from multi-member province-wide and nationwide constituencies using party-list proportional representation. For decades, political power has been concentrated in the presidency.
After 38 years of rule, in 2017 President dos Santos stepped down from MPLA leadership. The leader of the winning party at the parliamentary elections in August 2017 would become the next president of Angola. The MPLA selected the former Defense Minister João Lourenço as Santos' chosen successor.
In what has been described as a political purge to cement his power and reduce the influence of the Dos Santos family, Lourenço subsequently sacked the chief of the national police, Ambrósio de Lemos, and the head of the intelligence service, Apolinário José Pereira. Both are considered allies of former president Dos Santos. He also removed Isabel dos Santos, daughter of the former president, as head of the country's state oil company Sonangol. In August 2020, José Filomeno dos Santos, son of Angola's former president, was sentenced for five years in jail for fraud and corruption.


=== Constitution ===

The Constitution of 2010 establishes the broad outlines of government structure and delineates the rights and duties of citizens. The legal system is based on Portuguese law and customary law but is weak and fragmented, and courts operate in only 12 of more than 140 municipalities. A Supreme Court serves as the appellate tribunal; a Constitutional Court does not hold the powers of judicial review. Governors of the 18 provinces are appointed by the president. After the end of the civil war, the regime came under pressure from within as well as from the international community to become more democratic and less authoritarian. Its reaction was to implement a number of changes without substantially changing its character.
The new constitution, adopted in 2010, did away with presidential elections, introducing a system in which the president and the vice-president of the political party that wins the parliamentary elections automatically become president and vice-president. Directly or indirectly, the president controls all other organs of the state, so there is de facto no separation of powers. In the classifications used in constitutional law, this government falls under the category of authoritarian regime.


=== Justice ===
A Supreme Court serves as a court of appeal. The Constitutional Court is the supreme body of the constitutional jurisdiction, established with the approval of Law no. 2/08, of 17 June – Organic Law of the Constitutional Court and Law n. 3/08, of 17 June – Organic Law of the Constitutional Process. The legal system is based on Portuguese and customary law. There are 12 courts in more than 140 counties in the country. Its first task was the validation of the candidacies of the political parties to the legislative elections of 5 September 2008. Thus, on 25 June 2008, the Constitutional Court was institutionalized and its Judicial Counselors assumed the position before the President of the Republic. Currently, seven advisory judges are present, four men and three women.
In 2014, a new penal code took effect in Angola. The classification of money-laundering as a crime is one of the novelties in the new legislation.


=== Administrative divisions ===

As of September 2024, Angola is divided into twenty-one provinces (províncias) and 162 municipalities. The municipalities are further divided into 559 communes (townships). The provinces are:


==== Exclave of Cabinda ====

With an area of approximately 7,283 square kilometres (2,812 sq mi), the Northern Angolan province of Cabinda is unusual in being separated from the rest of the country by a strip, some 60 kilometres (37 mi) wide, of the Democratic Republic of Congo along the lower Congo River. Cabinda borders the Congo Republic to the north and north-northeast and the DRC to the east and south. The city of Cabinda is the chief population centre.
According to a 1995 census, Cabinda had an estimated population of 600,000, approximately 400,000 of whom are citizens of neighboring countries. Population estimates are, however, highly unreliable. Consisting largely of tropical forest, Cabinda produces hardwoods, coffee, cocoa, crude rubber, and palm oil.
The product for which it is best known, however, is its oil, which has given it the nickname the Kuwait of Africa. Cabinda's petroleum production from its considerable offshore reserves now accounts for more than half of Angola's output. Most of the oil along its coast was discovered under Portuguese rule by the Cabinda Gulf Oil Company (CABGOC) from 1968 onwards.
Ever since Portugal handed over sovereignty of its former overseas province of Angola to the local independence groups (MPLA, UNITA and FNLA), the territory of Cabinda has been a focus of separatist guerrilla actions opposing the Government of Angola (which has employed its armed forces, the FAA—Forças Armadas Angolanas) and Cabindan separatists.


=== Foreign relations ===

Angola is a founding member state of the Community of Portuguese Language Countries (CPLP), also known as the Lusophone Commonwealth, an international organization and political association of Lusophone nations across four continents, where Portuguese is an official language.
On 16 October 2014, Angola was elected for the second time a non-permanent member of the United Nations Security Council, with 190 favorable votes out of a total of 193. The term of office began on 1 January 2015 and expired on 31 December 2016.
Since January 2014, the Republic of Angola has been chairing the International Conference for the Great Lakes Region (CIRGL). [80] In 2015, CIRGL Executive Secretary Ntumba Luaba said that Angola is the example to be followed by the members of the organization, due to the significant progress made during the 12 years of peace, namely in terms of socio-economic stability and political-military.


=== Military ===

The Angolan Armed Forces (Forças Armadas Angolanas, FAA) are headed by a Chief of Staff who reports to the Minister of Defence. There are three divisions—the Army (Exército), Navy (Marinha de Guerra, MGA) and National Air Force (Força Aérea Nacional, FAN). Total manpower is 107,000; plus paramilitary forces of 10,000 (2015 est.).
Its equipment includes Russian-manufactured fighters, bombers and transport planes. There are also Brazilian-made EMB-312 Tucanos for training, Czech-made L-39 Albatroses for training and bombing, and a variety of western-made aircraft such as the C-212\Aviocar, Sud Aviation Alouette III, etc. A small number of FAA personnel are stationed in the Democratic Republic of the Congo (Kinshasa) and 500 more were deployed in March 2023 due to the resurgence of the M23. The FAA has also participated in the Southern African Development Community (SADC)'s mission for peace in Cabo Delgado, Mozambique.


=== Police ===

The National Police departments are Public Order, Criminal Investigation, Traffic and Transport, Investigation and Inspection of Economic Activities, Taxation and Frontier Supervision, Riot Police and the Rapid Intervention Police. The National Police are in the process of standing up an air wing, to provide helicopter support for operations. The National Police are developing their criminal investigation and forensic capabilities. The force consists of an estimated 6,000 patrol officers, 2,500 taxation and frontier supervision officers, 182 criminal investigators, 100 financial crimes detectives, and approximately 90 economic activity inspectors.
The National Police have implemented a modernisation and development plan to increase the capabilities and efficiency of the total force. In addition to administrative reorganisation, modernisation projects include procurement of new vehicles, aircraft and equipment, construction of new police stations and forensic laboratories, restructured training programmes and the replacement of AKM rifles with 9 mm Uzis for officers in urban areas.


=== Human rights ===

Angola was classified as 'not free' by Freedom House in the Freedom in the World 2014 report and the 2024 report, however the report has noted increases in freedoms under João Lourenço. The 2014 report noted that the August 2012 parliamentary elections, in which the ruling Popular Movement for the Liberation of Angola won more than 70% of the vote, suffered from serious flaws, including outdated and inaccurate voter rolls. Voter turnout dropped from 80% in 2008 to 60%.
A 2012 report by the U.S. Department of State said, ""The three most important human rights abuses [in 2012] were official corruption and impunity; limits on the freedoms of assembly, association, speech, and press; and cruel and excessive punishment, including reported cases of torture and beatings as well as unlawful killings by police and other security personnel.""
Angola ranked forty-two of forty-eight sub-Saharan African states on the 2007 Index of African Governance list and scored poorly on the 2013 Ibrahim Index of African Governance. It was ranked 39 out of 52 sub-Saharan African countries, scoring particularly badly in the areas of participation and human rights, sustainable economic opportunity and human development. The Ibrahim Index uses a number of variables to compile its list which reflects the state of governance in Africa.
In 2019, homosexual acts were decriminalized in Angola, and the government also prohibited discrimination based on sexual orientation. The vote was overwhelming: 155 for, 1 against, 7 abstaining.


== Economy ==

Angola has diamonds, oil, gold, copper, rich wildlife (which was dramatically depleted during the civil war), forest, and fossil fuels. Since independence, oil and diamonds have been the most important economic resources. Smallholder and plantation agriculture dramatically dropped during the Angolan Civil War, but began to recover after 2002.
Angola's economy has in recent years moved on from the disarray caused by a quarter-century of Angolan civil war to become the fastest-growing economy in Africa and one of the fastest-growing in the world, with an average GDP growth of 20% between 2005 and 2007. In the period 2001–10, Angola had the world's highest annual average GDP growth, at 11.1%.
In 2004, the Exim Bank of China approved a $2 billion line of credit to Angola, to be used for rebuilding Angola's infrastructure, and to limit the influence of the International Monetary Fund there.
China is Angola's biggest trade partner and export destination as well as a significant source of imports. Bilateral trade reached $27.67 billion in 2011, up 11.5% year-on-year. China's imports, mainly crude oil and diamonds, increased 9.1% to $24.89 billion while China's exports to Angola, including mechanical and electrical products, machinery parts and construction materials, surged 38.8%. The oil glut led to a local price for unleaded gasoline of £0.37 a gallon.
As of 2021, the biggest import partners were the European Union, followed by China, Togo, the United States, and Brazil. More than half of Angola's exports go to China, followed by a significantly smaller amount to India, the European Union, and the United Arab Emirates.
The Angolan economy grew 18% in 2005, 26% in 2006 and 17.6% in 2007. Due to the global recession, the economy contracted an estimated −0.3% in 2009. The security brought about by the 2002 peace settlement has allowed the resettlement of 4 million displaced persons and a resulting large-scale increase in agriculture production. Angola's economy is expected to grow by 3.9 per cent in 2014 said the International Monetary Fund (IMF), robust growth in the non-oil economy, mainly driven by a very good performance in the agricultural sector, is expected to offset a temporary drop in oil production.

Angola's financial system is maintained by the National Bank of Angola and managed by the governor Jose de Lima Massano. According to a study on the banking sector, carried out by Deloitte, the monetary policy led by Banco Nacional de Angola (BNA), the Angolan national bank, allowed a decrease in the inflation rate put at 7.96% in December 2013, which contributed to the sector's growth trend. Estimates released by Angola's central bank, said the country's economy should grow at an annual average rate of 5 per cent over the next four years, boosted by the increasing participation of the private sector. Angola was ranked 133rd in the Global Innovation Index in 2024.
Although the country's economy has grown significantly since Angola achieved political stability in 2002, mainly due to fast-rising earnings in the oil sector, Angola faces huge social and economic problems. These are in part a result of almost continual armed conflict from 1961 on, although the highest level of destruction and socio-economic damage took place after the 1975 independence, during the long years of civil war. However, high poverty rates and blatant social inequality chiefly stems from persistent authoritarianism, ""neo-patrimonial"" practices at all levels of the political, administrative, military and economic structures, and of a pervasive corruption. The main beneficiaries are political, administrative, economic and military power holders, who have accumulated (and continue to accumulate) enormous wealth.

""Secondary beneficiaries"" are the middle strata that are about to become social classes. However, almost half the population has to be considered poor, with dramatic differences between the countryside and the cities, where slightly more than 50% of the people reside.
A study carried out in 2008 by the Angolan Instituto Nacional de Estatística found that in rural areas roughly 58% must be classified as ""poor"" according to UN norms but in the urban areas only 19%, and an overall rate of 37%. In cities, a majority of families, well beyond those officially classified as poor, must adopt a variety of survival strategies. In urban areas social inequality is most evident and it is extreme in Luanda. In the Human Development Index Angola constantly ranks in the bottom group.

In January 2020, a leak of government documents known as the Luanda Leaks showed that U.S. consulting companies such as Boston Consulting Group, McKinsey & Company, and PricewaterhouseCoopers had helped members of the family of former President José Eduardo dos Santos (especially his daughter Isabel dos Santos) corruptly run Sonangol for their own personal profit, helping them use the company's revenues to fund vanity projects in France and Switzerland. After further revelations in the Pandora Papers, former generals Dias and do Nascimento and former presidential advisers were also accused of misappropriating significant public funds for personal benefit.
The enormous differences between the regions pose a serious structural problem for the Angolan economy, illustrated by the fact that about one third of economic activities are concentrated in Luanda and neighbouring Bengo province, while several areas of the interior suffer economic stagnation and even regression.
One of the economic consequences of social and regional disparities is a sharp increase in Angolan private investments abroad. The small fringe of Angolan society where most of the asset accumulation takes place seeks to spread its assets, for reasons of security and profit. For the time being, the biggest share of these investments is concentrated in Portugal where the Angolan presence (including the family of the state president) in banks as well as in the domains of energy, telecommunications, and mass media has become notable, as has the acquisition of vineyards and orchards as well as of tourism enterprises.

Angola has upgraded critical infrastructure, an investment made possible by funds from the country's development of oil resources. According to a report, just slightly more than ten years after the end of the civil war Angola's standard of living has overall greatly improved. Life expectancy, which was just 46 years in 2002, reached 51 in 2011. Mortality rates for children fell from 25 per cent in 2001 to 19 per cent in 2010 and the number of students enrolled in primary school has tripled since 2001. However, at the same time the social and economic inequality that has characterised the country for so long has not diminished, but has deepened in all respects.
With a stock of assets corresponding to 70 billion Kz (US$6.8 billion), Angola is now the third-largest financial market in sub-Saharan Africa, surpassed only by Nigeria and South Africa. According to the Angolan Minister of Economy, Abraão Gourgel, the financial market of the country grew modestly since 2002 and now occupies third place in sub-Saharan Africa.
On 19 December 2014, the Capital Market in Angola was launched. BODIVA (Angola Stock Exchange and Derivatives, in English) was allocated the secondary public debt market, and was expected to launch the corporate debt market by 2015, though the stock market itself was only expected to commence trading in 2016.


=== Natural resources ===

The Economist reported in 2008 that diamonds and oil make up 60% of Angola's economy, almost all of the country's revenue and all of its dominant exports. Growth is almost entirely driven by rising oil production which surpassed 1.4 million barrels per day (220,000 m3/d) in late 2005 and was expected to grow to 2 million barrels per day (320,000 m3/d) by 2007. Control of the oil industry is consolidated in Sonangol Group, a conglomerate owned by the Angolan government. In December 2006, Angola was admitted as a member of OPEC. In 2022, the country produced an average of 1.165 million barrels of oil per day, according to Agência Nacional de Petróleo, Gás e Biocombustíveis (ANPG), the national oil, gas and biofuels agency.
According to the Heritage Foundation, a conservative American think tank, oil production from Angola has increased so significantly that Angola now is China's biggest supplier of oil. ""China has extended three multi-billion dollar lines of credit to the Angolan government; two loans of $2 billion from China Exim Bank, one in 2004, the second in 2007, as well as one loan in 2005 of $2.9 billion from China International Fund Ltd.""
Growing oil revenues also created opportunities for corruption: according to a recent Human Rights Watch report, US$32 billion disappeared from government accounts in 2007–2010. Furthermore, Sonangol, the state-run oil company, controls 51% of Cabinda's oil. Due to this market control, the company ends up determining the profit received by the government and the taxes it pays. The council of foreign affairs states that the World Bank mentioned that Sonangol is a taxpayer, it carries out quasi-fiscal activities, it invests public funds, and, as concessionaire, it is a sector regulator. This multifarious work program creates conflicts of interest and characterises a complex relationship between Sonangol and the government that weakens the formal budgetary process and creates uncertainty as regards the actual fiscal stance of the state.""
In 2002, Angola demanded compensation for oil spills allegedly caused by Chevron Corporation, the first time it had fined a multinational corporation operating in its waters.
Operations in its diamond mines include partnerships between state-run Endiama and mining companies such as ALROSA which operate in Angola.
Access to biocapacity in Angola is higher than world average. In 2016, Angola had 1.9 global hectares of biocapacity per person within its territory, slightly more than world average of 1.6 global hectares per person. In 2016, Angola used 1.01 global hectares of biocapacity per person – their ecological footprint of consumption. This means they use about half as much biocapacity as Angola contains. As a result, Angola is running a biocapacity reserve.


=== Agriculture ===

Agriculture and forestry is an area of potential opportunity for the country. The African Economic Outlook organization states that ""Angola requires 4.5 million tonnes a year of grain but grows only about 55% of the maize it needs, 20% of the rice and just 5% of its required wheat"".
In addition, the World Bank estimates that ""less than 3 per cent of Angola's abundant fertile land is cultivated and the economic potential of the forestry sector remains largely unexploited"".
Before independence in 1975, Angola was a bread-basket of southern Africa and a major exporter of bananas, coffee and sisal, but three decades of civil war destroyed fertile countryside, left it littered with landmines and drove millions into the cities. The country now depends on expensive food imports, mainly from South Africa and Portugal, while more than 90% of farming is done at the family and subsistence level. Thousands of Angolan small-scale farmers are trapped in poverty.


=== Transport ===

Transport in Angola consists of:

Three separate railway systems totalling 2,761 km (1,716 mi)
76,626 km (47,613 mi) of highway of which 19,156 km (11,903 mi) is paved
1,295 navigable inland waterways
five major sea ports
243 airports, of which 32 are paved.
Angola centers its port trade in five main ports: Namibe, Lobito, Soyo, Cabinda and Luanda. The port of Luanda is the largest of the five, as well as being one of the busiest on the African continent.
Two trans-African automobile routes pass through Angola: the Tripoli-Cape Town Highway and the Beira-Lobito Highway. Travel on highways outside of towns and cities in Angola (and in some cases within) is often not best advised for those without four-by-four vehicles. While reasonable road infrastructure has existed within Angola, time and war have taken their toll on the road surfaces, leaving many severely potholed, littered with broken asphalt. In many areas drivers have established alternative tracks to avoid the worst parts of the surface, although careful attention must be paid to the presence or absence of landmine warning markers by the side of the road. The Angolan government has contracted the restoration of many of the country's roads. The road between Lubango and Namibe, for example, was completed recently with funding from the European Union, and is comparable to many European main routes. Completing the road infrastructure is likely to take some decades, but substantial efforts are already being made.
The old airport in Luanda, Quatro de Fevereiro Airport, will be replaced by the new Dr. Antonio Agostinho Neto International Airport.


=== Telecommunications ===

The telecommunications industry is considered one of the main strategic sectors in Angola.

In October 2014, the building of an optic fiber underwater cable was announced. This project aims to turn Angola into a continental hub, thus improving Internet connections both nationally and internationally.
On 11 March 2015, the First Angolan Forum of Telecommunications and Information Technology was held in Luanda under the motto ""The challenges of telecommunications in the current context of Angola"", to promote debate on topical issues on telecommunications in Angola and worldwide. A study of this sector, presented at the forum, said Angola had the first telecommunications operator in Africa to test LTE – with speeds up to 400 Mbit/s – and mobile penetration of about 75%; there are about 3.5 million smartphones in the Angolan market; There are about 25,000 kilometres (16,000 miles) of optical fibre installed in the country.
The first Angolan satellite, AngoSat-1, was launched into orbit on 26 December 2017. It was launched from the Baikonur space center in Kazakhstan on board a Zenit 3F rocket. The satellite was built by Russia's RSC Energia, a subsidiary of the state-run space industry player Roscosmos. The satellite payload was supplied by Airbus Defence & Space. Due to an on-board power failure during solar panel deployment, on 27 December, RSC Energia revealed that they lost communications contact with the satellite. Although, subsequent attempts to restore communications with the satellite were successful, the satellite eventually stopped sending data and RSC Energia confirmed that AngoSat-1 was inoperable. The launch of AngoSat-1 was aimed at ensuring telecommunications throughout the country. According to Aristides Safeca, Secretary of State for Telecommunications, the satellite was aimed at providing telecommunications services, TV, internet and e-government and was expected to remain in operation ""at best"" for 18 years.
A replacement satellite named AngoSat-2 was pursued and was expected to be in service by 2020. As of February 2021, Ango-Sat-2 was about 60% ready. The officials reported the launch was expected in about 17 months, by July 2022. The launch of AngoSat-2 occurred on 12 October 2022.


=== Technology ===
The management of the top-level domain '.ao' passed from Portugal to Angola in 2015, following new legislation. A joint decree of Minister of Telecommunications and Information Technologies José Carvalho da Rocha and the minister of Science and Technology, Maria Cândida Pereira Teixeira, states that ""under the massification"" of that Angolan domain, ""conditions are created for the transfer of the domain root '.ao' of Portugal to Angola"".


== Demographics ==

Angola has a population of 24,383,301 inhabitants according to the preliminary results of its 2014 census, the first one conducted or carried out since 15 December 1970. It is composed of Ovimbundu (language Umbundu) 37%, Ambundu (language Kimbundu) 23%, Bakongo 13%, and 32% other ethnic groups (including the Chokwe, the Ovambo, the Ganguela and the Xindonga) as well as about 2% mulattos (mixed European and African), 1.6% Chinese and 1% European. The Ambundu and Ovimbundu ethnic groups combined form a majority of the population, at 62%. However, on 23 March 2016, official data revealed by Angola's National Statistic Institute – Instituto Nacional de Estatística (INE), states that Angola has a population of 25,789,024 inhabitants. In 2025, arround 39 million inhabitants.
It is estimated that Angola was host to 12,100 refugees and 2,900 asylum seekers by the end of 2007. 11,400 of those refugees were originally from the Democratic Republic of Congo, who arrived in the 1970s. As of 2008 there were an estimated 400,000 Democratic Republic of the Congo migrant workers, at least 220,000 Portuguese, and about 259,000 Chinese living in Angola. 1 million Angolans are mixed race (black and white). Also, 40,000 Vietnamese live in the country.
Since 2003, more than 400,000 Congolese migrants have been expelled from Angola. Prior to independence in 1975, Angola had a community of approximately 350,000 Portuguese, but the vast majority left after independence and the ensuing civil war. However, Angola has recovered its Portuguese minority in recent years; currently, there are about 200,000 registered with the consulates, and increasing due to the debt crisis in Portugal and the relative prosperity in Angola. The Chinese population stands at 258,920, mostly composed of temporary migrants. Also, there is a small Brazilian community of about 5,000 people. Romani people were expelled to Angola from Portugal during the colonial era.
As of 2007, the total fertility rate of Angola is 5.54 children born per woman (2012 estimates), the 11th highest in the world.


=== Urbanization ===


=== Languages ===

The languages in Angola are those originally spoken by the different ethnic groups and Portuguese, introduced during the Portuguese colonial era. The most widely spoken indigenous languages are Umbundu, Kimbundu and Kikongo, in that order. Portuguese is the official language of the country.
Although the exact numbers of those fluent in Portuguese or who speak Portuguese as a first language are unknown, a 2012 study mentions that Portuguese is the first language of 39% of the population. In 2014, a census carried out by the Instituto Nacional de Estatística in Angola mentions that 71.15% of the nearly 25.8 million inhabitants of Angola (meaning around 18.3 million people) use Portuguese as a first or second language.
According to the 2014 census, Portuguese is spoken by 71.1% of Angolans, Umbundu by 23%, Kikongo by 8.2%, Kimbundu by 7.8%, Chokwe by 6.5%, Nyaneka by 3.4%, Ngangela by 3.1%, Fiote by 2.4%, Kwanyama by 2.3%, Muhumbi by 2.1%, Luvale by 1%, and other languages by 4.1%.


=== Religion ===

There are about 1,000 religious communities, mostly Christian, in Angola. While reliable statistics are nonexistent, estimates have it that more than half of the population are Catholics, while about a quarter adhere to the Protestant churches introduced during the colonial period: the Congregationalists mainly among the Ovimbundu of the Central Highlands and the coastal region to its west, the Methodists concentrating on the Kimbundu speaking strip from Luanda to Malanje, the Baptists almost exclusively among the Bakongo of the north-west (now present in Luanda as well) and dispersed Adventists, Reformed, and Lutherans.

In Luanda and region there subsists a nucleus of the syncretic Tocoists and in the north-west a sprinkling of Kimbanguism can be found, spreading from the Congo/Zaïre. Since independence, hundreds of Pentecostal and similar communities have sprung up in the cities, whereby now about 50% of the population is living; several of these communities/churches are of Brazilian origin.
As of 2008 the U.S. Department of State estimates the Muslim population at 80,000–90,000, less than 1% of the population, while the Islamic Community of Angola puts the figure closer to 500,000. Muslims consist largely of migrants from West Africa and the Middle East (especially Lebanon), although some are local converts. The Angolan government does not legally recognize any Muslim organizations and often shuts down mosques or prevents their construction.
In a study assessing nations' levels of religious regulation and persecution with scores ranging from 0 to 10 where 0 represented low levels of regulation or persecution, Angola was scored 0.8 on Government Regulation of Religion, 4.0 on Social Regulation of Religion, 0 on Government Favoritism of Religion and 0 on Religious Persecution.
Foreign missionaries were very active prior to independence in 1975, although since the beginning of the anti-colonial fight in 1961 the Portuguese colonial authorities expelled a series of Protestant missionaries and closed mission stations based on the belief that the missionaries were inciting pro-independence sentiments. Missionaries have been able to return to the country since the early 1990s, although security conditions due to the civil war have prevented them until 2002 from restoring many of their former inland mission stations.
The Catholic Church and some major Protestant denominations mostly keep to themselves in contrast to the ""New Churches"" which actively proselytize. Catholics, as well as some major Protestant denominations, provide help for the poor in the form of crop seeds, farm animals, medical care and education.


=== Health ===

Epidemics of cholera, malaria, rabies and African hemorrhagic fevers like Marburg hemorrhagic fever, are common diseases in several parts of the country. Many regions in this country have high incidence rates of tuberculosis and high HIV prevalence rates. Dengue, filariasis, leishmaniasis and onchocerciasis (river blindness) are other diseases carried by insects that also occur in the region. Angola has one of the highest infant mortality rates in the world and one of the world's lowest life expectancies. A 2007 survey concluded that low and deficient niacin status was common in Angola. Demographic and Health Surveys is currently conducting several surveys in Angola on malaria, domestic violence and more.
In September 2014, the Angolan Institute for Cancer Control (IACC) was created by presidential decree, and it will integrate the National Health Service in Angola. The purpose of this new centre is to ensure health and medical care in oncology, policy implementation, programmes and plans for prevention and specialised treatment. This cancer institute will be assumed as a reference institution in the central and southern regions of Africa.
In 2014, Angola launched a national campaign of vaccination against measles, extended to every child under ten years old and aiming to go to all 18 provinces in the country. The measure is part of the Strategic Plan for the Elimination of Measles 2014–2020 created by the Angolan Ministry of Health which includes strengthening routine immunisation, a proper dealing with measles cases, national campaigns, introducing a second dose of vaccination in the national routine vaccination calendar and active epidemiological surveillance for measles. This campaign took place together with the vaccination against polio and vitamin A supplementation.
A yellow fever outbreak, the worst in the country in three decades began in December 2015. By August 2016, when the outbreak began to subside, nearly 4,000 people were suspected of being infected. As many as 369 may have died. The outbreak began in the capital, Luanda, and spread to at least 16 of the 18 provinces. In the 2024 Global Hunger Index (GHI), Angola has a serious level of hunger and ranks 103rd out of 127 countries. Angola's GHI score is 26.6


=== Education ===

Although by law education in Angola is compulsory and free for eight years, the government reports that a percentage of pupils are not attending due to a lack of school buildings and teachers. Pupils are often responsible for paying additional school-related expenses, including fees for books and supplies.
In 1999, the gross primary enrollment rate was 74 per cent and in 1998, the most recent year for which data are available, the net primary enrollment rate was 61 per cent. Gross and net enrollment ratios are based on the number of pupils formally registered in primary school and therefore do not necessarily reflect actual school attendance. There continue to be significant disparities in enrollment between rural and urban areas. In 1995, 71.2 per cent of children ages 7 to 14 years were attending school. It is reported that higher percentages of boys attend school than girls. During the Angolan Civil War (1975–2002), nearly half of all schools were reportedly looted and destroyed, leading to current problems with overcrowding.

The Ministry of Education recruited 20,000 new teachers in 2005 and continued to implement teacher training. Teachers tend to be underpaid, inadequately trained and overworked (sometimes teaching two or three shifts a day). Some teachers may reportedly demand payment or bribes directly from their pupils. Other factors, such as the presence of landmines, lack of resources and identity papers, and poor health prevent children from regularly attending school. Although budgetary allocations for education were increased in 2004, the education system in Angola continues to be extremely under-funded.
According to estimates by the UNESCO Institute for Statistics, the adult literacy rate in 2011 was 70.4%. By 2015, this had increased to 71.1%. 82.9% of men and 54.2% of women are literate as of 2001. Since independence from Portugal in 1975, a number of Angolan students continued to be admitted every year at high schools, polytechnical institutes and universities in Portugal and Brazil through bilateral agreements; in general, these students belong to the elites.

In September 2014, the Angolan Ministry of Education announced an investment of 16 million Euros in the computerisation of over 300 classrooms across the country. The project also includes training teachers at a national level, ""as a way to introduce and use new information technologies in primary schools, thus reflecting an improvement in the quality of teaching"".
In 2010, the Angolan government started building the Angolan Media Libraries Network, distributed throughout several provinces in the country to facilitate the people's access to information and knowledge. Each site has a bibliographic archive, multimedia resources and computers with Internet access, as well as areas for reading, researching and socialising. The plan envisages the establishment of one media library in each Angolan province by 2017. The project also includes the implementation of several media libraries, in order to provide the several contents available in the fixed media libraries to the most isolated populations in the country. At this time, the mobile media libraries are already operating in the provinces of Luanda, Malanje, Uíge, Cabinda and Lunda South. As for REMA, the provinces of Luanda, Benguela, Lubango and Soyo have currently working media libraries.


== Culture ==

Angolan culture has been heavily influenced by Portuguese culture, especially in language and religion, and the culture of the indigenous ethnic groups of Angola, predominantly Bantu culture.
The diverse ethnic communities—the Ovimbundu, Ambundu, Bakongo, Chokwe, Mbunda and other peoples—to varying degrees maintain their own cultural traits, traditions and languages, but in the cities, where slightly more than half of the population now lives, a mixed culture has been emerging since colonial times; in Luanda, since its foundation in the 16th century.
In this urban culture, Portuguese heritage has become more and more dominant. African roots are evident in music and dance and is moulding the way in which Portuguese is spoken. This process is well reflected in contemporary Angolan literature, especially in the works of Angolan authors.
In 2014, Angola resumed the National Festival of Angolan Culture after a 25-year break. The festival took place in all the provincial capitals and lasted for 20 days, with the theme ""Culture as a Factor of Peace and Development.


=== Media ===


=== Cinema ===

In 1972, one of Angola's first feature films, Sarah Maldoror's internationally co-produced Sambizanga, was released at the Carthage Film Festival to critical acclaim, winning the Tanit d'Or, the festival's highest prize.
In 2025, Angola premiered its first Musical film, ""The Adventures of Angosat"" composed by local rapper Isis Hembe.


=== Sports ===

Basketball is the second most popular sport in Angola. Its national team has won the AfroBasket 11 times and holds the record of most titles. As a top team in Africa, it is a regular competitor at the Summer Olympic Games and the FIBA World Cup. Angola is home to one of Africa's first competitive leagues. Bruno Fernando, a player for the Atlanta Hawks, is the only current NBA player from Angola.
In football, Angola hosted the 2010 Africa Cup of Nations. The Angola national football team qualified for the 2006 FIFA World Cup, their first appearance in the World Cup finals. They were eliminated after one defeat and two draws in the group stage. They won three COSAFA Cups and finished runner-up in the 2011 African Nations Championship.
Angola has participated in the World Women's Handball Championship for several years. The country has also appeared in the Summer Olympics for seven years and both regularly competes in and once has hosted the FIRS Roller Hockey World Cup, where the best finish is sixth. Angola is also often believed to have historic roots in the martial art Capoeira Angola and Batuque which were practised by enslaved African Angolans transported as part of the Atlantic slave trade.


== See also ==

Outline of Angola
Index of Angola-related articles


== Notes ==


== References ==


== Further reading ==
Chisholm, Hugh, ed. (1911), ""Angola"" , Encyclopædia Britannica, vol. 2 (11th ed.), Cambridge University Press, pp. 38–40
Birmingham, David (2006) Empire in Africa: Angola and its Neighbors, Ohio University Press: Athens, Ohio.
Bösl, Anton (2008) Angola's Parliamentary Elections in 2008. A Country on its Way to One-Party-Democracy, KAS Auslandsinformationen 10/2008. Die Parlamentswahlen in Angola 2008
Cilliers, Jackie and Christian Dietrich, Eds. (2000). Angola's War Economy: The Role of Oil and Diamonds. Pretoria, South Africa, Institute for Security Studies.
Global Witness (1999). A Crude Awakening, The Role of Oil and Banking Industries in Angola's Civil War and the Plundering of State Assets. London, UK, Global Witness. A Crude Awakening Archived 28 September 2007 at the Wayback Machine
Hodges, Tony (2001). Angola from Afro-Stalinism to Petro-Diamond Capitalism. Oxford: James Currey.
Hodges, Tony (2004). Angola: The Anatomy of an Oil State. Oxford, UK and Indianapolis, US, The Fridtjol Nansen Institute & The International African Institute in association with James Currey and Indiana University Press.
Human Rights Watch (2004). Some Transparency, No Accountability: The Use of Oil Revenues in Angola and Its Impact on Human Rights. New York, Human Rights Watch. Some Transparency, No Accountability: The Use of Oil Revenue in Angola and Its Impact on Human Rights (Human Rights Watch Report, January 2004)
Human Rights Watch (2005). Coming Home, Return and Reintegration in Angola. New York, Human Rights Watch. Coming Home: Return and Reintegration in Angola
James, Walter (1992). A political history of the civil war in Angola, 1964–1990. New Brunswick, Transaction Publishers.
Kapuściński, Ryszard. Another Day of Life, Penguin, 1975. ISBN 978-0-14-118678-8. A Polish journalist's account of Portuguese withdrawal from Angola and the beginning of the civil war.
Kevlihan, R. (2003). ""Sanctions and humanitarian concerns: Ireland and Angola, 2001-2"". Irish Studies in International Affairs 14: 95–106.
Lari, A. (2004). Returning home to a normal life? The plight of displaced Angolans. Pretoria, South Africa, Institute for Security Studies.
Lari, A. and R. Kevlihan (2004). ""International Human Rights Protection in Situations of Conflict and Post-Conflict, A Case Study of Angola"". African Security Review 13(4): 29–41.
Le Billon, Philippe (2005) Aid in the Midst of Plenty: Oil Wealth, Misery and Advocacy in Angola, Disasters 29(1): 1–25.
Le Billon, Philippe (2001). ""Angola's Political Economy of War: The Role of Oil and Diamonds"". African Affairs (100): 55–80.
Le Billon, P. (March 2006). Fuelling War: Natural Resources and Armed Conflicts. Routledge. ISBN 978-0-415-37970-0.
MacQueen, Norrie An Ill Wind? Rethinking the Angolan Crisis and the Portuguese Revolution, 1974–1976, Itinerario: European Journal of Overseas History, 26/2, 2000, pp. 22–44
Médecins Sans Frontières (2002). Angola: Sacrifice of a People. Luanda, Angola, MSF.
Mwakikagile, Godfrey Nyerere and Africa: End of an Era, Third Edition, Pretoria, South Africa, 2006, on Angola in Chapter 11, ""American Involvement in Angola and Southern Africa: Nyerere's Response"", pp. 324–346, ISBN 978-0-9802534-1-2.
Pearce, Justin (2004). ""War, Peace and Diamonds in Angola: Popular perceptions of the diamond industry in the Lundas"". African Security Review 13 (2), pp 51–64. Wayback Machine
Porto, João Gomes (2003). Cabinda: Notes on a soon to be forgotten war. Pretoria, South Africa, Institute for Security Studies.
Tvedten, Inge (1997). Angola, Struggle for Peace and Reconstruction. Boulder, Colorado, Westview Press.
Vines, Alex (1999). Angola Unravels: The Rise and Fall of the Lusaka Peace Process. New York and London, UK, Human Rights Watch.


== External links ==

Official website (in Portuguese)
Angola. The World Factbook. Central Intelligence Agency.
Angola from UCB Libraries GovPubs.
Angola profile from the BBC News.
 Wikimedia Atlas of Angola
 Geographic data related to Angola at OpenStreetMap  
Key Development Forecasts for Angola from International Futures.
Bertelsmann Transformation Index 2012 – Angola Country Report
Markus Weimer, ""The Peace Dividend: Analysis of a Decade of Angolan Indicators, 2002–2012"".
The participation of Hungarian soldiers in UN peacekeeping operations in Angola"
Anguilla,"Anguilla is a British Overseas Territory in the Caribbean. It is one of the most northerly of the Leeward Islands in the Lesser Antilles, lying east of Puerto Rico and the Virgin Islands and directly north of Saint Martin. The territory consists of the main island of Anguilla, approximately 16 miles (26 kilometres) long by 3 miles (5 km) wide at its widest point, together with a number of much smaller islands and cays with no permanent population. The territory's capital is The Valley. The total land area of the territory is 35 square miles (91 km2), with a population of approximately 15,753 (2021).


== Etymology ==
The native Arawak name for the island was Malliouhana.
In reference to the island's shape, the Italian anguilla, meaning ""eel""  (in turn, from the Latin diminutive of anguis, ""snake"") was used as its name. Anguillan tradition holds that Christopher Columbus named the island.


== History ==

Anguilla was first settled by Indigenous Amerindian peoples who migrated from South America. The earliest Native American artefacts found on Anguilla have been dated to around 1300 BC; remains of settlements date from AD 600.
There are two known petroglyph sites in Anguilla: Big Spring and Fountain Cavern. The rock ledges of Big Spring contain more than 100 petroglyphs (dating back to AD 600–1200), the majority consisting of three indentations that form faces.
Precisely when Anguilla was first seen by Europeans is uncertain: some sources claim that Columbus sighted the island during his second voyage in 1493, while others state that the first European explorer was the French Huguenot nobleman and merchant René Goulaine de Laudonnière in 1564. The Dutch West India Company established a fort on the island in 1631.  However, the Company later withdrew after its fort was destroyed by the Spanish in 1633.
Traditional accounts state that Anguilla was first colonised by English settlers from Saint Kitts beginning in 1650. The settlers focused on planting tobacco, and to a lesser extent cotton. The French temporarily took over the island in 1666 but returned it to English control under the terms of the Treaty of Breda the next year. Major John Scott, who visited in September 1667, wrote of leaving the island ""in good condition"" and noted that in July 1668, ""200 or 300 people fled thither in time of war"". The French attacked again in 1688, 1745 and 1798, causing much destruction but failing to capture the island.
It is likely that the early European settlers brought enslaved Africans with them. Historians confirm that African slaves lived in the region in the early 17th century, such as slaves from Senegal living on St Kitts in the mid-1600s. By 1672 a slave depot existed on the island of Nevis, serving the Leeward Islands. While the time of African arrival in Anguilla is difficult to place precisely, archival evidence indicates a substantial African presence of at least 100 enslaved people by 1683; these seem to have come from Central Africa as well as West Africa. The slaves were forced to work on the sugar plantations which had begun to replace tobacco as Anguilla's main crop. Over time, the African slaves and their descendants came to vastly outnumber the white settlers. The African slave trade was eventually terminated within the British Empire in 1807, and slavery outlawed completely in 1834. Many planters subsequently sold up or left the island.
During the early colonial period, Anguilla was administered by the British through Antigua; in 1825, it was placed under the administrative control of nearby Saint Kitts. Anguilla was federated with St Kitts and Nevis in 1882, against the wishes of many Anguillans. Economic stagnation, and the severe effects of several droughts in the 1890s and later the Great Depression of the 1930s led many Anguillans to emigrate for better prospects elsewhere.

Full adult suffrage was introduced to Anguilla in 1952. After a brief period as part of the West Indies Federation (1958–1962), the island of Anguilla became part of the associated state of Saint Kitts-Nevis-Anguilla with full internal autonomy in 1967. However many Anguillans had no wish to be a part of this union, and resented the dominance of St Kitts within it. On 30 May, 1967, Anguillans forcibly ejected the St Kitts police force from the island and declared their separation from St Kitts following a referendum. The events, led by Atlin Harrigan and Ronald Webster among others, became known as the Anguillan Revolution; its goal was not independence per se, but rather independence from Saint Kitts and Nevis and a return to being a British colony.
With negotiations failing to break the deadlock, a second referendum confirming Anguillans' desire for separation from St Kitts was held and the Republic of Anguilla was declared unilaterally, with Ronald Webster as president. Efforts by British envoy William Whitlock failed to break the impasse and 300 British troops were subsequently sent in March 1969. British authority was restored, and confirmed by the Anguilla Act 1971 (c. 63) of July 1971. In 1980, Anguilla was finally allowed to formally secede from Saint Kitts and Nevis and become a separate British Crown colony (now a British overseas territory). Since then, Anguilla has been politically stable, and has seen a large growth in its tourism and offshore financing sectors.


== Geography and geology ==

Anguilla is a flat, low-lying island of coral and limestone in the Caribbean Sea, measuring some 16 miles (26 km) long and 3.5 miles (6 km) in width. It lies to the east of Puerto Rico and the Virgin Islands and directly north of Saint Martin, separated from that island by the Anguilla Channel. The soil is generally thin and poor, supporting scrub, tropical and forest vegetation. The terrain is generally low-lying, with the highest terrain located in the vicinity of The Valley; Crocus Hill, Anguilla's highest peak at 240 feet (73 m), lies in the western regions of the town.
Anguilla is noted for its ecologically important coral reefs and beaches. Apart from the main island of Anguilla itself, the territory includes a number of other smaller islands and cays, mostly tiny and uninhabited:

Anguillita
Blowing Rock
Dog Island
Little Scrub Island
Prickly Pear Cays
Scrub Island
Seal Island
Sombrero, also known as Hat Island
Sandy Island
Scilly Cay
In Anguilla, forest cover is around 61% of the total land area, equivalent to 5,500 hectares (ha) of forest in 2020, which was unchanged from 1990.


=== Geology ===

Anguilla (and the wider Anguilla Bank) is of volcanic origin, lying on the Lesser Antilles volcanic island arc, and tuffs and volcaniclastic breccias of Eocene age are exposed locally on the island. The island was largely submerged during the Miocene, leading to the formation of the reefal limestone Anguilla Formation, which was subsequently tectonically uplifted and covers most of the island today. Since the late Pleistocene, however, Anguilla has undergone tectonic subsidence at a rate of around 1–2 mm/yr.


=== Climate ===


==== Temperature ====
Northeastern trade winds keep this tropical island relatively cool and dry. Average annual temperature is 80 °F (27 °C). July–October is its hottest period, December–February, its coolest.


==== Rainfall ====
Rainfall averages 35 inches (890 mm) annually, although the figures vary from season to season and year to year. The island is subject to both sudden tropical storms and hurricanes, which occur in the period from July to November. The island suffered damage from Hurricane Luis in 1995, severe flooding 5 to 20 feet (1.5 to 6 metres) from Hurricane Lenny in 1999 and severe damage from Hurricane Irma in 2017, which remains the most powerful hurricane to hit the island.


== Governance ==


=== Political system ===

Anguilla is an internally self-governing overseas territory of the United Kingdom. Its politics take place in a framework of a parliamentary representative democratic dependency, whereby the Premier is the head of government, and of a pluriform multi-party system. A governor is appointed by the British government to represent the king.
The United Nations Committee on Decolonization includes Anguilla on the United Nations list of non-self-governing territories. The territory's constitution is the Anguilla Constitutional Order 1 April 1982 (amended 1990). Executive power is exercised by the government, with legislative power being vested in both the government and the House of Assembly. The judiciary is independent of the executive and the legislature.


=== Defence ===
As a British overseas territory, the UK is responsible for Anguilla's military defence, although there are no active garrisons or armed forces present in the territory. Since 2020, the Royal Navy has forward-deployed the offshore patrol vessel HMS Medway long-term to the Caribbean for patrol and sovereignty protection duties. In October 2023, the destroyer HMS Dauntless (which had temporarily replaced Medway on her normal Caribbean tasking), visited the territory in order to assist local authorities in preparing for the climax of the hurricane season.
Anguilla had a small marine police force, comprising around 32 personnel, which operated one VT Halmatic M160-class 52-foot (16 m) fast patrol boat. Policing on the island is the responsibility of the Royal Anguilla Police Force.


== Population ==


=== Demographics ===

The majority of residents (90.08%) are of West African ancestry, most of whom are the descendants of enslaved people transported from Africa. Minorities include whites at 3.74% and people of mixed race at 4.65% (figures from 2001 census). Of the population, 72% is Anguillan while 28% is non-Anguillan (2001 census). Of the non-Anguillan population, many are citizens of the United States, United Kingdom, St Kitts & Nevis, the Dominican Republic, and Jamaica.
The years 2006 and 2007 saw an influx of large numbers of Chinese, Indian and Mexican workers, brought in as labour for major tourist developments due to the local population not being large enough to support the labour requirements.


=== Religion ===
Christian churches did not have a consistent or strong presence during the initial period of English colonisation; spiritual and religious practices of Europeans and Africans tended to reflect their regional origins. As early as 1813, Christian ministers formally ministered to enslaved Africans and promoted literacy among converts. The Wesleyan (Methodist) Missionary Society of England built churches and schools from 1817.
According to the 2001 census, Christianity is Anguilla's predominant religion, with 29% of the population practising Anglicanism; another 23.9% are Methodist. Other churches on the island include Seventh-day Adventist, Baptist, Roman Catholic (served by the Diocese of Saint John's–Basseterre, with the See at Saint John on Antigua and Barbuda) and a small community of Jehovah's Witnesses (0.7%). Between 1992 and 2001, the number of followers of the Church of God and Pentecostals increased considerably. There are at least 15 churches on the island. Although a minority on the island, Anguilla is an important location to followers of Rastafarian religion as the birthplace of Robert Athlyi Rogers, author of the Holy Piby which had a strong influence on Rastafarian and other Africa-centre belief systems. More recently, a Muslim cultural centre has opened on the island.


=== Languages ===

Today most people in Anguilla speak a British-influenced variety of standard English. Other languages are also spoken on the island, including varieties of Spanish, Chinese and the languages of other immigrant communities. However, the most common language other than Standard English is the island's own English-lexifier Creole language (not to be confused with Antillean Creole ('French Creole'), spoken in French islands such as Martinique and Guadeloupe). It is referred to locally by terms such as ""dialect"" (pronounced ""dialek""), Anguilla Talk or ""Anguillian"". It has its main roots in early varieties of English and West African languages, and is similar to the dialects spoken in English-speaking islands throughout the Eastern Caribbean in terms of its structural features.
Linguists who are interested in the origins of Anguillan and other Caribbean Creoles point out that some of its grammatical features can be traced to African languages while others can be traced to European languages. Three areas have been identified as significant for the identification of the linguistic origins of those forced migrants who arrived before 1710: the Gold Coast, the Slave Coast and the Windward Coast.
Sociohistorical information from Anguilla's archives suggest that Africans and Europeans formed two distinct, but perhaps overlapping speech communities in the early phases of the island's colonisation. ""Anguillian"" is believed to have emerged as the language of the masses as time passed, slavery was abolished and locals began to see themselves as ""belonging"" to Anguillan society.


== Education ==

There are six government primary schools, one government secondary school (Albena Lake Hodge Comprehensive School), and two private schools. There is a single library, the Edison L. Hughes Education & Library Complex of the Anguilla Public Library. A branch of the Saint James School of Medicine was established in 2011 in Anguilla. It is a private, for-profit medical school headquartered in Park Ridge, Illinois.
There is a University of the West Indies Open campus site in the island.


== Culture ==

The island's cultural history begins with the native Taino, Arawak and Carib. Their artefacts have been found around the island, telling of life before European settlers arrived.
Anguillan culture has also been built through immigration. Many European families have moved to the island and have affected the formalities of the Anguillan people.
Similar to nearby islands, Anguillans geography and location require a cultural reliance on the ocean. The island's abundance of sea life has led to the incorporation of many fish and crustacean into daily life. They have become a part of the local cuisine, opened up opportunities for ecotourism, and introduced celebrations such as Lobster Fest and boat races.
As throughout the Caribbean, holidays are a cultural fixture. Anguilla's most important holidays are of historic as much as cultural importance – particularly the anniversary of the emancipation (previously August Monday in the Park), celebrated as the Summer Festival, or Carnival, the sailboat races, and Lobster Fest. British festivities, such as the King's Birthday, are also celebrated.
Music in Anguilla presents itself as an important part of its culture as well. All different genres of music are played at the celebrations mentioned above. This music represents the deep history of talent that Anguillans have displayed for decades.
The Anguilla National Trust (ANT) was established in 1989 and opened its current office in 1991 charged with the responsibility of preserving the heritage of the island, including its cultural heritage.
The Heritage Collection Museum used to showcase the history and artefacts of Anguilla, but in 2024 the collection was handed over to the Anguilla National Museum.


=== Cuisine ===

Anguillan cuisine is influenced by native Caribbean, West African, Spanish, French, and English cuisines. Seafood is abundant, including prawns, shrimp, crab, spiny lobster, conch, mahi-mahi, red snapper, marlin, and grouper. Salt cod is a staple food eaten on its own and used in stews, casseroles and soups. Livestock is limited due to the small size of the island and people there use poultry, pork, goat, and mutton, along with imported beef. Goat is the most commonly eaten meat, used in a variety of dishes. The official national food of Anguilla is pigeon peas and rice.
A significant amount of the island's produce is imported due to limited land suitable for agriculture production; much of the soil is sandy and infertile. The agriculture produce of Anguilla includes tomatoes, peppers, limes and other citrus fruits, onion, garlic, squash, pigeon peas, and callaloo. Starch staple foods include imported rice and other foods that are imported or locally grown, including yams, sweet potatoes and breadfruit.


=== Literature ===
The Anguilla National Trust has programmes encouraging Anguillan writers and the preservation of the island's history. In 2015, Where I See The Sun – Contemporary Poetry in Anguilla A New Anthology by Lasana M. Sekou was published by House of Nehesi Publishers. Among the forty three poets in the collection are Rita Celestine-Carty, Bankie Banx, John T. Harrigan, Patricia J. Adams, Fabian Fahie, Dr. Oluwakemi Linda Banks, and Reuel Ben Lewi.


=== Music ===

Various Caribbean musical genres are popular on the island, such as soca and calypso, but reggae most deeply roots itself in Anguillan society. Anguilla has produced many artists and groups in this genre.
Reggae has shown itself to be the most popular genre in Anguilla. The most successful of reggae artists originating in Anguilla come from the Banks family. Bankie ""Banx"" and his son Omari Banks have had many chart-topping songs listened to around the world. The two musicians continue to provide live performances across the island quite often.
British Dependency has also gained popularity throughout the 21st century. The band, who began in Anguilla, boasts the island's first female bass player. Performing alongside The Wailers on tour, British Dependency have earned attention from an American audience.
One of many musical events that take place in Anguilla is Moonsplash. Moonsplash is an annual reggae music festival that has occurred in Anguilla for 33 consecutive years and proves to be the oldest independent musical event in the Caribbean. Along with its longstanding history, it is the largest festival annually alongside carnival.
While not many soca and calypso artists have gained extreme popularity, the genres are still widely listened to across the island.


=== Sports ===

Boat racing has deep roots in Anguillan culture and is the national sport. There are regular sailing regattas on national holidays, such as Carnival, which are contested by locally built and designed boats. These boats have names and have sponsors that print their logo on their sails.
As in many other former British colonies, cricket is also a popular sport. Anguilla is the home of Omari Banks, who played for the West Indies Cricket Team, while Cardigan Connor played first-class cricket for English county side Hampshire and was 'chef de mission' (team manager) for Anguilla's Commonwealth Games team in 2002. Other noted players include Chesney Hughes, who played for Derbyshire County Cricket Club in England.
Rugby union is represented in Anguilla by the Anguilla Eels RFC, who were formed in April 2006. The Eels have been finalists in the St. Martin tournament in November 2006 and semi-finalists in 2007, 2008, 2009 and Champions in 2010. The Eels were formed in 2006 by Scottish club national second row Martin Welsh, Club Sponsor and President of the AERFC Ms. Jacquie Ruan, and Canadian standout Scrumhalf Mark Harris (Toronto Scottish RFC).
Anguilla is the birthplace of sprinter Zharnel Hughes who has represented Great Britain since 2015, and England at the 2018 Commonwealth Games. He won the 100 metres at the 2018 European Athletics Championships, the 4 x 100 metres at the same championships, and the 4 x 100 metres for England at the 2018 Commonwealth Games. He also won a 4 × 100 m relay team gold at the 2022 Birmingham Commonwealth Games and a silver on the 4 × 100 m relay for Great Britain at the 2020 Olympic Games. In 2023 he broke the British record for the 100m sprint, with a time of 9.83 seconds.
Shara Proctor, British Long Jump Silver Medalist at the World Championships in Beijing, first represented Anguilla in the event until 2010 when she began to represent Great Britain and England. Under the Anguillan Flag she achieved several medals in the NACAC games.
Keith Connor, triple jumper, is also an Anguillan. He represented Great Britain and England and achieved several international titles including Commonwealth and European Games gold medals and an Olympic bronze medal. Connor later became Head Coach of Australia Athletics.


== Natural history ==


=== Wildlife ===

Anguilla has habitat for the Cuban tree frogs (Osteopilus septentrionalis). The red-footed tortoise (Chelonoidis carbonaria) is a species of tortoise found here, which originally came from South America. Hurricanes in the mid-90s led to over-water dispersal of the green iguanas (Iguana iguana) to Anguilla. All three animals are introductions.
Five species of bats are known in the literature from Anguilla – the threatened insular single leaf bat (Monophyllus plethodon), the Antillean fruit-eating bat (Brachyphylla cavernarum), the Jamaican fruit bat (Artibeus jamaicensis), the Mexican funnel-eared bat (Natalus stramineus), and the velvety free-tailed bat (Molossus molossus).


== Notable people ==
Zharnel Hughes (born 1995), sprinter
Dee-Ann Kentish-Rogers (born 1993), politician, model and Miss Universe Great Britain 2018
Carlos Newton (born 1976), former UFC Welterweight Champion
Shara Proctor (born 1988), long jump athlete


== Economy ==

Anguilla's thin arid soil being largely unsuitable for agriculture, the island has few land-based natural resources. Its main industries are tourism, offshore incorporation and management, offshore banking, captive insurance and fishing.
Anguilla's currency is the East Caribbean dollar, though the US dollar is also widely accepted. The exchange rate is fixed to the US dollar at US$1 = EC$2.70.
The economy, and especially the tourism sector, suffered a setback in late 1995 due to the effects of Hurricane Luis in September. Hotels were hit particularly hard but a recovery occurred the following year. Another economic setback occurred during the aftermath of Hurricane Lenny in 2000. Before the 2008 worldwide crisis, the economy of Anguilla was growing strongly, especially the tourism sector, which was driving major new developments in partnerships with multi-national companies. Anguilla's tourism industry received a major boost when it was selected to host the World Travel Awards in December 2014. Known as ""the Oscars of the travel industry"", the awards ceremony was held at the CuisinArt Resort and Spa and was hosted by Vivica A. Fox. Anguilla was voted the World's Leading Luxury Island Destination from a short list of top-tier candidates such as St. Barts, the Maldives, and Mauritius. The economy, including the tourism sector, suffered its biggest setback in late 2017 due to the effects of Hurricane Irma in September, which was the most powerful hurricane to hit the island and which caused major material damage of $320 million. A lot of infrastructure was damaged, which was repaired in 2018/19 and the economy began to recover in 2019. However, the onset of the COVID-19 pandemic in 2020/21, caused a setback in the economy.
Anguilla's financial system comprises seven banks, two money services businesses, more than 40 company managers, more than 50 insurers, 12 brokers, more than 250 captive intermediaries, more than 50 mutual funds, and eight trust companies.
Anguilla has become a popular tax haven, having no capital gains, estate, profit, sales, or corporate taxes. In April 2011, faced with a mounting deficit, it introduced a 3% ""Interim Stabilisation Levy"", Anguilla's first form of income tax. Anguilla also has a 0.75% property tax.
Anguilla aims to obtain 15% of its energy from solar power to become less reliant on expensive imported diesel. The Climate & Development Knowledge Network is helping the government gather the information it needs to change the territory's legislation, so that it can integrate renewables into its grid. Barbados has also made good progress in switching to renewables, but many other Small Island Developing States are still at the early stages of planning how to integrate renewable energy into their grids. ""For a small island we're very far ahead,"" said Beth Barry, Coordinator of the Anguilla Renewable Energy Office. ""We've got an Energy Policy and a draft Climate Change policy and have been focusing efforts on the question of sustainable energy supply for several years now. As a result, we have a lot of information we can share with other islands.""
According to a Bloomberg report, due to a skyrocketing interest in artificial intelligence, Anguilla was expected to profit in 2023 from a surge in demand for web addresses ending with the country's top-level domain .ai. The total number of registrations of .ai domain names had already doubled in 2022, and according to Vince Cate, who has managed the top-level domain, Anguilla will bring in as much as $30 million in domain-registration fees for 2023.


== Transportation ==


=== Air ===
Anguilla is served by Clayton J. Lloyd International Airport (prior to 4 July 2010 known as Wallblake Airport). The primary runway at the airport is 5,462 feet (1,665 m) in length and can accommodate moderate-sized aircraft. Regional scheduled passenger services connect to various other Caribbean islands via local airlines.
In December 2021 Anguilla inaugurated its first ever international regular commercial jet service flight to and from the mainland U.S. American Eagle operating on behalf of American Airlines began nonstop Embraer 175 regional jet service to Anguilla from Miami in an aviation watershed moment for Anguilla with the airport also currently attempting to attract other international air carriers.
Other airlines currently serving the airport include Tradewind Aviation and Cape Air which provide scheduled air service to San Juan, Puerto Rico.  Several other small airlines serve the airport as well.
The airport can handle large narrow-body jets such as the Boeing 737 and Airbus A320 and has growing private jet service flights with a new private jet terminal being built.


=== Road ===
Aside from taxis, there is no public transport on the island. Cars drive on the left and most roads are unsealed. There is no rail network.


=== Boat ===
There are regular ferries from Saint Martin to Anguilla. It is a 20-minute crossing from Marigot, St. Martin, to Blowing Point, Anguilla.
There is also a charter service which offers boat trips from Blowing Point, Anguilla, to Princess Juliana Airport.


== See also ==

Bibliography of Anguilla
Outline of Anguilla
Index of Anguilla-related articles


== Notes ==


== References ==


== Further reading ==
Baynes, T. S., ed. (1878), ""Anguilla"" , Encyclopædia Britannica, vol. 2 (9th ed.), New York: Charles Scribner's Sons, p. 46–47
Brisk, William J. (1969). The dilemma of a ministate: Anguilla. University of South Carolina Press. ISBN 0-87249-179-X.
Chisholm, Hugh, ed. (1911), ""Anguilla"" , Encyclopædia Britannica, vol. 2 (11th ed.), Cambridge University Press, p. 42–43
Hakluyt, Richard (1904). ""The second voyage unto Florida, made and written by Captaine Laudonniere, which fortified and inhabited there two Summers and one whole Winter"". The Principal Navigations, Voyages, Traffiques, & Discoveries of the English Nation Made by Sea or Over-land to the Remote and Farthest Distant Quarters of the Earth at any time within the compasse of these 1600 Yeeres. Vol. IX Made to Florida and New Mexico, certeine Voyages made for the discovery of the Gulfe of California, and to the famous city of Mexico, with the Discourses and Letters depending upon the Voyages of this ninth Volume. Glasgow: James MacLehose & Sons..
Harris, David R. (1965). Plants, Animals and Man in the Outer Leeward Islands, West Indies: An Ecological Study of Antigua, Barbuda, and Anguilla. Berkeley, Calif.: University of California Press. OCLC 493942.
Law, Gwillim (1999). ""Chapter XIV. Anguilla"". Administrative Subdivisions of Countries: A Comprehensive World Reference. McFarland. p. 29. ISBN 978-0-7864-6097-7.
Kobbé, Montague (2013). The Night of the Rambler. New York: Akashic Books. ISBN 9781617751813.
Kobbé, Montague (2016). On the Way Back. New York: Akashic Books. ISBN 9781617754418.
Marten, Neil (1969). Their's Not to Reason Why: Study of the Anguillan Operations as Presented to Parliament. London: Conservative Political Centre. ISBN 0-85070-437-5.
Martin, Robert Montgomery (1839). Statistics of the Colonies of the British Empire in the West Indies, South America, North America, Asia, Austral-Asia, Africa and Europe; comprising the Area, Agriculture, Commerce, Manufactures, Shipping, Custom Duties, Population, Education, Religion, Crime, Government, Finances, Laws, Military Defence, Cultivated and Waste Lands, Emigration, Rates of Wages, Prices of Provisions, Banks, Coins, Staple Products, Stock, Moveable and Immoveable Property, Public Companies, &c. of Each Colony; with the Charters and the Engraved Seals. From the Official Records of the Colonial Office. London: William H. Allen & Co. p. 102..
Westlake, Donald (1972). Under an English Heaven. New York: Simon & Schuster. ISBN 0-671-21311-3.


== External links ==


=== Government ===
Government of Anguilla—Official government website


=== General information ===
Anguilla. The World Factbook. Central Intelligence Agency.
Anguilla from UCB Libraries GovPubs
Anguilla Focus
 Wikimedia Atlas of Anguilla
battle for freedom -- youtube video compilation archived at Ghostarchive.org on 18 May 2022"
Antarctica,"Antarctica ( ) is Earth's southernmost and least-populated continent. Situated almost entirely south of the Antarctic Circle and surrounded by the Southern Ocean (also known as the Antarctic Ocean), it contains the geographic South Pole. Antarctica is the fifth-largest continent, being about 40% larger than Europe, and has an area of 14,200,000 km2 (5,500,000 sq mi). Most of Antarctica is covered by the Antarctic ice sheet, with an average thickness of 1.9 km (1.2 mi).
Antarctica is, on average, the coldest, driest, and windiest of the continents, and it has the highest average elevation. It is mainly a polar desert, with annual precipitation of over 200 mm (8 in) along the coast and far less inland. About 70% of the world's freshwater reserves are frozen in Antarctica, which, if melted, would raise global sea levels by almost 60 metres (200 ft). Antarctica holds the record for the lowest measured temperature on Earth, −89.2 °C (−128.6 °F). The coastal regions can reach temperatures over 10 °C (50 °F) in the summer. Native species of animals include mites, nematodes, penguins, seals and tardigrades. Where vegetation occurs, it is mostly in the form of lichen or moss.
The ice shelves of Antarctica were probably first seen in 1820, during a Russian expedition led by Fabian Gottlieb von Bellingshausen and Mikhail Lazarev. The decades that followed saw further exploration by French, American, and British expeditions. The first confirmed landing was by a Norwegian team in 1895. In the early 20th century, there were a few expeditions into the interior of the continent. British explorers Douglas Mawson, Edgeworth David, and Alistair Mackaywere were the first to reach the magnetic South Pole in 1909, and the geographic South Pole was first reached in 1911 by Norwegian explorer Roald Amundsen.
Antarctica is governed by about 30 countries, all of which are parties of the 1959 Antarctic Treaty System. According to the terms of the treaty, military activity, mining, nuclear explosions, and nuclear waste disposal are all prohibited in Antarctica. Tourism, fishing and research are the main human activities in and around Antarctica. During the summer months, about 5,000 people reside at research stations, a figure that drops to around 1,000 in the winter. Despite the continent's remoteness, human activity has a significant effect on it via pollution, ozone depletion, and climate change. The melting of the potentially unstable West Antarctic ice sheet causes the most uncertainty in century-scale projections of sea level rise, and the same melting also affects the Southern Ocean overturning circulation, which can eventually lead to significant impacts on the Southern Hemisphere climate and Southern Ocean productivity.


== Etymology ==

The name given to the continent originates from the word antarctic, which comes from Middle French antartique or antarctique ('opposite to the Arctic') and, in turn, the Latin antarcticus ('opposite to the north'). Antarcticus is derived from the Greek ἀντι- ('anti-') and ἀρκτικός (arktikos, 'of the Bear [Ursa Major], northern'). The Greek philosopher Aristotle wrote in Meteorology about an ""Antarctic region"" in c. 350 BCE. The Greek geographer Marinus of Tyre reportedly used the name in his world map from the second century CE, now lost. The Roman authors Gaius Julius Hyginus and Apuleius used for the South Pole the romanised Greek name polus antarcticus, from which derived the Old French pole antartike (modern pôle antarctique) attested in 1270, and from there the Middle English pol antartik, found first in a treatise written by the English author Geoffrey Chaucer.
Belief by Europeans in the existence of a Terra Australis—a vast continent in the far south of the globe to balance the northern lands of Europe, Asia, and North Africa—had existed as an intellectual concept since classical antiquity. The belief in such a land lasted until the European discovery of Australia.
During the early 19th century, explorer Matthew Flinders doubted the existence of a detached continent south of Australia (then called New Holland) and thus advocated for the ""Terra Australis"" name to be used for Australia instead. In 1824, the colonial authorities in Sydney officially renamed the continent of New Holland to Australia, leaving the term ""Terra Australis"" unavailable as a reference to Antarctica. Over the following decades, geographers used phrases such as ""the Antarctic Continent"". They searched for a more poetic replacement, suggesting names such as Ultima and Antipodea. Antarctica was adopted in the 1890s, with the first use of the name being attributed to the Scottish cartographer John George Bartholomew.
Antarctica has also been known by the moniker Great White South, after which British photographer Herbert Ponting named one of his books on Antarctic photography, possibly as a counterpart to the epithet Great White North for Canada.


== Geography ==

Positioned asymmetrically around the South Pole and largely south of the Antarctic Circle (one of the five major circles of latitude that mark maps of the world), Antarctica is surrounded by the Southern Ocean. Rivers exist in Antarctica; the longest is the Onyx. Antarctica covers more than 14.2 million km2 (5,500,000 sq mi), almost double the area of Australia, making it the fifth-largest continent, and comparable to the surface area of Pluto. Its coastline is almost 18,000 km (11,200 mi) long: as of 1983, of the four coastal types, 44% of the coast is floating ice in the form of an ice shelf, 38% consists of ice walls that rest on rock, 13% is ice streams or the edge of glaciers, and the remaining 5% is exposed rock.
The lakes that lie at the base of the continental ice sheet occur mainly in the McMurdo Dry Valleys or various oases. Lake Vostok, discovered beneath Russia's Vostok Station, is the largest subglacial lake globally and one of the largest lakes in the world. It was once believed that the lake had been sealed off for millions of years, but scientists now estimate its water is replaced by the slow melting and freezing of ice caps every 13,000 years. During the summer, the ice at the edges of the lakes can melt, and liquid moats temporarily form. Antarctica has both saline and freshwater lakes.
Antarctica is divided into West Antarctica and East Antarctica by the Transantarctic Mountains, which stretch from Victoria Land to the Ross Sea. The vast majority of Antarctica is covered by the Antarctic ice sheet, which averages 1.9 km (1.2 mi) in thickness. The ice sheet extends to all but a few oases, which, with the exception of the McMurdo Dry Valleys, are located in coastal areas. Several Antarctic ice streams flow to one of the many Antarctic ice shelves, a process described by ice-sheet dynamics.

East Antarctica comprises Coats Land, Queen Maud Land, Enderby Land, Mac. Robertson Land, Wilkes Land, and Victoria Land. All but a small portion of the region lies within the Eastern Hemisphere. East Antarctica is largely covered by the East Antarctic Ice Sheet. There are numerous islands surrounding Antarctica, most of which are volcanic and very young by geological standards. The most prominent exceptions to this are the islands of the Kerguelen Plateau, the earliest of which formed around 40 Ma.
Vinson Massif, in the Ellsworth Mountains, is the highest peak in Antarctica at 4,892 m (16,050 ft). Mount Erebus on Ross Island is the world's southernmost active volcano and erupts around 10 times each day. Ash from eruptions has been found 300 kilometres (190 mi) from the volcanic crater. There is evidence of a large number of volcanoes under the ice, which could pose a risk to the ice sheet if activity levels were to rise. The ice dome known as Dome Argus in East Antarctica is the highest Antarctic ice feature, at 4,091 metres (13,422 ft). It is one of the world's coldest and driest places—temperatures there may reach as low as −90 °C (−130 °F), and the annual precipitation is 1–3 cm (0.39–1.18 in).


== Geologic history ==

From the end of the Neoproterozoic era to the Cretaceous, Antarctica was part of the supercontinent Gondwana. Modern Antarctica was formed as Gondwana gradually broke apart beginning around 183 Ma. For a large proportion of the Phanerozoic, Antarctica had a tropical or temperate climate, and it was covered in forests.


=== Paleozoic era (540–250 Ma) ===

During the Cambrian period, Gondwana had a mild climate. West Antarctica was partially in the Northern Hemisphere, and during the time, large amounts of sandstones, limestones, and shales were deposited. East Antarctica was at the equator, where seafloor invertebrates and trilobites flourished in the tropical seas. By the start of the Devonian period (416 Ma), Gondwana was in more southern latitudes, and the climate was cooler, though fossils of land plants are known from then. Sand and silts were laid down in what is now the Ellsworth, Horlick, and Pensacola Mountains.
Antarctica became glaciated during the Late Paleozoic icehouse beginning at the end of the Devonian period (360 Ma), though glaciation would substantially increase during the late Carboniferous. It drifted closer to the South Pole, and the climate cooled, though flora remained. After deglaciation during the latter half of the Early Permian, the land became dominated by glossopterids (an extinct group of seed plants with no close living relatives), most prominently Glossopteris, a tree interpreted as growing in waterlogged soils, which formed extensive coal deposits. Other plants found in Antarctica during the Permian include Cordaitales, sphenopsids, ferns, and lycophytes. At the end of the Permian, the climate became drier and hotter over much of Gondwana, and the glossopterid forest ecosystems collapsed, as part of the End-Permian mass extinction. There is no evidence of any tetrapods having lived in Antarctica during the Paleozoic.


=== Mesozoic era (250–66 Ma) ===

The continued warming dried out much of Gondwana. During the Triassic period, Antarctica was dominated by seed ferns (pteridosperms) belonging to the genus Dicroidium, which grew as trees. Other associated Triassic flora included ginkgophytes, cycadophytes, conifers, and sphenopsids. Tetrapods first appeared in Antarctica during the Early Triassic epoch, with the earliest known fossils found in the Fremouw Formation of the Transantarctic Mountains. Synapsids (also known as ""mammal-like reptiles"") included species such as Lystrosaurus, and were common during the Early Triassic.
The Antarctic Peninsula began to form during the Jurassic period (206 to 146 million years ago). Africa separated from Antarctica in the Jurassic around 160 Ma, followed by the Indian subcontinent in the early Cretaceous (about 125 Ma). Ginkgo trees, conifers, Bennettitales, horsetails, ferns and cycads were plentiful during the time. About 80 million years ago, flowering plants became the most diverse groups of plants on the continent. In West Antarctica, coniferous forests dominated throughout the Cretaceous period (146–66 Ma), though southern beech trees (Nothofagus) became prominent towards the end of the Cretaceous. Ammonites were common in the seas around Antarctica, and dinosaurs were also present, though only a few Antarctic dinosaur genera (Cryolophosaurus and Glacialisaurus, from the Early Jurassic Hanson Formation of the Transantarctic Mountains, and Antarctopelta, Trinisaura, Morrosaurus and Imperobator from Late Cretaceous of the Antarctic Peninsula) have been described.


=== Cenozoic era before present (66–10 Ma) ===

During the early Paleogene, the Antarctic land bridge continued to connect Antarctica with South America as well as to southeastern Australia. Fauna from the La Meseta Formation in the Antarctic Peninsula, dating to the Eocene, is very similar to equivalent South American faunas; with marsupials, xenarthrans, litoptern, and astrapotherian ungulates, as well as gondwanatheres and possibly meridiolestidans. Marsupials are thought to have dispersed into Australia from South America via Antarctica by the early Eocene.
Around 53 Ma, Australia-New Guinea separated from Antarctica, opening the Tasmanian Passage. The Drake Passage opened between Antarctica and South America around 30 Ma, resulting in the creation of the Antarctic Circumpolar Current that completely isolated the continent. Models of Antarctic geography suggest that this current, as well as a feedback loop caused by lowering CO2 levels, caused the creation of small yet permanent polar ice caps. As CO2 levels declined further the ice began to spread rapidly, replacing the forests that until then had covered Antarctica. Tundra ecosystems continued to exist on Antarctica until around 14–10 million years ago, when further cooling lead to their extermination.


=== Present day ===

The geology of Antarctica, largely obscured by the continental ice sheet, is being revealed by techniques such as remote sensing, ground-penetrating radar, and satellite imagery. Geologically, West Antarctica closely resembles the South American Andes. The Antarctic Peninsula was formed by geologic uplift and the transformation of sea bed sediments into metamorphic rocks.
West Antarctica was formed by the merging of several continental plates, which created a number of mountain ranges in the region, the most prominent being the Ellsworth Mountains. The presence of the West Antarctic Rift System has resulted in volcanism along the border between West and East Antarctica, as well as the creation of the Transantarctic Mountains.
East Antarctica is geologically varied. Its formation began during the Archean Eon (4,000 Ma–2,500 Ma), and stopped during the Cambrian Period. It is built on a craton of rock, which is the basis of the Precambrian Shield. On top of the base are coal and sandstones, limestones, and shales that were laid down during the Devonian and Jurassic periods to form the Transantarctic Mountains. In coastal areas such as the Shackleton Range and Victoria Land, some faulting has occurred.
Coal was first recorded in Antarctica near the Beardmore Glacier by Frank Wild on the Nimrod Expedition in 1907, and low-grade coal is known to exist across many parts of the Transantarctic Mountains. The Prince Charles Mountains contain deposits of iron ore. There are oil and natural gas fields in the Ross Sea.


== Climate ==

Antarctica is the coldest, windiest, and driest of Earth's continents.
Near the coast, the temperature can exceed 10 °C in summer and fall to below −40 °C in winter. Over the elevated inland, it can rise to about −30 °C in summer but fall below −80 °C in winter.
The lowest natural air temperature ever recorded on Earth was −89.2 °C (−128.6 °F) at the Russian Vostok Station in Antarctica on 21 July 1983. A lower air temperature of −94.7 °C (−138.5 °F) was recorded in 2010 by satellite—however, it may have been influenced by ground temperatures and was not recorded at a height of 2 m (7 ft) above the surface as required for official air temperature records. Antarctica is colder than the Arctic region, as much of Antarctica is over 3,000 m (9,800 ft) above sea level, where air temperatures are colder. The relative warmth of the Arctic Ocean is transferred through the Arctic sea ice and moderates temperatures in the Arctic region.
Winds are strong and persistent.
Antarctica is a polar desert with little precipitation; the continent receives an average equivalent to about 150 mm (6 in) of water per year, mostly in the form of snow. The interior is drier and receives less than 50 mm (2 in) per year, whereas the coastal regions typically receive more than 200 mm (8 in). In a few blue-ice areas, the wind and sublimation remove more snow than is accumulated by precipitation. In the dry valleys, the same effect occurs over a rock base, leading to a barren and desiccated landscape.


=== Regional differences ===
East Antarctica is colder than its western counterpart because of its higher elevation. Weather fronts rarely penetrate far into the continent, leaving the centre cold and dry, with moderate wind speeds. Heavy snowfalls are common on the coastal portion of Antarctica, where snowfalls of up to 1.22 m (48 in) in 48 hours have been recorded. At the continent's edge, strong katabatic winds off the polar plateau often blow at storm force. During the summer, more solar radiation reaches the surface at the South Pole than at the equator because of the 24 hours of sunlight received there each day.


== Climate change ==


== Ozone depletion ==

Scientists have studied the ozone layer in the atmosphere above Antarctica since the 1970s. In 1985, British scientists, working on data they had gathered at Halley Research Station on the Brunt Ice Shelf, discovered a large area of low ozone concentration over Antarctica. The 'ozone hole' covers almost the whole continent and was at its largest in September 2006; the longest-lasting event occurred in 2020. The depletion is caused by the emission of chlorofluorocarbons and halons into the atmosphere, which causes ozone to break down into other gases. The extreme cold conditions of Antarctica allow polar stratospheric clouds to form. The clouds act as catalysts for chemical reactions, which eventually lead to the destruction of ozone. The 1987 Montreal Protocol has restricted the emissions of ozone-depleting substances. The ozone hole above Antarctica is predicted to slowly disappear; by the 2060s, levels of ozone are expected to have returned to values last recorded in the 1980s.
The ozone depletion can cause a cooling of around 6 °C (11 °F) in the stratosphere. The cooling strengthens the polar vortex and so prevents the outflow of the cold air near the South Pole, which in turn cools the continental mass of the East Antarctic ice sheet. The peripheral areas of Antarctica, especially the Antarctic Peninsula, are then subjected to higher temperatures, which accelerate the melting of the ice. Models suggest that ozone depletion and the enhanced polar vortex effect may also account for the period of increasing sea ice extent, lasting from when observation started in the late 1970s until 2014. Since then, the coverage of Antarctic sea ice has decreased rapidly.


== Biodiversity ==

Most species in Antarctica seem to be the descendants of species that lived there millions of years ago. As such, they must have survived multiple glacial cycles. The species survived the periods of extremely cold climate in isolated warmer areas, such as those with geothermal heat or areas that remained ice-free throughout the colder climate.


=== Animals ===

Invertebrate life of Antarctica includes species of microscopic mites such as Alaskozetes antarcticus, lice, fleas (Glaciopsyllus antarcticus), nematodes, tardigrades, rotifers, krill and springtails. The flightless midge Belgica antarctica, the largest purely terrestrial animal in Antarctica, reaches 6 mm (1⁄4 in) in size.
Antarctic krill, which congregates in large schools, is the keystone species of the ecosystem of the Southern Ocean, being an important food organism for whales, seals, leopard seals, fur seals, squid, icefish, and many bird species, such as penguins and albatrosses. Some species of marine animals exist and rely, directly or indirectly, on phytoplankton. Antarctic sea life includes penguins, blue whales, orcas, colossal squids and fur seals. The Antarctic fur seal was very heavily hunted in the 18th and 19th centuries for its pelt by seal hunters from the United States and the United Kingdom. Leopard seals are apex predators in the Antarctic ecosystem and migrate across the Southern Ocean in search of food.
There are approximately 40 bird species that breed on or close to Antarctica, including species of petrels, penguins, cormorants, and gulls. Various other bird species visit the ocean around Antarctica, including some that normally reside in the Arctic. The emperor penguin is the only penguin that breeds during the winter in Antarctica; it and the Adélie penguin breed farther south than any other penguin.
A Census of Marine Life by some 500 researchers during the International Polar Year was released in 2010. The research found that more than 235 marine organisms live in both polar regions, having bridged the gap of 12,000 km (7,456 mi). Large animals such as some cetaceans and birds make the round trip annually. Smaller forms of life, such as sea cucumbers and free-swimming snails, are also found in both polar oceans. Factors that may aid in their distribution include temperature differences between the deep ocean at the poles and the equator of no more than 5 °C (9 °F) and the major current systems or marine conveyor belts which are able to transport eggs and larva.


=== Fungi ===

About 1,150 species of fungi have been recorded in the Antarctic region, of which about 750 are non-lichen-forming. Some of the species, having evolved under extreme conditions, have colonised structural cavities within porous rocks and have contributed to shaping the rock formations of the McMurdo Dry Valleys and surrounding mountain ridges.
The simplified morphology of such fungi, along with their similar biological structures, metabolism systems capable of remaining active at very low temperatures, and reduced life cycles, make them well suited to such environments. Their thick-walled and strongly melanised cells make them resistant to UV radiation. An Antarctic endemic species, the crust-like lichen Buellia frigida, has been used as a model organism in astrobiology research.
The same features can be observed in algae and cyanobacteria, suggesting that they are adaptations to the conditions prevailing in Antarctica. This has led to speculation that life on Mars might have been similar to Antarctic fungi, such as Cryomyces antarcticus and Cryomyces minteri. Some of the species of fungi, which are apparently endemic to Antarctica, live in bird dung, and have evolved so they can grow inside extremely cold dung, but can also pass through the intestines of warm-blooded animals.


=== Plants ===

Throughout its history, Antarctica has seen a wide variety of plant life. In the Cretaceous, it was dominated by a fern-conifer ecosystem, which changed into a temperate rainforest by the end of that period. During the colder Neogene (17–2.5 Ma), a tundra ecosystem replaced the rainforests. The climate of present-day Antarctica does not allow extensive vegetation to form. A combination of freezing temperatures, poor soil quality, and a lack of moisture and sunlight inhibit plant growth, causing low species diversity and limited distribution. The flora largely consists of bryophytes (25 species of liverworts and 100 species of mosses). There are three species of flowering plants, all of which are found in the Antarctic Peninsula: Deschampsia antarctica (Antarctic hair grass), Colobanthus quitensis (Antarctic pearlwort) and the non-native Poa annua (annual bluegrass).


=== Other organisms ===
Of the 700 species of algae in Antarctica, around half are marine phytoplankton. Multicoloured snow algae are especially abundant in the coastal regions during the summer. Even sea ice can harbour unique ecological communities, as it expels all salt from the water when it freezes, which accumulates into pockets of brine that also harbour dormant microorganisms. When the ice begins to melt, brine pockets expand and can combine to form brine channels, and the algae inside the pockets can reawaken and thrive until the next freeze. Bacteria have also been found as deep as 800 m (0.50 mi) under the ice. It is thought to be likely that there exists a native bacterial community within the subterranean water body of Lake Vostok. The existence of life there is thought to strengthen the argument for the possibility of life on Jupiter's moon Europa, which may have water beneath its water-ice crust. There exists a community of extremophile bacteria in the highly alkaline waters of Lake Untersee. The prevalence of highly resilient creatures in such inhospitable areas could further bolster the argument for extraterrestrial life in cold, methane-rich environments.


=== Conservation and environmental protection ===

The first international agreement to protect Antarctica's biodiversity was adopted in 1964. The overfishing of krill (an animal that plays a large role in the Antarctic ecosystem) led officials to enact regulations on fishing. The Convention for the Conservation of Antarctic Marine Living Resources, an international treaty that came into force in 1980, regulates fisheries, aiming to preserve ecological relationships. Despite these regulations, illegal fishing—particularly of the highly prized Patagonian toothfish which is marketed as Chilean sea bass in the U.S.—remains a problem.
In analogy to the 1980 treaty on sustainable fishing, countries led by New Zealand and the United States negotiated a treaty on mining. This Convention on the Regulation of Antarctic Mineral Resource Activities was adopted in 1988. After a strong campaign from environmental organisations, first Australia and then France decided not to ratify the treaty. Instead, countries adopted the Protocol on Environmental Protection to the Antarctic Treaty (the Madrid Protocol), which entered into force in 1998. The Madrid Protocol bans all mining, designating the continent as a ""natural reserve devoted to peace and science"".

The pressure group Greenpeace established a base on Ross Island from 1987 to 1992 as part of its attempt to establish the continent as a World Park. The Southern Ocean Whale Sanctuary was established in 1994 by the International Whaling Commission. It covers 50 million km2 (19 million sq mi) and completely surrounds the Antarctic continent. All commercial whaling is banned in the zone, though Japan has continued to hunt whales in the area, ostensibly for research purposes.
Despite these protections, the biodiversity in Antarctica is still at risk from human activities. Specially protected areas cover less than 2% of the area and provide better protection for animals with popular appeal than for less visible animals. There are more terrestrial protected areas than marine protected areas. Ecosystems are impacted by local and global threats, notably pollution, the invasion of non-native species, and the various effects of climate change.


== History of exploration ==

Early world maps, like the 1513 Piri Reis map, feature the hypothetical continent Terra Australis. Much larger than and unrelated to Antarctica, Terra Australis was a landmass that classical scholars presumed necessary to balance the known lands in the northern hemisphere.
Captain James Cook's ships, HMS Resolution and Adventure, crossed the Antarctic Circle on 17 January 1773, in December 1773, and again in January 1774. Cook came within about 120 km (75 mi) of the Antarctic coast before retreating in the face of field ice in January 1773. In 1775, he called the existence of a polar continent ""probable"", and in another copy of his journal he wrote: ""[I] firmly believe it and it's more than probable that we have seen a part of it"".


=== 19th century ===

Sealers were among the earliest to go closer to the Antarctic landmass, perhaps in the earlier part of the 19th century. The oldest known human remains in the Antarctic region was a skull, dated from 1819 to 1825, that belonged to a young woman on Yamana Beach at the South Shetland Islands. The woman, who was likely to have been part of a sealing expedition, was found in 1985.
The first person to see Antarctica or its ice shelf was long thought to have been the British sailor Edward Bransfield, a captain in the Royal Navy, who discovered the tip of the Antarctic peninsula on 30 January 1820. However, a captain in the Imperial Russian Navy, Fabian Gottlieb von Bellingshausen, recorded seeing an ice shelf on 27 January. The American sealer Nathaniel Palmer, whose sealing ship was in the region at this time, may also have been the first to sight the Antarctic Peninsula.
The First Russian Antarctic Expedition, led by Bellingshausen and Mikhail Lazarev on the 985-ton sloop-of-war Vostok and the 530-ton support vessel Mirny, reached a point within 32 km (20 mi) of Queen Maud Land and recorded sighting an ice shelf at 69°21′28″S 2°14′50″W, on 27 January 1820. The sighting happened three days before Bransfield sighted the land of the Trinity Peninsula of Antarctica, as opposed to the ice of an ice shelf, and 10 months before Palmer did so in November 1820. The first documented landing on Antarctica was by the English-born American sealer John Davis, apparently at Hughes Bay on 7 February 1821, although some historians dispute this claim, as there is no evidence Davis landed on the Antarctic continent rather than an offshore island.
On 22 January 1840, two days after the discovery of the coast west of the Balleny Islands, some members of the crew of the 1837–1840 expedition of the French explorer Jules Dumont d'Urville disembarked on the Dumoulin Islands, off the coast of Adélie Land, where they took some mineral, algae, and animal samples, erected the French flag, and claimed French sovereignty over the territory. The American captain Charles Wilkes led an expedition in 1838–1839 and was the first to claim he had discovered the continent. The British naval officer James Clark Ross failed to realise that what he referred to as ""the various patches of land recently discovered by the American, French and English navigators on the verge of the Antarctic Circle"" were connected to form a single continent. The American explorer Mercator Cooper landed on East Antarctica on 26 January 1853.
The first confirmed landing on the continental mass of Antarctica occurred in 1895 when the Norwegian-Swedish whaling ship Antarctic reached Cape Adare.


=== 20th century ===

During the Nimrod Expedition led by the British explorer Ernest Shackleton in 1907, parties led by Edgeworth David became the first to climb Mount Erebus and to reach the south magnetic pole. Douglas Mawson, who assumed the leadership of the Magnetic Pole party on their perilous return, retired in 1931. Between December 1908 and February 1909, Shackleton and three members of his expedition became the first humans to traverse the Ross Ice Shelf, the first to cross the Transantarctic Mountains (via the Beardmore Glacier), and the first to set foot on the south Polar Plateau. On 14 December 1911, an expedition led by Norwegian explorer Roald Amundsen from the ship Fram became the first to reach the geographic South Pole, using a route from the Bay of Whales and up the Axel Heiberg Glacier. One month later, the doomed Terra Nova Expedition reached the pole.
The American explorer Richard E. Byrd led four expeditions to Antarctica during the 1920s, 1930s, and 1940s, using the first mechanised tractors. His expeditions conducted extensive geographical and scientific research, and he is credited with surveying a larger region of the continent than any other explorer. In 1937, Ingrid Christensen became the first woman to step onto the Antarctic mainland. Caroline Mikkelsen had landed on an island of Antarctica, earlier in 1935.
The South Pole was next reached on 31 October 1956, when a U.S. Navy group led by Rear Admiral George J. Dufek landed an aircraft there. Six women were flown to the South Pole as a publicity stunt in 1969. In the summer of 1996–1997, Norwegian explorer Børge Ousland became the first person to cross Antarctica alone from coast to coast, helped by a kite on parts of the journey. Ousland holds the record for the fastest unsupported journey to the South Pole, taking 34 days.


== Demographics ==

The first semi-permanent inhabitants of regions near Antarctica (areas situated south of the Antarctic Convergence) were British and American sealers who used to spend a year or more on South Georgia, from 1786 onward. During the whaling era, which lasted until 1966, the population of the island varied from over 1,000 in the summer (over 2,000 in some years) to some 200 in the winter. Most of the whalers were Norwegian, with an increasing proportion from Britain.
Antarctica's population consists mostly of the staff of research stations in Antarctica (which are continuously maintained despite the population decline in the winter), although there are 2 all-civilian bases in Antarctica: the Esperanza Base and the Villa Las Estrellas base. The number of people conducting and supporting scientific research and other work on the continent and its nearby islands varies from about 1,200 in winter to about 4,800 in the summer, with an additional 136 people in the winter to 266 people in the summer from the 2 civilian bases (as of 2017). Some of the research stations are staffed year-round, the winter-over personnel typically arriving from their home countries for a one-year assignment. The Russian Orthodox Holy Trinity Church at the Bellingshausen Station on King George Island opened in 2004; it is staffed year-round by one or two priests, who are similarly rotated every year.

The first child born in the southern polar region was a Norwegian girl, Solveig Gunbjørg Jacobsen, born in Grytviken on 8 October 1913. Emilio Marcos Palma was the first person born south of the 60th parallel south and the first to be born on the Antarctic mainland at the Esperanza Base of the Argentine Army, on 7 January 1978.
The Antarctic Treaty prohibits any military activity in Antarctica, including the establishment of military bases and fortifications, military manoeuvres, and weapons testing. Military personnel or equipment are permitted only for scientific research or other peaceful purposes. Operation 90 by the Argentine military in 1965 was conducted to strengthen Argentina's claim in Antarctica.
Antarctic English, a distinct variety of the English language, has been found to be spoken by people living on Antarctica and the subantarctic islands.


== Politics ==

Antarctica's status is regulated by the 1959 Antarctic Treaty and other related agreements, collectively called the Antarctic Treaty System. Antarctica is defined as all land and ice shelves south of 60° S for the purposes of the Treaty System. The treaty was signed by twelve countries, including the Soviet Union, the United Kingdom, Argentina, Chile, Australia, and the United States. Since 1959, a further 42 countries have acceded to the treaty. Countries can participate in decision-making if they can demonstrate that they do significant research on Antarctica; as of 2022, 29 countries have this 'consultative status'. Decisions are based on consensus, instead of a vote. The treaty set aside Antarctica as a scientific preserve and established freedom of scientific investigation and environmental protection.


=== Territorial claims ===

In 1539, the King of Spain, Charles V, created the Governorate of Terra Australis, which encompassed lands south of the Strait of Magellan and thus theoretically Antarctica, the existence of which was only hypothesized at the time, granting this Governorate to Pedro Sancho de la Hoz, who in 1540 transferred the title to the conquistador Pedro de Valdivia. Spain claimed all the territories to the south of the Strait of Magellan until the South Pole, with eastern and western borders to these claims specified in the Treaty of Tordesillas and Zaragoza respectively. In 1555 the claim was incorporated to Chile.
In the present, sovereignty over regions of Antarctica is claimed by seven different countries. While a few of these countries have mutually recognised each other's claims, the validity of the claims is not recognised universally. New claims on Antarctica have been suspended since 1959, although in 2015, Norway formally defined Queen Maud Land as including the unclaimed area between it and the South Pole.
The Argentine, British, and Chilean claims overlap and have caused friction. In 2012, after the British Foreign & Commonwealth Office designated a previously unnamed area Queen Elizabeth Land in tribute to Queen Elizabeth II's Diamond Jubilee, the Argentine government protested against the claim. The UK passed some of the areas it claimed to Australia and New Zealand after they achieved independence. The claims by Britain, Australia, New Zealand, France, and Norway do not overlap and are recognised by each other. Other member nations of the Antarctic Treaty do not recognise any claim, yet have shown some form of territorial interest in the past.

 Brazil has a designated ""zone of interest"" that is not considered an actual claim.
 Peru formally reserved its right to make a claim.
 Russia inherited the Soviet Union's right to claim territory under the original Antarctic Treaty.
 South Africa formally reserved its right to make a claim.
 The United States reserved its right to make a claim in the original Antarctic Treaty.


== Economy and tourism ==

Deposits of coal, hydrocarbons, iron ore, platinum, copper, chromium, nickel, gold, and other minerals have been found in Antarctica, but not in large enough quantities to extract. The Protocol on Environmental Protection to the Antarctic Treaty, which came into effect in 1998 and is due to be reviewed in 2048, restricts the exploitation of Antarctic resources, including minerals.
Tourists have been visiting Antarctica since 1957. Tourism is subject to the provisions of the Antarctic Treaty and Environmental Protocol; the self-regulatory body for the industry is the International Association of Antarctica Tour Operators. Tourists arrive by small or medium ship at specific scenic locations with accessible concentrations of iconic wildlife. Over 74,000 tourists visited the region during the 2019–2020 season, of which 18,500 travelled on cruise ships but did not leave them to explore on land. The numbers of tourists fell rapidly after the start of the COVID-19 pandemic. Some nature conservation groups have expressed concern over the potential adverse effects caused by the influx of visitors and have called for limits on the size of visiting cruise ships and a tourism quota. The primary response by Antarctic Treaty parties has been to develop guidelines that set landing limits and closed or restricted zones on the more frequently visited sites.
Tourism in Antarctica is, in part, ecologically focused with expeditions being offered for bird watching tours due to the high numbers of Adélie, King, and Gentoo penguins – among other species.  One site in particular – McDonald Beach – is known to be a high-traffic area for tourists watching the Adélie penguins who number more than 40,000.
Overland sightseeing flights operated out of Australia and New Zealand until the Mount Erebus disaster in 1979, when an Air New Zealand plane crashed into Mount Erebus, killing all of the 257 people on board. Qantas resumed commercial overflights to Antarctica from Australia in the mid-1990s. There are many airports in Antarctica.


== Research ==

In 2017, there were more than 4,400 scientists undertaking research in Antarctica, a number that fell to just over 1,100 in the winter. There are over 70 permanent and seasonal research stations on the continent; the largest, United States' McMurdo Station, is capable of housing more than 1,000 people. The British Antarctic Survey has five major research stations on Antarctica, one of which is completely portable. The Belgian Princess Elisabeth station is one of the most modern stations and the first to be carbon-neutral. Argentina, Australia, Chile, and Russia also have a large scientific presence on Antarctica.
Geologists primarily study plate tectonics, meteorites, and the breakup of Gondwana. Glaciologists study the history and dynamics of floating ice, seasonal snow, glaciers, and ice sheets. Biologists, in addition to researching wildlife, are interested in how low temperatures and the presence of humans affect adaptation and survival strategies in organisms. Biomedical scientists have made discoveries concerning the spreading of viruses and the body's response to extreme seasonal temperatures.
The view of space from Earth is improved by a thinner atmosphere at higher elevations and a lack of water vapour in the atmosphere caused by freezing temperatures. Astrophysicists at the Amundsen–Scott South Pole Station study cosmic microwave background radiation and neutrinos from space.
The largest neutrino detector in the world, the IceCube Neutrino Observatory, is at the Amundsen-Scott Station. It consists of around 5,500 digital optical modules, some of which reach a depth of 2,450 m (8,040 ft), that are held in 1 km3 (0.24 cu mi) of ice. Scientists also observed higher radiation dose rates around the coast of Antarctica compared with the global average: this is attributed to cosmic rays going through the thinner atmosphere compared to equatorial latitudes.

Antarctica provides a unique environment for the study of meteorites: the dry polar desert preserves them well, and meteorites older than a million years have been found. They are relatively easy to find, as the dark stone meteorites stand out in a landscape of ice and snow, and the flow of ice accumulates them in certain areas.
The Adelie Land meteorite, discovered in 1912, was the first to be found. Meteorites contain clues about the composition of the Solar System and its early development. Most meteorites come from asteroids, but a few meteorites found in Antarctica came from the Moon and Mars.
Major scientific organizations in Antarctica have released strategy and action plans focused on advancing national interests and objectives in Antarctica, supporting cutting-edge research to understand the interactions between the Antarctic region and climate systems. The British Antarctic Survey (BAS) released a 10-year (2023–2033) strategy report to reduce greenhouse gas emissions and to focus on creating sustainable living on Earth. Environmental sustainability is named as one of the top focus areas by the BAS strategy, highlighting the main challenge and priority to embed environmental sustainability into everything.
In 2022, the Australian Antarctic Program (AAP) released a new Strategy and 20-year Action Plan (2022–2036) to modernize its Antarctic program. The global climate system was highlighted as one of the main priorities that will be supported and studied through the AAP Strategy Plan. It emphasizes the importance of understanding the vital role of Antarctica and the Southern Ocean in climate and weather to improve current knowledge and inform management responses.
In 2021, the United States Antarctic Program (USAP) released a Midterm Assessment on the 2015 Strategic Vision for Antarctic and Southern Ocean Research, stressing the prominent role of the Southern Ocean in the global carbon cycle and sea level rise. The USAP outlines the Changing Antarctic Ice Sheets Initiative as a top priority to enhance understanding of why ice sheets are changing now, and how they will change in the future.

Antarctic ice sheets are a central focus of contemporary climate research due to urgent questions about their stability and reaction to global warming. Satellite technology enables researchers to study the ice sheets both through on-site fieldwork and remote sensing, facilitating detailed analyses of ice dynamics to predict future changes in a warming world.
The INStabilities & Thresholds in ANTarctica (INSTANT) Scientific Research Programme proposes three research themes, investigating the complex interactions between the atmosphere, ocean, and solid Earth in Antarctica. Its aims include improving the understanding and predictions of these processes to aid decision makers in risk assessment, management, and mitigation related to Antarctic climate change.
The Australian-led ICECAP project utilized advanced aerogeophysical techniques to map deep subglacial basins and channels that connect the ice sheet to the ocean. This mapping improves predictions of ice sheet stability, the impacts of climate change on the ice sheets, and their potential contributions to global sea level rise.


== Culture ==


=== Music and film ===
The southernmost music festival in the world, Icestock, has been held at McMurdo Station since 1989. The organizers, performers, and attendees of Icestock are all personnel working at McMurdo or nearby Scott Base. The Antarctic Film Festival is held annually between bases, with 48 stations registered to participate as of 2022. The festival is designed for short films of 5 minutes or less.
In 2011, Australian classical harpist Alice Giles became the first professional musician to perform in Antarctica. The first full-length fictional film to be shot in Antarctica was South of Sanity, a 2012 low-budget British horror film. An upcoming film directed by Nick Cassavetes and starring Anthony Hopkins, Bruno Penguin and the Staten Island Princess, will be the first major Hollywood production to shoot in Antarctica.


=== Sport ===
Sporting events held on Antarctica include the Antarctic Ice Marathon & 100k ultra race, Antarctica Marathon and Antarctica Cup Yacht Race. Association football has been played since the early twentieth century, with teams representing bases or visiting ships.


=== Holidays ===
There are two principal holidays celebrated across Antarctica: Midwinter Day on the day of the southern winter solstice (June 20 or 21) and Antarctica Day on December 1, which commemorates the signing of the Antarctic Treaty in 1959.


== See also ==
Index of Antarctica-related articles


== Notes ==


== References ==


== Bibliography ==


== Further reading ==
De Pomereu, Jean; and McCahey, Daniella. Antarctica: A History in 100 Objects (Conway, 2022) online book review
Kleinschmidt, Georg (2021). The geology of the Antarctic continent. Stuttgart: Bornträger Science Publisher. ISBN 978-3-443-11034-5.
Lucas, Mike (1996). Antarctica. New Holland Publishers. ISBN 978-1-85368-743-3.
Mardon, Austin Albert; Mardon, Catherine (2009). The use of geographic remote sensing, mapping and aerial photography to aid in the recovery of blue ice surficial meteorites in Antarctica. Edmonton: Golden Meteorite Press. ISBN 978-18974-7-235-4 – via Internet Archive.
Stewart, John (2011). Antarctica: An Encyclopedia. Jefferson, N.C. and London: McFarland. ISBN 978-0-7864-3590-6.
Ivanov, Lyubomir; Ivanova, Nusha (2022). The World of Antarctica. Generis Publishing. 241 pp. ISBN 979-8-88676-403-1


== External links ==

Official website of the Antarctic Treaty Secretariat (de facto government)
High resolution map (2022) – Reference Elevation Model of Antarctica (REMA)
Antarctica. on In Our Time at the BBC
British Antarctic Survey (BAS)
U.S. Antarctic Program Portal"
Antigua And Barbuda,"Antigua and Barbuda is a sovereign archipelagic country in the Caribbean composed of Antigua, Barbuda, and numerous other small islands. Antigua and Barbuda has a total area of 440 km2 (170 sq mi), making it one of the smallest countries in the Caribbean. The country is mostly flat, with the highest points on Antigua being in the Shekerley Mountains and on Barbuda the Highlands. The country has a tropical savanna climate, with pockets of tropical monsoon in Antigua's southwest. Its most populated city is St. John's, followed by All Saints and Bolans. Most of the country resides in the corridor between St. John's and English Harbour.
Bounded by the Atlantic Ocean on the east and the Caribbean Sea on the west, Antigua and Barbuda is located within the Leeward Islands moist forest and Leeward Islands xeric scrub ecoregions. The country shares maritime borders with Anguilla, Saint Barthélemy, and Saint Kitts and Nevis to the west, Montserrat to the southwest, and Guadeloupe to the south. Antigua and Barbuda has numerous natural parks, including Codrington Lagoon, one of the largest internal bodies of water in the Lesser Antilles. Despite its dense population, the country has large swaths of undeveloped land, however, Antigua and Barbuda has experienced many environmental issues due to climate change.
Hunter-gatherers settled the islands starting around 3000 BC, likely arriving on canoes from Central and South America. They were followed by the Arawaks of Venezuela during the Ceramic Period. In 1493, Christopher Columbus surveyed the island of Antigua, which resulted in an attempt at Spanish settlement in 1520. Antigua remained uncolonised until 1632 when Edward Warner and his small party created the first successful British colony. Barbuda was under the control of the Codrington family until the 1860s. Antiguan independence was first proposed by Prince Klaas in 1728, who attempted to make the island an independent kingdom. After emancipation in 1834, Antigua's autonomy slowly increased, while Barbuda was slowly integrated into Antigua. The first democratic elections were held in 1951, and by 1981, Antigua and Barbuda was independent. From 1960 until 2004, the Bird family dominated the archipelago's politics with only one interruption, which ended with the election of Baldwin Spencer to the premiership.
Since 2014, the Labour Party has dominated national politics. Antigua and Barbuda is a member of the Commonwealth and a Commonwealth realm, being a constitutional monarchy with Charles III as its head of state. The country is a unitary state, with Barbuda being administered by the Barbuda Council since 1976. Antigua is divided into six parishes. The central government is composed of three main branches: legislative, executive, and judicial. It has a bicameral national legislature comprising the directly elected House of Representatives and the Senate appointed by the Governor-General, the representative of the monarch. The Labour Party and the United Progressive Party have dominated the country's politics since 1994. Antigua and Barbuda is the most developed country in the Caribbean by Human Development Index, in addition to having a proportionally high foreign-born population. Most people are of African descent, with significant populations of Europeans, Hispanics, and Indians. The country is also majority Christian, with most being Protestant. The most spoken home language in the country is Antiguan and Barbudan Creole. Compared to neighboring countries, Antigua and Barbuda ranks highly in most economic indicators, and ranks about average in political freedoms.
Antigua and Barbuda is a high-income country. It is a member of the United Nations, the OECS, the Regional Security System, CARICOM, and the World Trade Organisation. Antigua and Barbuda is one of the only countries in the Caribbean to maintain an air force, and has a mostly service-based economy. Antigua and Barbuda maintains significant influence in the former British Leeward Islands and the eastern Caribbean, having the largest economy and population in the former colony. However, the country continues to struggle with human rights and political polarisation, with a significant Barbudan independence movement re-emerging and declining freedom of the press.


== Etymology ==
Antigua is Spanish for 'ancient' and barbuda is Spanish for 'bearded'. The island of Antigua was originally called Waladli by the Arawaks, and the Caribs possibly called Barbuda Wa'omoni. Christopher Columbus, while sailing by in 1493, may have named it Santa Maria la Antigua, after an icon in the Spanish Seville Cathedral. The ""bearded"" of Barbuda is thought to refer either to the male inhabitants of the island, or the bearded fig trees present there. The term Wadadli is a corrupted form of the original Arawak name, emerging from a misspelling in a popular 1970s song. The term is sometimes used in Antiguan and Barbudan Creole to refer to the island's original name. Aanteega an' Baabyuuda is the Creole endonym for the country, deriving from the English name.


== History ==


=== Pre-colonial period ===

Antigua was first settled by archaic age Indigenous hunter-gatherers called the Ciboney. Carbon dating has established the earliest settlements started around 3100 BC. They were succeeded by the ceramic age pre-Columbian Arawak-speaking Saladoid people who migrated from the lower Orinoco River. They introduced agriculture, raising, among other crops, the famous Antigua Black Pineapple (Ananas comosus), corn, sweet potatoes, chiles, guava, tobacco, and cotton. Later on the Caribs settled the island.


=== European arrival and slavery ===
Christopher Columbus was the first European to sight the islands in 1493. The Spanish did not colonise Antigua until after a combination of European and African diseases, malnutrition, and slavery eventually extirpated most of the native population; smallpox was probably the greatest killer.
The English settled on Antigua in 1632; Christopher Codrington settled on Barbuda in 1685. Tobacco and then sugar was grown, worked by a large population of slaves transported from West Africa, who soon came to vastly outnumber the European settlers.


=== Colonial era ===
The English maintained control of the islands, repulsing an attempted French attack in 1666. The brutal conditions endured by the slaves led to revolts in 1701 and 1729 and a planned revolt in 1736, the last led by Prince Klaas, though it was discovered before it began and the ringleaders were executed. Slavery was abolished in the British Empire in 1833, affecting the economy. This was exacerbated by natural disasters such as the 1843 earthquake and the 1847 hurricane. Mining occurred on the isle of Redonda, however, this ceased in 1929 and the island has since remained uninhabited.
Part of the Leeward Islands colony, Antigua and Barbuda became part of the short-lived West Indies Federation from 1958 to 1962. Antigua and Barbuda subsequently became an associated state of the United Kingdom with full internal autonomy on 27 February 1967. The 1970s were dominated by discussions as to the islands' future and the rivalry between Vere Bird of the Antigua and Barbuda Labour Party (ABLP) (Premier from 1967 to 1971 and 1976 to 1981) and the Progressive Labour Movement (PLM) of George Walter (Premier 1971–1976). Eventually, Antigua and Barbuda gained full independence on 1 November 1981; Vere Bird became prime minister of the new country. The country opted to remain within the Commonwealth, retaining Elizabeth II (r. 1952–2022) as head of state, with the first governor, Sir Wilfred Jacobs, as governor-general. Succeeding Wilfred Jacobs were James Carlisle (1993–2007), Louise Lake-Tack (2007–2014), and the present since 2014 being Rodney Williams.


=== Independence era ===
The first two decades of Antigua's independence were dominated politically by the Bird family and the ABLP, with Vere Bird ruling from 1981 to 1994, followed by his son Lester Bird from 1994 to 2004. Though providing a degree of political stability, and boosting tourism to the country, the Bird governments were frequently accused of corruption, cronyism and financial malfeasance. Vere Bird Jr., the elder son, was forced to leave the cabinet in 1990 following a scandal in which he was accused of smuggling Israeli weapons to Colombian drug-traffickers. Another son, Ivor Bird, was convicted of selling cocaine in 1995.
In 1995, Hurricane Luis caused severe damage on Barbuda.
The ABLP's dominance of Antiguan politics ended with the 2004 Antiguan general election, which was won by Winston Baldwin Spencer's United Progressive Party (UPP). Winston Baldwin Spencer was Prime Minister of Antigua and Barbuda from 2004 to 2014. However the UPP lost the 2014 Antiguan general election, with the ABLP returning to power under Gaston Browne. ABLP won 15 of the 17 seats in the 2018 snap election under the leadership of incumbent Prime Minister Gaston Browne.
In 2016, Nelson's Dockyard was designated as a UNESCO World Heritage Site.
Most of Barbuda was devastated in early September 2017 by Hurricane Irma, which brought winds with speeds reaching 295 km/h (185 mph). The storm damaged or destroyed 95% of the island's buildings and infrastructure, leaving Barbuda ""barely habitable"" according to Prime Minister Gaston Browne. Nearly everyone on the island was evacuated to Antigua.
Amidst the following rebuilding efforts on Barbuda that were estimated to cost at least $100 million, the government announced plans to revoke a century-old law of communal land ownership by allowing residents to buy land; a move that has been criticised as promoting ""disaster capitalism"".


== Geography ==

Limestone formations, rather than volcanic activity, have had the most impact on the topography of both Antigua and Barbuda, which are both relatively low-lying islands. Boggy Peak, also known as Mt. Obama from 2008 to 2016, is the highest point on both Antigua and Barbuda. It is the remnant of a volcanic crater and rises a total of 402 meters. Boggy Peak is located in the southwest of Antigua (1,319 feet).
Both of these islands have very irregularly shaped coastlines that are dotted with beaches, lagoons, and natural harbours. There are reefs and shoals that surround the islands on all sides. Because of the low amount of rainfall, there are not many streams. On neither of these islands can sufficient quantities of fresh groundwater be found.
Redonda is a small, uninhabited island located about 40 kilometres (25 miles) to the south-west of Antigua. Redonda is a rocky island.
In Antigua and Barbuda forest cover is about 18% of the total land area, equivalent to 8,120 ha of forests in 2020, down from 10,110 ha in 1990.


=== Islands ===

Antigua and Barbuda consists mostly of its two namesake islands, Antigua, and Barbuda. Other than that, Antigua and Barbuda's biggest islands are Guiana Island and Long Island off the coast of Antigua, and Redonda island, which is far from both of the main islands.


=== Climate ===
Rainfall averages 990 mm (39 in) per year, with the amount varying widely from season to season. In general the wettest period is between September and November. The islands generally experience low humidity and recurrent droughts. Temperatures average 27 °C (80.6 °F), with a range from 23 °C (73.4 °F) to 29 °C (84.2 °F) in the winter to from 25 °C (77.0 °F) to 30 °C (86.0 °F) in the summer and autumn. The coolest period is between December and February.
Hurricanes are common, including the powerful Category 5 Hurricane Irma, on 6 September 2017, which damaged 95% of the structures on Barbuda. Some 1,800 people were evacuated to Antigua.
Officials quoted by Time indicated that over $100 million would be required to rebuild homes and infrastructure. Philmore Mullin, Director of Barbuda's National Office of Disaster Services, said that ""all critical infrastructure and utilities are non-existent – food supply, medicine, shelter, electricity, water, communications, waste management"". He summarised the situation as follows: ""Public utilities need to be rebuilt in their entirety... It is optimistic to think anything can be rebuilt in six months ... In my 25 years in disaster management, I have never seen something like this.""


=== Environmental issues ===


== Demographics ==

The National Bureau of Statistics estimated a population of 105,182 in 2025, making Antigua and Barbuda one of the least populated countries in the Caribbean. This is an increase of 24% from the 2011 census. Between 2008 and 2020, Antigua and Barbuda had an average of 1,188 live births per year, or one birth every seven hours. In 2011, 62% of Antiguans and Barbudans aged fifteen or over were never married, 27% were married, 5% were divorced or separated, and 3% were widowed. In 2022, the total fertility rate stood at 1.6 children per woman, significantly lower than the average of Caribbean small states. The main driver of population growth in Antigua and Barbuda is immigration.
Antigua and Barbuda's population density of 211 people per square kilometre is considerably low for the region, with Barbuda being among the least densely populated islands in the Caribbean. Antigua and Barbuda is one of the least urbanized countries in the world, with only 24% of the country inhabiting an urban area in 2023. The rural population is considered to be growing. Most of the country resides in the All Saints road corridor between St. John's and English Harbour. The centre of population for 2011 was in St. Claire.
In 2011, the majority of Antiguan and Barbudan homes were detached (84%), with eight percent being apartments or condos, and the remainder primarily being duplexes or townhouses. Forty-five percent of homes were owned outright, thirty percent were rented private, and thirteen percent were owned with a mortgage.


=== Ethnicity ===

Respondents in the 2011 census self-reported over fifteen ethnic identities. In order of population, the major pan-ethnic groups chosen were African (87.27%), other mixed (3.80%), Hispanic (2.75%), white (1.65%), Indian (India) (1.11%), other (0.94%), mixed black/white (0.93%), not stated (0.88%), and Syrian or Lebanese (0.67%). The following groups were put in the category of ""other"": Amerindian (0.37% of the total population), Chinese (0.17%), Asian (0.14%), and Portuguese (0.11%). The remaining were some other ethnicity (0.13%).
By proportion, Antigua and Barbuda has the highest foreign-born population in the Americas, with immigrants making up 30% of the population in 2011. Due to this high immigrant population, people among the African descendant population tend to identify with place of origin rather than with their ethnicity. The largest immigrant groups in Antigua and Barbuda are Guyanese (7.12%), Jamaicans (5.22%), Dominica (4.31%), Americans (3.07%), and Dominican Republic (2.46%). Most immigrants to the country are of African ethnicity, with a notable exception being Dominican Republic immigrants who are mostly of Hispanic origin.


=== Languages ===

Antigua and Barbuda has no official language. The most spoken language in the country is Antiguan and Barbudan Creole, with three of its seven varieties native to the country: North Antiguan, the standard variety spoken in most of the country; South Antiguan, a partially-intelligible variety spoken in an area known as ""Round South"", and Barbudan, spoken only in Barbuda. The unofficial working language of the country is Antiguan and Barbudan English, which is used by all agencies of government and is the main language of business and academic communication. Virtually all persons who speak Antiguan and Barbudan Creole can also speak English, making nearly all people in the country bilingual. As of 2011, the population used the following as their main language: North Antiguan (57.06%), South Antiguan (8.05%), Guyanese Creole (7.11%), standard English (6.12%), Jamaican Patois (5.21%), Spanish (2.45%), and Barbudan Creole (1.71%). 0.67% spoke an unidentified variety of Antiguan and Barbudan Creole, and the remainder primarily spoke other Caribbean dialects.


=== Education ===


=== Religion ===

A majority (77%) of Antiguans are Christians, with the Anglicans (17.6%) being the largest single denomination. Other Christian denominations present are Seventh-day Adventist Church (12.4%), Pentecostalism (12.2%), Moravian Church (8.3%), Catholic Church
(8.2%), Methodist Church (5.6%), Wesleyan Holiness Church (4.5%), Church of God (4.1%), Baptists (3.6%), Mormonism (<1.0%), as well as Jehovah's Witnesses.


== Government and politics ==


=== Government ===

Antigua and Barbuda is a unitary parliamentary democracy under a constitutional monarchy. The current Constitution of Antigua and Barbuda was adopted upon independence on 1 November 1981. This replaced the pre-independence constitution of the Associated State of Antigua, which did not thoroughly define the relationship between the two islands. The island of Barbuda maintains much autonomy, while the island of Antigua is directly governed by the national government.
The executive branch has two primary leaders. The Governor-General, currently Rodney Williams, exercises the functions of the Monarch of Antigua and Barbuda, in whom executive power is vested in. The Governor-General serves at the pleasure of the Monarch, and usually serves a similar term to that of the Prime Minister. The Prime Minister, currently Gaston Browne, is the head of government, and is appointed by the Governor-General. The Prime Minister must be a member of the House of Representatives, and must be the member of the House of Representatives who is most likely to command the support of the majority of members. The Governor-General has the ability to dissolve Parliament on the advice of the Prime Minister, or when the majority of the members of the House of Representatives pass a motion of no confidence, and the Prime Minister does not within seven days resign or advise the Governor-General to dissolve Parliament.
The legislative power of Antigua and Barbuda is vested in Parliament, which is composed of the Monarch, the Senate, and the House of Representatives. The Senate is composed of seventeen members, who are appointed by the Governor-General. Ten of the members are appointed on the advice of the Prime Minister, these members being known as government senators. An eleventh government senator is also appointed on the advice of the Prime Minister, who must be an inhabitant of Barbuda. Four of the members are appointed on the advice of the Leader of the Opposition, these senators being known as opposition senators. One of the members is appointed on the advice of the Barbuda Council, and an independent senator is appointed under the discretion of the Governor-General himself. The House of Representatives is currently composed of seventeen elected members, as well as the Speaker of the House, who is elected by the members of the House itself. The Attorney General, while currently an elected member of Parliament, Steadroy Benjamin, may also be appointed to the House of Representatives as an ex officio member. The Attorney-General also attends sittings of the Senate. Any bill except money bills may be introduced in either chamber: money bills may only be introduced in the House. Parliament may not amend the Barbuda Local Government Act without the consent of the Barbuda Council.
The judiciary of Antigua and Barbuda is composed of the magistrates' courts, the Supreme Court including the High Court and the Court of Appeal, and the Judicial Committee of the Privy Council, the country's final court. Antiguan and Barbudan voters rejected a proposal to make the Caribbean Court of Justice the final court in 2018. Antigua and Barbuda is composed of three magistrates' courts districts, and is part of the Eastern Caribbean Supreme Court system. The acting chief justice of the Supreme Court is Mario Michel, serving since 5 May 2024.
Since the 1990s, the two major parties in Antigua have been the centre-right (formerly left-wing) Antigua and Barbuda Labour Party, and the left-wing social democratic United Progressive Party. The Labour Party and its predecessors have traditionally been the dominant party on the national level since the 1946 general elections, with brief pauses during the Progressive Labour Movement government (predecessor of the UPP) from 1971 to 1976, and the United Progressive Party government from 2004 until 2014. On Barbuda, dominant party is traditionally the Barbuda People's Movement, being the only political grouping in the Barbuda Council since 2021.


=== Administrative divisions ===

Antigua and Barbuda is composed of six parishes and two dependencies. Saint John is the most populous parish, home to well over half of Antigua and Barbuda's population. During colonial times, the parishes were governed by parish vestries, however, the parishes now lack any sort of government. Since the 2023 general elections, various proposals have been made to establish parish councils, however, as of January 2025, none have been established. The dependency of Redonda is part of the parish of Saint John under the Redonda Annexation Act, in Magistrates' District ""A"".

Local government in Antigua and Barbuda is completely inactive, except for the Barbuda Council which is enshrined in the Constitution. Antigua historically had a system of village councils in the 1940s (although the legislation was never repealed), however, the Gaston Browne administration has expressed opposition to all forms of local governance. St. John's also historically had a city council during the late 1800s and early 1900s, however the St. John's Development Corporation has since consumed most of its functions.


=== Foreign relations ===

The Minister of Foreign Affairs, Trade and Barbuda Affairs is responsible for overseeing the foreign relations of Antigua and Barbuda. The current minister is Paul Chet Greene. Antigua and Barbuda is a founding member of the Organisation of Eastern Caribbean States, as well as a member of the United Nations, the Caribbean Community, the Alliance of Small Island States, and the World Trade Organisation.
Antigua and Barbuda's foreign policy has been described by Gaston Browne as ""we are friends of all; enemies of none"". Antigua and Barbuda has rejected the notion that it is in any country's ""backyard"". Antigua and Barbuda usually maintains close relations with other Small Island Developing States, and has hosted various summits on that subject. The United Nations has also praised Antigua and Barbuda for its ""United Nations-based multilateralism"" efforts. Antigua and Barbuda also has close relations with many Caribbean countries and territories, especially Montserrat, which Antigua and Barbuda accepted 3,000 refugees from in 1997 after the Soufrière Hills eruption. Many policies adopted by the Antiguan and Barbudan government have also often had an impact on Montserrat, due to Antigua and Barbuda hosting the main transportation links into the territory.


=== Defence and national security ===

The Minister of Finance, Corporate Governance and Public Private Partnerships is responsible for the Antigua and Barbuda Defence Force, the country's military. The Minister of Legal Affairs, Public Safety, Immigration and Labour is responsible for the national security of Antigua and Barbuda. The Defence Force consists of the Regiment (army), the Air Wing, the Coast Guard, the Cadet Corps, and the Service and Support Unit. The Defence Force is led by the Chief of Defence Staff, who is subject to the orders of the Governor-General. The Defence Force is headquartered at Camp Blizzard.
The National Security Council is responsible for the coordination of Antigua and Barbuda's national security. The National Security Adviser is a member of the council and is responsible for the gathering of intelligence and information on national security matters.
The Royal Police Force of Antigua and Barbuda is the national police department. The Special Service Unit is Antigua and Barbuda's police tactical unit. The Police Force is composed of four lettered regional divisions, and subordinated service districts.


=== Human rights ===

Violations of human rights in Antigua and Barbuda have been increasingly reported since 2017. In particular, a land crisis caused by Hurricane Irma has resulted in a deterioration of the relationship between the two main islands, with the central government repeatedly threatening to abolish the communal land system and allow non-Barbudans to purchase land on the island. Freedom of the press, while guaranteed by the constitution, is not fully protected in Antigua and Barbuda, and members of the government are known to frequently sue political opponents and independent media houses for defamation. Due to attacks on freedom of the press, self-censorship is common in the media, especially in the state-controlled Antigua Broadcasting Service. Antigua and Barbuda has been considered a democracy since 2004.
Constitutionally, the death penalty is legal, however, the constitution explicitly protects against inhumane punishment. Freedom of movement, assembly, and property are all protected under the constitution. The High Court legalized same-sex sexual activity in July 2022. Abortion is illegal in Antigua and Barbuda except to save the mother's life, although 72% of women have an abortion by age 44 and a High Court ruling is pending as of 2025 to legalise it. The court system is considered independent in Antigua and Barbuda, with the courts especially distancing themselves from the government since 2022. Trial by jury was largely abolished in 2024.


== Economy ==

Tourism dominates the economy, accounting for more than half of the gross domestic product (GDP). As a destination for the most affluent travelers, Antigua is well known for its extensive collection of five-star resorts. However, weaker tourist activity in lower and middle market segments since the beginning of the year 2000 has slowed the economy and put the government into a tight fiscal corner. Antigua and Barbuda has enacted policies to attract high-net-worth citizens and residents, such as abolishing personal income tax in 2016.
The provision of investment banking and financial services also constitutes a significant portion of the economy. Major international financial institutions such as the Royal Bank of Canada (RBC) and Scotiabank both maintain offices in Antigua. PriceWaterhouseCoopers, Pannell Kerr Forster, and KPMG are some of the other companies in the financial services industry that have offices in Antigua. In February 2009 the United States Securities and Exchange Commission leveled allegations against the Antigua-based Stanford International Bank, part of the Stanford Financial Group, which was owned by Texas billionaire Allen Stanford, of orchestrating a massive fraud that resulted in the theft of approximately $8 billion from investors. He was charged and arrested later that year. In March 2012 he was convicted and sentenced to life in prison.
The nation, which consists of two islands, directs the majority of its agricultural production toward the markets that are found within the nation. This is done despite the fact that the nation has a limited water supply and a shortage of laborers as a result of the higher wages offered in the tourism and construction industries.
Manufacturing comprises 2% of GDP and is made up of enclave-type assembly for export, the major products being bedding, handicrafts, and electronic components. Prospects for economic growth in the medium term will continue to depend on income growth in the industrialised world, especially in the United States, from which about one-third to one-half of all tourists come.
Access to biocapacity is lower than world average. In 2016, Antigua and Barbuda had 0.8 global hectares of biocapacity per person within its territory, much less than the world average of 1.6 global hectares per person. In 2016, Antigua and Barbuda used 4.3 global hectares of biocapacity per person – their ecological footprint of consumption. This means they use more biocapacity than Antigua and Barbuda contains. As a result, Antigua and Barbuda are running a biocapacity deficit.
The Citizenship by Investment Unit (CIU) is the government authority responsible for processing all applications for Agent's Licenses as well as all applications for Citizenship by Investment made by applicants and their family members. This unit was established by the Prime Minister and is known as the Citizenship by Investment Unit.


== Culture ==

The music of Antigua and Barbuda has some African characteristics, with minimal influence from European music, but the music is distinct. Records of music in Antigua and Barbuda dates back to Christopher Columbus' writings in 1493, when it was still home to Arawak and Carib people, still, very little research has been done on early music from the islands. African labourers are documented in history to have danced outside in the 1780s to the toombah (later tum tum), a drum adorned with tin and shell jingles, and the banjar (later bangoe, maybe related to the European banjo). Antigua's indigenous music, known as Benna, came into being after slavery was abolished. Benna uses a call-and-response format, and its audience is typically interested in obscene gossip and rumours. Benna was widely utilised as a popular communication tool by the beginning of the 20th century, disseminating information around the island.
Benna has long been eclipsed by Calypso and increasingly Soca, which includes South Asian rhythms.
The art of Antigua and Barbuda began with the Arawak people. Their artwork included pictographs and petroglyphs. These geometric shapes, animals, and plant artworks are said to have been used for ceremonial or religious purposes. Painting, sculpture, and ceramics were among the artistic traditions that European settlers brought to Antigua and Barbuda. Local painters used European art forms to produce Antiguan and Barbudan art in their own unique styles. Social issues, nature, and Caribbean identity were the subjects of this artwork. Traditional crafts from Antigua and Barbuda include scrimshaw, pottery, sculptures, ethnic dolls, and photography.
Every year, on the island of Antigua, people celebrate their freedom from slavery with the Antigua Carnival modelled after European pre-Lent Carnival. Over thirteen days, there are brightly coloured costumes, talent events, beauty pageants and music. The celebration runs from late July to Carnival Tuesday, the first Tuesday in August. On the island, Carnival Tuesday and Monday are both observed as public holidays. In an effort to boost travel to Antigua and Barbuda, the Old Time Christmas Festival was replaced in 1957 by the Antiguan Carnival. Another annual festival held in Antigua is Antigua Sailing Week. Sailing Week is a week-long yacht regatta held in the waters of English Harbour. Sailing Week was founded in 1967 and is known for being one of the top regattas in the world. The main festival held in Barbuda is Caribana. Caribana takes place every year during Whit Monday weekend and features various pageants, calypso competitions, and weekend beach parties.
Antigua and Barbuda has eleven public holidays. On the advice of the Cabinet, the Governor-General may also proclaim other holidays. Historically, about three weeks before Christmas Day, carol singers would roam the various villages, carrying carol trees and lanterns. ""John Bulls"" are replicas of ""masked African witch doctors"", that often dominated the country's Christmas festivities. Jazz bands were also common sights, dressed in red and green clown costumes.


=== Cuisine ===
 The islands' cuisine is mostly of European origin (UK and Portugal) with regional ingredients. Fungee (pronounced ""foon-jee"") and pepperpot are the national dishes. Fungee is a cornmeal-based dish that resembles polenta  Other national foods include saltfish (cod), lobster (from Barbuda), ducana (a sweet dumpling made from sweet potatoes and coconut), and seasoned rice, similar to Palau or arroz con pollo. Additionally, there are confections such as peanut brittle, sugar cake (made from coconut and sugar), fudge, and raspberry (local) and tamarind stew (sauce). The Antigua black pineapple is prized for its juicy, sweet flesh. It is a well-liked fruit in the area and is included in many regional specialties and sweets. It is said to be the sweetest variety of pineapple.
An important part of the Antiguan and Barbudan breakfast is Antigua Sunday bread. It is sold in many bakeries on both islands, and instead of being made with butter, it is made with lard. There are often decorative twists on the crust of the bread. Antiguan raisin buns, often called ""bun and cheese"", is another traditional bread, which is sweet and most popular during Easter. It is sometimes made with spices such as nutmeg.


=== Sport ===

Cricket is the most popular sport within the islands. With Sir Isaac Vivian Alexander Richards  who represented the West Indies cricket team between 1974 and 1991, Antigua had one of the world's most famous batsmen ever. The Antigua and Barbuda national cricket team represented the country at the 1998 Commonwealth Games, but Antiguan cricketers otherwise play for the Leeward Islands cricket team in domestic matches and the West Indies cricket team internationally. Teams from the various villages and parishes compete in the Parish League.
Association football is the second most popular sport in the country, with the Antigua and Barbuda national football team being founded in 1928.


== See also ==

Outline of Antigua and Barbuda
Index of Antigua and Barbuda–related articles


== Notes ==


== References ==


== Further reading ==
Nicholson, Desmond V., Antigua, Barbuda, and Redonda: A Historical Sketch, St. Johns, Antigua: Antigua and Barbuda Museum, 1991.
Dyde, Brian, A History of Antigua: The Unsuspected Isle, London: Macmillan Caribbean, 2000.
Gaspar, David Barry – Bondmen & Rebels: A Study of Master-Slave Relations in Antigua, with Implications for Colonial America.
Harris, David R. – Plants, Animals, and Man in the Outer Leeward Islands, West Indies. An Ecological Study of Antigua, Barbuda, and Anguilla.
Henry, Paget – Peripheral Capitalism and Underdevelopment in Antigua.
Lazarus-Black, Mindie – Legitimate Acts and Illegal Encounters: Law and Society in Antigua and Barbuda.
Riley, J. H. – Catalogue of a Collection of Birds from Barbuda and Antigua, British West Indies.
Rouse, Irving and Birgit Faber Morse – Excavations at the Indian Creek Site, Antigua, West Indies.
Thomas Hearne. Southampton.


== External links ==

The Official Website of the Government of Antigua and Barbuda
 Wikimedia Atlas of Antigua and Barbuda
Antigua and Barbuda, United States Library of Congress
Antigua and Barbuda. The World Factbook. Central Intelligence Agency.
Antigua and Barbuda from UCB Libraries GovPubs
Antigua and Barbuda from the BBC News
World Bank's country data profile for Antigua and Barbuda
ArchaeologyAntigua.org – 2010March13 source of archaeological information for Antigua and Barbuda
Antigua & Barbuda Official Business Hub"
Argentina,"Argentina, officially the Argentine Republic, is a country in the southern half of South America. It covers an area of 2,780,085 km2 (1,073,397 sq mi), making it the second-largest country in South America after Brazil, the fourth-largest country in the Americas, and the eighth-largest country in the world. Argentina shares the bulk of the Southern Cone with Chile to the west, and is also bordered by Bolivia and Paraguay to the north, Brazil to the northeast, Uruguay and the South Atlantic Ocean to the east, and the Drake Passage to the south. Argentina is a federal state subdivided into twenty-three provinces, and one autonomous city, which is the federal capital and largest city of the nation, Buenos Aires. The provinces and the capital have their own constitutions, but exist under a federal system. Argentina claims sovereignty over the Falkland Islands, South Georgia and the South Sandwich Islands, the Southern Patagonian Ice Field, and a part of Antarctica.
The earliest recorded human presence in modern-day Argentina dates back to the Paleolithic period. The Inca Empire expanded to the northwest of the country in pre-Columbian times. The modern country has its roots in Spanish colonization of the region during the 16th century. Argentina rose as the successor state of the Viceroyalty of the Río de la Plata, a Spanish overseas viceroyalty founded in 1776. The Argentine Declaration of Independence on July 9 of 1816 and the Argentine War of Independence (1810–1825) were followed by an extended civil war that lasted until 1880, culminating in the country's reorganization as a federation. The country thereafter enjoyed relative peace and stability, with several subsequent waves of European immigration, mainly of Italians and Spaniards, influencing its culture and demography.
The National Autonomist Party dominated national politics in the period called the Conservative Republic, from 1880 until the 1916 elections. The Great Depression led to the first coup d'état in 1930 led by José Félix Uriburu, beginning the so-called ""Infamous Decade"" (1930–1943). After that coup, four more followed in 1943, 1955, 1962, and 1966. Following the death of President Juan Perón in 1974, his widow and vice president, Isabel Perón, ascended to the presidency, before being overthrown in the final coup in 1976. The following military junta persecuted and murdered thousands of political critics, activists, and leftists in the Dirty War, a period of state terrorism and civil unrest that lasted until the election of Raúl Alfonsín as president in 1983.
Argentina is a regional power, and retains its historic status as a middle power in international affairs. A major non-NATO ally of the United States, Argentina is a developing country with the second-highest HDI (human development index) in Latin America after Chile. It maintains the second-largest economy in South America, and is a member of G-15 and G20. Argentina is also a founding member of the United Nations, World Bank, World Trade Organization, Mercosur, Community of Latin American and Caribbean States and the Organization of Ibero-American States.


== Etymology ==

The description of the region by the word Argentina has been found on a Venetian map in 1536.
In English, the name Argentina comes from the Spanish language; however, the naming itself is not Spanish, but Italian. Argentina (masculine argentino) means in Italian '(made) of silver, silver coloured', derived from the Latin argentum for silver. In Italian, the adjective or the proper noun is often used in an autonomous way as a substantive and replaces it and it is said l'Argentina.
The name Argentina was probably first given by the Venetian and Genoese navigators, such as Giovanni Caboto. In Spanish and Portuguese, the words for 'silver' are respectively plata and prata and '(made) of silver' is plateado and prateado, although argento for 'silver' and argentado for 'covered in silver' exist in Spanish. Argentina was first associated with the silver mountains legend, widespread among the first European explorers of the La Plata Basin.
The first written use of the name in Spanish can be traced to La Argentina, a 1602 poem by Martín del Barco Centenera describing the region. Although ""Argentina"" was already in common usage by the 18th century, the country was formally named ""Viceroyalty of the Río de la Plata"" by the Spanish Empire, and ""United Provinces of the Río de la Plata"" after independence.
The 1826 constitution included the first use of the name ""Argentine Republic"" in legal documents. The name ""Argentine Confederation"" was also commonly used and was formalized in the Argentine Constitution of 1853. In 1860 a presidential decree settled the country's name as ""Argentine Republic"", and that year's constitutional amendment ruled all the names since 1810 as legally valid.
In English, the country was traditionally called ""the Argentine"", mimicking the typical Spanish usage la Argentina and perhaps resulting from a mistaken shortening of the fuller name 'Argentine Republic'. 'The Argentine' fell out of fashion during the mid-to-late 20th century, and now the country is referred to as ""Argentina"".


== History ==


=== Pre-Columbian era ===

Evidence suggests that humans inhabited what is now Argentina as early as 21,000 years ago. In 2015, fossilized bones of a large, extinct armored mammal called Neosclerocalyptus were unearthed near Buenos Aires. These bones bore cut marks indicative of butchering with stone tools, implying human activity during the Last Glacial Maximum.  Further south, the Piedra Museo site in Santa Cruz Province has yielded human remains and artifacts dating back approximately 11,000 years. Discoveries at this site include spearheads associated with extinct megafauna such as Mylodon and Hippidion, highlighting the advanced hunting practices of early inhabitants. Another significant site is the Cueva de las Manos (Cave of the Hands), also located in Santa Cruz. This cave features stenciled handprints and hunting scenes created between 7,300 BC and 700 AD, offering insights into the lives of early hunter-gatherer communities.
Until the period of European colonization, Argentina was relatively sparsely populated by a wide number of diverse cultures with different social organizations, which can be divided into three main groups. The first group are basic hunters and food gatherers without the development of pottery, such as the Selkʼnam and Yaghan in the extreme south. The second group are advanced hunters and food gatherers which include the Puelche, Querandí and Serranos in the centre-east; and the Tehuelche in the south—all of them conquered by the Mapuche spreading from Chile—and the Kom and Wichi in the north. The last group are farmers with pottery, such as the Charrúa, Minuane and Guaraní in the northeast, with slash and burn semisedentary existence; the advanced Diaguita sedentary trading culture in the northwest, which was conquered by the Inca Empire around 1480; the Tonocoté and Hênîa and Kâmîare in the country's centre, and the Huarpe in the centre-west, a culture that raised llama cattle and was strongly influenced by the Incas.


=== Colonial era ===

Europeans first arrived in the region with the 1502 voyage of Amerigo Vespucci. The Spanish navigators Juan Díaz de Solís and Sebastian Cabot visited the territory that is now Argentina in 1516 and 1526, respectively. In 1536 Pedro de Mendoza founded the small settlement of Buenos Aires, which was abandoned in 1541.
Further colonization efforts came from Paraguay—establishing the Governorate of the Río de la Plata—Peru and Chile. Francisco de Aguirre founded Santiago del Estero in 1553. Londres was founded in 1558; Mendoza, in 1561; San Juan, in 1562; San Miguel de Tucumán, in 1565. Juan de Garay founded Santa Fe in 1573 and the same year Jerónimo Luis de Cabrera set up Córdoba. Garay went further south to re-found Buenos Aires in 1580. San Luis was established in 1596.
The Spanish Empire subordinated the economic potential of the Argentine territory to the immediate wealth of the silver and gold mines in Bolivia and Peru, and as such it became part of the Viceroyalty of Peru until the creation of the Viceroyalty of the Río de la Plata in 1776 with Buenos Aires as its capital.
Buenos Aires repelled two ill-fated British invasions in 1806 and 1807. The ideas of the Age of Enlightenment and the example of the first Atlantic Revolutions generated criticism of the absolutist monarchy that ruled the country. As in the rest of Spanish America, the overthrow of Ferdinand VII during the Peninsular War created great concern.


=== Independence and civil wars ===

Beginning a process from which Argentina was to emerge as successor state to the Viceroyalty, the 1810 May Revolution replaced the viceroy Baltasar Hidalgo de Cisneros with the First Junta, a new government in Buenos Aires made up from locals. In the first clashes of the Independence War the Junta crushed a royalist counter-revolution in Córdoba, but failed to overcome those of the Banda Oriental, Upper Peru and Paraguay, which later became independent states. The French-Argentine Hippolyte Bouchard then brought his fleet to wage war against Spain overseas and attacked Spanish California, Spanish Peru and Spanish Philippines. He secured the allegiance of escaped Filipinos in San Blas who defected from the Spanish to join the Argentine navy, due to common Argentine and Philippine grievances against Spanish colonization. Jose de San Martin's brother, Juan Fermín de San Martín, was already in the Philippines and drumming up revolutionary fervor prior to this. At a later date, the Argentine sign of Inca origin, the Sun of May was adopted as a symbol by the Filipinos in the Philippine Revolution against Spain. He also secured the diplomatic recognition of Argentina from King Kamehameha I of the Kingdom of Hawaii. Historian Pacho O'Donnell affirms that Hawaii was the first state that recognized Argentina's independence. He was finally arrested in 1819 by Chilean patriots.
Revolutionaries split into two antagonist groups: the Centralists and the Federalists—a move that would define Argentina's first decades of independence. The Assembly of the Year XIII appointed Gervasio Antonio de Posadas as Argentina's first Supreme Director.
On 9 July 1816, the Congress of Tucumán formalized the Declaration of Independence, which is now celebrated as Independence Day, a national holiday. One year later General Martín Miguel de Güemes stopped royalists on the north. General José de San Martín joined Bernardo O'Higgins, and they led a combined army across the Andes and secured the independence of Chile; then it was sent by O'Higgins orders to the Spanish stronghold of Lima and proclaimed the independence of Peru. In 1819 Buenos Aires enacted a centralist constitution that was soon abrogated by federalists.
Some of the most important figures of Argentine independence made a proposal known as the Inca plan of 1816, which proposed that the United Provinces of the Río de la Plata (Present Argentina) should be a monarchy, led by a descendant of the Inca. Juan Bautista Túpac Amaru (half-brother of Túpac Amaru II) was proposed as monarch. Some examples of those who supported this proposal were Manuel Belgrano, José de San Martín and Martín Miguel de Güemes. The Congress of Tucumán finally decided to reject the Inca plan, creating instead a republican, centralist state.
The 1820 Battle of Cepeda, fought between the Centralists and the Federalists, resulted in the end of the Supreme Director rule. In 1826 Buenos Aires enacted another centralist constitution, with Bernardino Rivadavia being appointed as the first president of the country. However, the interior provinces soon rose against him, forced his resignation and discarded the constitution. Centralists and Federalists resumed the civil war; the latter prevailed and formed the Argentine Confederation in 1831, led by Juan Manuel de Rosas. During his regime he faced a French blockade (1838–1840), the War of the Confederation (1836–1839), and an Anglo-French blockade (1845–1850), but remained undefeated and prevented further loss of national territory. His trade restriction policies, however, angered the interior provinces and in 1852 Justo José de Urquiza, another powerful caudillo, beat him out of power. As the new president of the Confederation, Urquiza enacted the liberal and federal 1853 Constitution. Buenos Aires seceded but was forced back into the Confederation after being defeated in the 1859 Battle of Cepeda.


=== Rise of the modern nation ===

Overpowering Urquiza in the 1861 Battle of Pavón, Bartolomé Mitre secured Buenos Aires' predominance and was elected as the first president of the reunified country. He was followed by Domingo Faustino Sarmiento and Nicolás Avellaneda; these three presidencies set up the basis of the modern Argentine State.
Starting with Julio Argentino Roca in 1880, ten consecutive federal governments emphasized liberal economic policies. The massive wave of European immigration they promoted—second only to the United States'—led to a near-reinvention of Argentine society and economy that by 1908 had placed the country as the seventh wealthiest developed nation in the world. Driven by this immigration wave and decreasing mortality, the Argentine population grew fivefold and the economy 15-fold: from 1870 to 1910, Argentina's wheat exports went from 100,000 to 2,500,000 t (110,000 to 2,760,000 short tons) per year, while frozen beef exports increased from 25,000 to 365,000 t (28,000 to 402,000 short tons) per year, placing Argentina as one of the world's top five exporters. Its railway mileage rose from 503 to 31,104 km (313 to 19,327 mi). Fostered by a new public, compulsory, free and secular education system, literacy quickly increased from 22% to 65%, a level higher than most Latin American nations would reach even fifty years later. Furthermore, real GDP grew so fast that despite the huge immigration influx, per capita income between 1862 and 1920 went from 67% of developed country levels to 100%: In 1865, Argentina was already one of the top 25 nations by per capita income. By 1908, it had surpassed Denmark, Canada and the Netherlands to reach 7th place—behind Switzerland, New Zealand, Australia, the United States, the United Kingdom and Belgium. Argentina's per capita income was 70% higher than Italy's, 90% higher than Spain's, 180% higher than Japan's and 400% higher than Brazil's. Despite these unique achievements, the country was slow to meet its original goals of industrialization: after the steep development of capital-intensive local industries in the 1920s, a significant part of the manufacturing sector remained labour-intensive in the 1930s.

Between 1878 and 1884, the so-called Conquest of the Desert occurred, with the purpose of tripling the Argentine territory by means of the constant confrontations between natives and Criollos in the border, and the appropriation of the indigenous territories. The first conquest consisted of a series of military incursions into the Pampa and Patagonian territories dominated by the indigenous peoples, distributing them among the members of the Sociedad Rural Argentina, financiers of the expeditions. The conquest of Chaco lasted up to the end of the century, since its full ownership of the national economic system only took place when the mere extraction of wood and tannin was replaced by the production of cotton. The Argentine government considered indigenous people as inferior beings, without the same rights as Criollos and Europeans.
In 1912, President Roque Sáenz Peña enacted universal and secret male suffrage, which allowed Hipólito Yrigoyen, leader of the Radical Civic Union (or UCR), to win the 1916 election. He enacted social and economic reforms and extended assistance to small farms and businesses. Argentina stayed neutral during World War I. The second administration of Yrigoyen faced an economic crisis, precipitated by the Great Depression.

In 1930, Yrigoyen was ousted from power by the military led by José Félix Uriburu. Although Argentina remained among the fifteen richest countries until mid-century, this coup d'état marks the start of the steady economic and social decline that pushed the country back into underdevelopment.
Uriburu ruled for two years; then Agustín Pedro Justo was elected in a fraudulent election, and signed a controversial treaty with the United Kingdom. Argentina stayed neutral during World War II, a decision that had full British support but was rejected by the United States after the attack on Pearl Harbor. In 1943 a military coup d'état led by General Arturo Rawson toppled the constitutional government of Ramón Castillo. Under pressure from the United States, later Argentina declared war on the Axis Powers (on 27 March 1945, roughly a month before the end of World War II in Europe).
During the Rawson dictatorship a relatively unknown military colonel named Juan Perón was named head of the Labour Department. Perón quickly managed to climb the political ladder, being named defence minister in 1944. Being perceived as a political threat by rivals in the military and the conservative camp, he was forced to resign in 1945, and was arrested days later. He was finally released under mounting pressure from both his base and several allied unions. He later became president after a landslide victory over the UCR in the 1946 general election as the Labour candidate.


=== Peronist years ===

The Labour Party (later renamed Justicialist Party), the most powerful and influential party in Argentine history, came into power with the rise of Juan Perón to the presidency in 1946. He nationalized strategic industries and services, improved wages and working conditions, paid the full external debt and claimed he achieved nearly full employment. He pushed Congress to enact women's suffrage in 1947, and developed a system of social assistance for the most vulnerable sectors of society. The economy began to decline in 1950 due in part to government expenditures and the protectionist economic policies.
He also engaged in a campaign of political suppression. Anyone who was perceived to be a political dissident or potential rival was subject to threats, physical violence and harassment. The Argentine intelligentsia, the middle-class, university students, and professors were seen as particularly troublesome. Perón fired over 2,000 university professors and faculty members from all major public education institutions.
Perón tried to bring most trade and labour unions under his thumb, regularly resorting to violence when needed. For instance, the meat-packers union leader, Cipriano Reyes, organized strikes in protest against the government after elected labour movement officials were forcefully replaced by Peronist puppets from the Peronist Party. Reyes was soon arrested on charges of terrorism, though the allegations were never substantiated. Reyes, who was never formally charged, was tortured in prison for five years and only released after the regime's downfall in 1955.
Perón managed to get re-elected in 1951. His wife Eva Perón, who played a critical role in the party, died of cancer in 1952. As the economy continued to tank, Perón started losing popular support, and came to be seen as a threat to the national process. The Navy took advantage of Perón's withering political power, and bombed the Plaza de Mayo in 1955. Perón survived the attack, but a few months later, during the Liberating Revolution coup, he was deposed and went into exile in Spain.


=== Revolución Libertadora ===

The new head of State, Pedro Eugenio Aramburu, proscribed Peronism and banned the party from any future elections. Arturo Frondizi from the UCR won the 1958 general election. He encouraged investment to achieve energetic and industrial self-sufficiency, reversed a chronic trade deficit and lifted the ban on Peronism; yet his efforts to stay on good terms with both the Peronists and the military earned him the rejection of both and a new coup forced him out. Amidst the political turmoil, Senate leader José María Guido reacted swiftly and applied anti-power vacuum legislation, ascending to the presidency himself; elections were repealed and Peronism was prohibited once again. Arturo Illia was elected in 1963 and led an increase in prosperity across the board; however he was overthrown in 1966 by another military coup d'état led by General Juan Carlos Onganía in the self-proclaimed Argentine Revolution, creating a new military government that sought to rule indefinitely.


=== Perón's return and death ===
Following several years of military rule, Alejandro Agustín Lanusse was appointed president by the military junta in 1971. Under increasing political pressure for the return of democracy, Lanusse called for elections in 1973. Perón was banned from running but the Peronist party was allowed to participate. The presidential elections were won by Perón's surrogate candidate, Hector Cámpora, a left-wing Peronist, who took office on 25 May 1973. A month later, in June, Perón returned from Spain. One of Cámpora's first presidential actions was to grant amnesty to members of organizations that had carried out political assassinations and terrorist attacks, and to those who had been tried and sentenced to prison by judges. Cámpora's months-long tenure in government was beset by political and social unrest. Over 600 social conflicts, strikes, and factory occupations took place within a single month. Even though far-left terrorist organizations had suspended their armed struggle, their joining with the participatory democracy process was interpreted as a direct threat by the Peronist right-wing faction.
Amid a state of political, social, and economic upheaval, Cámpora and Vice President Vicente Solano Lima resigned in July 1973, calling for new elections, but this time with Perón as the Justicialist Party nominee. Perón won the election with his wife Isabel Perón as vice president. Perón's third term was marked by escalating conflict between left and right-wing factions within the Peronist party, as well as the return of armed terror guerrilla groups such as the Guevarist ERP, leftist Peronist Montoneros, and the state-backed far-right Triple A. After a series of heart attacks and signs of pneumonia in 1974, Perón's health deteriorated quickly. He suffered a final heart attack on Monday, 1 July 1974, and died at 13:15. He was 78 years old. After his death, Isabel Perón, his wife and vice president, succeeded him in office. During her presidency, a military junta, along with the Peronists' far-right fascist faction, once again became the de facto head of state. Isabel Perón served as President of Argentina from 1974 until 1976, when she was ousted by the military. Her short presidency was marked by the collapse of Argentine political and social systems, leading to a constitutional crisis that paved the way for a decade of instability, left-wing terrorist guerrilla attacks, and state-sponsored terrorism.


=== National Reorganization Process ===

The ""Dirty War"" (Spanish: Guerra Sucia) was part of Operation Condor, which included the participation of other right-wing dictatorships in the Southern Cone. The Dirty War involved state terrorism in Argentina and elsewhere in the Southern Cone against political dissidents, with military and security forces employing urban and rural violence against left-wing guerrillas, political dissidents, and anyone believed to be associated with socialism or somehow contrary to the neoliberal economic policies of the regime. Victims of the violence in Argentina alone included an estimated 15,000 to 30,000 left-wing activists and militants, including trade unionists, students, journalists, Marxists, Peronist guerrillas, and alleged sympathizers. Most of the victims were casualties of state terrorism. The opposing guerrillas' victims numbered nearly 500–540 military and police officials and up to 230 civilians. Argentina received technical support and military aid from the United States government during the Johnson, Nixon, Ford, Carter, and Reagan administrations.
The exact chronology of the repression is still debated, yet the roots of the long political war may have started in 1969 when trade unionists were targeted for assassination by Peronist and Marxist paramilitaries. Individual cases of state-sponsored terrorism against Peronism and the left can be traced back even further to the Bombing of Plaza de Mayo in 1955. The Trelew massacre of 1972, the actions of the Argentine Anticommunist Alliance commencing in 1973, and Isabel Perón's ""annihilation decrees"" against left-wing guerrillas during Operativo Independencia (Operation Independence) in 1975, are also possible events signaling the beginning of the Dirty War.
Onganía shut down Congress, banned all political parties, and dismantled student and worker unions. In 1969, popular discontent led to two massive protests: the Cordobazo and the Rosariazo. The terrorist guerrilla organization Montoneros kidnapped and executed Aramburu. The newly chosen head of government, Alejandro Agustín Lanusse, seeking to ease the growing political pressure, allowed Héctor José Cámpora to become the Peronist candidate instead of Perón. Cámpora won the March 1973 election, issued pardons for condemned guerrilla members, and then secured Perón's return from his exile in Spain.

On the day Perón returned to Argentina, the clash between Peronist internal factions—right-wing union leaders and left-wing youth from the Montoneros—resulted in the Ezeiza Massacre. Overwhelmed by political violence, Cámpora resigned and Perón won the following September 1973 election with his third wife Isabel as vice-president. He expelled Montoneros from the party and they became once again a clandestine organization. José López Rega organized the Argentine Anticommunist Alliance (AAA) to fight against them and the People's Revolutionary Army (ERP).
Perón died in July 1974 and was succeeded by his wife, who signed a secret decree empowering the military and the police to ""annihilate"" the left-wing subversion, stopping ERP's attempt to start a rural insurgence in Tucumán province. Isabel Perón was ousted one year later by a junta of the combined armed forces, led by army general Jorge Rafael Videla. They initiated the National Reorganization Process, often shortened to Proceso.
The Proceso shut down Congress, removed the judges on the Supreme Court, banned political parties and unions, and resorted to employing the forced disappearance of suspected guerrilla members including individuals suspected of being associated with the left-wing. By the end of 1976, the Montoneros had lost nearly 2,000 members and by 1977, the ERP was completely subdued. Nevertheless, the severely weakened Montoneros launched a counterattack in 1979, which was quickly put down, effectively ending the guerrilla threat and securing the junta's position in power.
In March 1982, an Argentine force took control of the British territory of South Georgia and, on 2 April, Argentina invaded the Falkland Islands. The United Kingdom dispatched a task force to regain possession. Argentina surrendered on 14 June and its forces were taken home. Street riots in Buenos Aires followed the humiliating defeat and the military leadership stood down. Reynaldo Bignone replaced Galtieri and began to organize the transition to democratic governance.


=== Return to democracy ===

Raúl Alfonsín won the 1983 elections campaigning for the prosecution of those responsible for human rights violations during the Proceso: the Trial of the Juntas and other martial courts sentenced all the coup's leaders but, under military pressure, he also enacted the Full Stop and Due Obedience laws, which halted prosecutions further down the chain of command. The worsening economic crisis and hyperinflation reduced his popular support and the Peronist Carlos Menem won the 1989 election. Soon after, riots forced Alfonsín to an early resignation.

Menem embraced and enacted neoliberal policies: a fixed exchange rate, business deregulation, privatizations, and the dismantling of protectionist barriers normalized the economy in the short term. He pardoned the officers who had been sentenced during Alfonsín's government. The 1994 Constitutional Amendment allowed Menem to be elected for a second term. With the economy beginning to decline in 1995, and with increasing unemployment and recession, the UCR, led by Fernando de la Rúa, returned to the presidency in the 1999 elections.
De la Rúa left Menem's economic plan in effect despite the worsening crisis, which led to growing social discontent. Massive capital flight from the country was responded to with a freezing of bank accounts, generating further turmoil. The December 2001 riots forced him to resign. Congress appointed Eduardo Duhalde as acting president, who revoked the fixed exchange rate established by Menem, causing many working- and middle-class Argentines to lose a significant portion of their savings. By late 2002, the economic crisis began to recede, but the assassination of two piqueteros by the police caused political unrest, prompting Duhalde to move elections forward. Néstor Kirchner was elected as the new president. On 26 May 2003, he was sworn in.

Boosting the neo-Keynesian economic policies laid by Duhalde, Kirchner ended the economic crisis attaining significant fiscal and trade surpluses, and rapid GDP growth. Under his administration, Argentina restructured its defaulted debt with an unprecedented discount of about 70% on most bonds, paid off debts with the International Monetary Fund, purged the military of officers with dubious human rights records, nullified and voided the Full Stop and Due Obedience laws, ruled them as unconstitutional, and resumed legal prosecution of the Junta's crimes. He did not run for reelection, promoting instead the candidacy of his wife, senator Cristina Kirchner who won the 2007 and 2011 elections. During Kirchner's presidency she promoted foreign relations with countries such as Venezuela, Iran, and Cuba, whilst US and UK relations were increasingly strained. Despite increased renewable energy production and subsidies during her tenure, the overall economy had been sluggish since 2011.
On 22 November 2015, after a tie in the first round of presidential elections on 25 October, centre-right coalition candidate Mauricio Macri won the first ballotage in Argentina's history, beating Front for Victory candidate Daniel Scioli and becoming president-elect. Macri was the first democratically elected non-peronist president since 1916 that managed to complete his term in office without being overthrown. He took office on 10 December 2015 and inherited an economy with a high inflation rate and in a poor shape. In April 2016, the Macri government introduced neoliberal austerity measures intended to tackle inflation and overblown public deficits. Under Macri's administration, economic recovery remained elusive with GDP shrinking 3.4%, inflation totaling 240%, billions of US dollars issued in sovereign debt, and mass poverty increasing by the end of his term. He ran for re-election in 2019 but lost by nearly eight percentage points to Alberto Fernández, the Justicialist Party candidate.

Fernández and vice president Cristina Kirchner took office in December 2019, just months before the COVID-19 pandemic hit Argentina and among accusations of corruption, bribery and misuse of public funds during Néstor and Cristina Kirchner's presidencies. In November 2021, the centre-left coalition of Argentina's ruling Peronist party,  Frente de Todos (Front for Everyone), lost its majority in Congress, for the first time in almost 40 years, in midterm legislative elections. The election victory of the centre-right coalition, Juntos por el Cambio (Together for Change) limited Fernández' power during his final two years in office. Losing control of the Senate made it difficult for him to make key appointments, including to the judiciary. It also forced him to negotiate with the opposition on every initiative send to the legislature.
In April 2023, Fernández announced that he would not seek re-election in the next presidential election. The November 2023 election run-off ended in a win for libertarian outsider Javier Milei with 55.7% of the vote against 44.4% to ruling coalition candidate Sergio Massa. Milei's presidency began on 10 December 2023.


== Geography ==

With a mainland surface area of 2,780,400 km2 (1,073,518 sq mi), Argentina is located in southern South America, sharing land borders with Chile across the Andes to the west; Bolivia and Paraguay to the north; Brazil to the northeast, Uruguay and the South Atlantic Ocean to the east; and the Drake Passage to the south; for an overall land border length of 9,376 km (5,826 mi). Its coastal border over the Río de la Plata and South Atlantic Ocean is 5,117 km (3,180 mi) long.
Argentina's highest point is Aconcagua in the Mendoza province (6,959 m (22,831 ft) above sea level), also the highest point in the Southern and Western Hemispheres. The lowest point is Laguna del Carbón in the San Julián Great Depression Santa Cruz province (−105 m (−344 ft) below sea level, also the lowest point in the Southern and Western Hemispheres, and the seventh lowest point on Earth).
The northernmost point is at the confluence of the Grande de San Juan and Mojinete rivers in Jujuy province; the southernmost is Cape San Pío in Tierra del Fuego province; the easternmost is northeast of Bernardo de Irigoyen, Misiones and the westernmost is within Los Glaciares National Park in Santa Cruz province. The maximum north–south distance is 3,694 km (2,295 mi), while the maximum east–west one is 1,423 km (884 mi).
Some of the major rivers are the Paraná, Uruguay—which join to form the Río de la Plata, Paraguay, Salado, Negro, Santa Cruz, Pilcomayo, Bermejo and Colorado. These rivers are discharged into the Argentine Sea, the shallow area of the Atlantic Ocean over the Patagonian Shelf, an unusually wide continental platform. Its waters are influenced by two major ocean currents: the warm Brazil Current and the cold Falklands Current.


=== Biodiversity ===

Argentina is one of the most biodiverse countries in the world hosting one of the greatest ecosystem varieties in the world: 15 continental zones, 2 marine zones, and the Antarctic region are all represented in its territory. This huge ecosystem variety has led to a biological diversity that is among the world's largest: 9,372 catalogued vascular plant species (ranked 24th); 1,038 catalogued bird species (ranked 14th); 375 catalogued mammal species (ranked 12th); 338 catalogued reptilian species (ranked 16th); and 162 catalogued amphibian species (ranked 19th).
In Argentina forest cover is around 10% of the total land area, equivalent to 28,573,000 hectares (ha) of forest in 2020, down from 35,204,000 hectares (ha) in 1990. In 2020, naturally regenerating forest covered 27,137,000 hectares (ha) and planted forest covered 1,436,000 hectares (ha). Of the naturally regenerating forest 0% was reported to be primary forest (consisting of native tree species with no clearly visible indications of human activity) and around 7% of the forest area was found within protected areas. For the year 2015, 0% of the forest area was reported to be under public ownership, 4% private ownership and 96% with ownership listed as other or unknown.
The original pampa had virtually no trees; some imported species such as the American sycamore or eucalyptus are present along roads or in towns and country estates (estancias). The only tree-like plant native to the pampa is the evergreen Ombú. The surface soils of the pampa are a deep black colour, primarily mollisols, known commonly as humus. This makes the region one of the most agriculturally productive on Earth; however, this is also responsible for decimating much of the original ecosystem, to make way for commercial agriculture. The western pampas receive less rainfall, this dry pampa is a plain of short grasses or steppe.
The National Parks of Argentina make up a network of 35 national parks in Argentina. The parks cover a very varied set of terrains and biotopes, from Baritú National Park on the northern border with Bolivia to Tierra del Fuego National Park in the far south of the continent. The Administración de Parques Nacionales (National Parks Administration) is the agency that preserves and manages these national parks along with Natural monuments and National Reserves within the country. Argentina had a 2018 Forest Landscape Integrity Index mean score of 7.21/10, ranking it 47th globally out of 172 countries.


=== Climate ===

In general, Argentina has four main climate types: warm humid subtropical, moderate humid subtropical, arid, and cold, all determined by the expanse across latitude, range in altitude, and relief features. Although the most populated areas are generally temperate, Argentina has an exceptional amount of climate diversity, ranging from subtropical in the north to polar in the far south. Consequently, there is a wide variety of biomes in the country, including Subtropical rainforests, semi-arid and arid regions, temperate plains in the Pampas, and cold subantarctic in the south. The average annual precipitation ranges from 150 millimetres (6 in) in the driest parts of Patagonia to over 2,000 millimetres (79 in) in the westernmost parts of Patagonia and the northeastern parts of the country. Mean annual temperatures range from 5 °C (41 °F) in the far south to 25 °C (77 °F) in the north.
Major wind currents include the cool Pampero Winds blowing on the flat plains of Patagonia and the Pampas; following the cold front, warm currents blow from the north in middle and late winter, creating mild conditions.
The Sudestada usually moderates cold temperatures but brings very heavy rains, rough seas and coastal flooding. It is most common in late autumn and winter along the central coast and in the Río de la Plata estuary.
The Zonda, a hot dry wind, affects Cuyo and the central Pampas. Squeezed of all moisture during the 6,000 m (19,685 ft) descent from the Andes, Zonda winds can blow for hours with gusts up to 120 km/h (75 mph), fueling wildfires and causing damage; between June and November, when the Zonda blows, snowstorms and blizzard (viento blanco) conditions usually affect higher elevations.
Climate change in Argentina is predicted to have significant effects on the living conditions in Argentina. The climate of Argentina is changing with regards to precipitation patterns and temperatures. The highest increases in precipitation (from the period 1960–2010) have occurred in the eastern parts of the country. The increase in precipitation has led to more variability in precipitation from year to year in the northern parts of the country, with a higher risk of prolonged droughts, disfavouring agriculture in these regions.


== Politics ==

In the 20th century, Argentina experienced significant political turmoil and democratic reversals. Between 1930 and 1976, the armed forces overthrew six governments in Argentina; and the country alternated periods of democracy (1912–1930, 1946–1955, and 1973–1976) with periods of restricted democracy and military rule. Following a transition that began in 1983, full-scale democracy in Argentina was reestablished. Argentina's democracy endured through the 2001–02 crisis and to the present day; it is regarded as more robust than both its pre-1983 predecessors and other democracies in Latin America. According to the V-Dem Democracy indices, Argentina in 2023 was the second most electoral democratic country in Latin America.


=== Government ===

Argentina is a federal constitutional republic and representative democracy. The government is regulated by a system of checks and balances defined by the Constitution of Argentina, the country's supreme legal document. The seat of government is the city of Buenos Aires, as designated by Congress. Suffrage is universal, equal, secret and mandatory.
The federal government is composed of three branches. The Legislative branch consists of the bicameral Congress, made up of the Senate and the Chamber of Deputies. The Congress makes federal law, declares war, approves treaties and has the power of the purse and of impeachment, by which it can remove sitting members of the government. The Chamber of Deputies represents the people and has 257 voting members elected to a four-year term. Seats are apportioned among the provinces by population every tenth year. As of 2014 ten provinces have just five deputies while the Buenos Aires Province, being the most populous one, has 70. The Chamber of Senators represents the provinces, and has 72 members elected at-large to six-year terms, with each province having three seats; one-third of Senate seats are up for election every other year. At least one-third of the candidates presented by the parties must be women.
In the Executive branch, the President is the commander-in-chief of the military, can veto legislative bills before they become law—subject to Congressional override—and appoints the members of the Cabinet and other officers, who administer and enforce federal laws and policies. The President is elected directly by the vote of the people, serves a four-year term and may be elected to office no more than twice in a row.
The Judicial branch includes the Supreme Court and lower federal courts interpret laws and overturn those they find unconstitutional. The Judicial is independent of the Executive and the Legislative. The Supreme Court has seven members appointed by the President—subject to Senate approval—who serve for life. The lower courts' judges are proposed by the Council of Magistracy (a secretariat composed of representatives of judges, lawyers, researchers, the Executive and the Legislative), and appointed by the president on Senate approval.


=== Provinces ===

Argentina is a federation of twenty-three provinces and one autonomous city, Buenos Aires. Provinces are divided for administration purposes into departments and municipalities, except for Buenos Aires Province, which is divided into partidos. The City of Buenos Aires is divided into communes.
Provinces hold all the power that they chose not to delegate to the federal government; they must be representative republics and must not contradict the Constitution. Beyond this they are fully autonomous: they enact their own constitutions, freely organize their local governments, and own and manage their natural and financial resources. Some provinces have bicameral legislatures, while others have unicameral ones.
La Pampa and Chaco became provinces in 1951. Misiones did so in 1953, and Formosa, Neuquén, Río Negro, Chubut and Santa Cruz, in 1955. The last national territory, Tierra del Fuego, became the Tierra del Fuego, Antártida e Islas del Atlántico Sur Province in 1990. It has three components, although two are nominal because they are not under Argentine sovereignty. The first is the Argentine part of Tierra del Fuego; the second is an area of Antarctica claimed by Argentina that overlaps with similar areas claimed by the UK and Chile; the third comprises the two disputed British Overseas Territories of the Falkland Islands and South Georgia and the South Sandwich Islands.


=== Foreign relations ===

Foreign policy is handled by the Ministry of Foreign Affairs, International Trade and Worship, which answers to the President. The country is one of the G-15 and G-20 major economies of the world, and a founding member of the UN, WBG, WTO and OAS.
In 2012 Argentina was elected again to a two-year non-permanent position on the United Nations Security Council and is participating in major peacekeeping operations in Haiti, Cyprus, Western Sahara and the Middle East. Argentina is described as a middle power.
A prominent Latin American and Southern Cone regional power, Argentina co-founded OEI and CELAC.
It is also a founding member of the Mercosur block, having Brazil, Paraguay, Uruguay and Venezuela as partners. Since 2002 the country has emphasized its key role in Latin American integration, and the block—which has some supranational legislative functions—is its first international priority.
Argentina claims 965,597 km2 (372,819 sq mi) in Antarctica, where it has the world's oldest continuous state presence, since 1904. This overlaps claims by Chile and the United Kingdom, though all such claims fall under the provisions of the 1961 Antarctic Treaty, of which Argentina is a founding signatory and permanent consulting member, with the Antarctic Treaty Secretariat being based in Buenos Aires.
Argentina disputes sovereignty over the Falkland Islands, and South Georgia and the South Sandwich Islands, which are administered by the United Kingdom as Overseas Territories. Argentina is a party to the Rome Statute of the International Criminal Court. Argentina is a Major non-NATO ally since 1998 and an OECD candidate country since January 2022.


=== Armed forces ===

The president holds the title of commander-in-chief of the Argentine Armed Forces, as part of a legal framework that imposes a strict separation between national defence and internal security systems: The National Defence System, an exclusive responsibility of the federal government, coordinated by the Ministry of Defence, and comprising the Army, the Navy and the Air Force. Ruled and monitored by Congress through the Houses' Defence Committees, it is organized on the essential principle of legitimate self-defence: the repelling of any external military aggression in order to guarantee freedom of the people, national sovereignty, and territorial integrity. Its secondary missions include committing to multinational operations within the framework of the United Nations, participating in internal support missions, assisting friendly countries, and establishing a sub-regional defence system.
Military service is voluntary, with enlistment age between 18 and 24 years old and no conscription. Argentina's defence has historically been one of the best equipped in the region, even managing its own weapon research facilities, shipyards, ordnance, tank and plane factories. However, real military expenditures declined steadily after the defeat in the Falklands/Malvinas War and the defence budget in 2011 was only about 0.74% of GDP, a historical minimum, below the Latin American average. Within the defence budget itself, funding for training and even basic maintenance has been significantly cut, a factor contributing to the accidental loss of the Argentine submarine San Juan in 2017. The result has been a steady erosion of Argentine military capabilities, with some arguing that Argentina had, by the end of the 2010s, ceased to be a capable military power.
The Interior Security System is jointly administered by the federal and subscribing provincial governments. At the federal level it is coordinated by the Interior, Security and Justice ministries, and monitored by Congress. It is enforced by the Federal Police; the Prefecture, which fulfills coast guard duties; the Gendarmerie, which serves border guard tasks; and the Airport Security Police. At the provincial level it is coordinated by the respective internal security ministries and enforced by local police agencies.
Argentina was the only South American country to send warships and cargo planes in 1991 to the Gulf War under UN mandate and has remained involved in peacekeeping efforts in multiple locations such as UNPROFOR in Croatia/Bosnia, Gulf of Fonseca, UNFICYP in Cyprus (where among Army and Marines troops the Air Force provided the UN Air contingent since 1994) and MINUSTAH in Haiti. Argentina is the only Latin American country to maintain troops in Kosovo during SFOR (and later EUFOR) operations where combat engineers of the Argentine Armed Forces are embedded in an Italian brigade.
In 2007, an Argentine contingent including helicopters, boats and water purification plants was sent to help Bolivia against their worst floods in decades. In 2010 the Armed Forces were also involved in Haiti and Chile humanitarian responses after their respective earthquakes.


== Economy ==

Benefiting from rich natural resources, a highly literate population, a diversified industrial base, and an export-oriented agricultural sector, Argentina's economy is Latin America's third-largest, and the second-largest in South America. In 1913, Argentina was one of the wealthiest countries in the world by GDP per capita. It has a ""very high"" rating on the Human Development Index and ranks 66th by nominal GDP per capita, with a considerable internal market size and a growing share of the high-tech sector. As a middle emerging economy and one of the world's top developing nations, it is a member of the G-20 major economies.

Argentina is the largest producer in the world of yerba mate (due to the large domestic consumption of mate), one of the five largest producers in the world of soybeans, maize, sunflower seed, lemon and pear, one of the ten largest producers in the world of barley, grape, artichoke, tobacco and cotton, and one of the 15 largest producers in the world of wheat, sugarcane, sorghum and grapefruit. It is the largest producer in South America of wheat, sunflower seed, barley, lemon and pear. In wine, Argentina is usually among the ten largest producers in the world. Argentina is a traditional meat exporter, having been, in 2019, the 4th world producer of beef, with a production of 3 million tons (only behind US, Brazil and China), the 4th world producer of honey, and the 10th world producer of wool, in addition to other relevant productions.

The mining industry of Argentina is less prominent compared to other countries but stands out as the fourth-largest producer of lithium, the 11th-largest of silver and 17th-largest of gold worldwide. Argentina excels in natural gas production, being the largest producer in South America and the 18th-largest globally. Argentina produces an average of 500,000 barrels/day of petroleum, despite the under-utilization of the Vaca Muerta field due to technical and financial limitations in resource extraction.
In 2012, manufacturing accounted for 20.3% of GDP—the largest sector in Argentina's economy. Well-integrated into Argentine agriculture, half of the industrial exports have rural origin. With a 6.5% production growth rate in 2011, the diversified manufacturing sector rests on a steadily growing network of industrial parks, 314 in 2013. In 2012, the leading sectors by volume were: food processing, beverages and tobacco products; motor vehicles and auto parts; textiles and leather; refinery products and biodiesel; chemicals and pharmaceuticals; steel, aluminium and iron; industrial and farm machinery; home appliances and furniture; plastics and tires; glass and cement; and recording and print media. Argentina has since long been one of the top five wine-producing countries in the world.
High inflation—a weakness of the Argentine economy for decades—has become a trouble once again, with an annual rate of 24.8% in 2017. In 2023 the inflation reached 102.5% among the highest inflation rates in the world. Approximately 43% of the Argentina's population lived below the poverty line in 2023. To deter it and support the peso, the government imposed foreign currency control. Income distribution, having improved since 2002, is classified as ""medium"", although it is still considerably unequal. In January 2024, Argentina's poverty rate reached 57.4%, the highest poverty rate in the country since 2004.
Argentina ranks 85th out of 180 countries in the Transparency International's 2017 Corruption Perceptions Index, an improvement of 22 positions over its 2014 rankings. Argentina settled its long-standing debt default crisis in 2016 with the so-called vulture funds after the election of Mauricio Macri, allowing Argentina to enter capital markets for the first time in a decade. The government of Argentina defaulted in May 2020 by failing to pay a $500 million bill by its due date to its creditors. Negotiations for the restructuring of $66 billion of its debt continue.
Poverty in Argentina was 41.7 percent at the end of the second half of 2023. However, in November 2024, Argentina's monthly inflation rate slowed to 2.4%, the lowest in over four years. Annual inflation was expected to end 2024 closer to 100%. Favourable results and normalization in Argentina's economy are expected to continue in 2025. The annual inflation rate, which was 211% in 2023,  is expected to be below 30% in 2025.  Economic activity has also begun to recover after the severe recession at the beginning of 2024. The economy is expected to expand by more than 4% in 2025.


=== Tourism ===

Argentina had 5.57 million visitors in 2013, the top international tourist destination in South America, and the second in Latin America after Mexico. Revenues from international tourists reached US$4.41 billion in 2013, down from US$4.89 billion in 2012. Argentina's capital city, Buenos Aires, is the most visited city in South America. There are 30 National Parks of Argentina including many World Heritage Sites.


=== Transport ===

In 2004, Buenos Aires, all provincial capitals except Ushuaia, and all medium-sized towns were interconnected by 69,412 km (43,131 mi) of paved roads, out of a road network of 231,374 km (143,769 mi). In 2021, Argentina had about 2,800 km (1,740 mi) of dual carriageways, most leaving the capital Buenos Aires, linking it with cities such as Rosario and Córdoba, Santa Fe, Mar del Plata and Paso de los Libres (bordering Brazil). There are also dual carriageways leaving from Mendoza towards the capital, and between Córdoba and Santa Fé, among other locations. Nevertheless, this road infrastructure is still inadequate and cannot handle the sharply growing demand caused by deterioration of the railway system.
Argentina has the largest railway system in Latin America, with 36,966 km (22,970 mi) of operating lines in 2008, out of a network of almost 48,000 km (29,826 mi). This system links all 23 provinces, plus Buenos Aires City, and connects with all neighbouring countries. There are four incompatible gauges in use; this forces virtually all interregional freight traffic to pass through Buenos Aires. The system has been in decline since the 1940s: regularly running up large budgetary deficits. By 1991, it was transporting 1,400 times less goods than it did in 1973. 
However, in recent years the system has experienced a greater degree of investment from the state, in both commuter rail lines and long-distance lines, renewing rolling stock and infrastructure. In April 2015, by overwhelming majority the Argentine Senate passed a law which re-created Ferrocarriles Argentinos, effectively re-nationalizing the country's railways, a move which saw support from all major political parties on both sides of the political spectrum.
In 2012, there were about 11,000 km (6,835 mi) of waterways, mostly comprising the La Plata, Paraná, Paraguay and Uruguay rivers, with Buenos Aires, Zárate, Campana, Rosario, San Lorenzo, Santa Fe, Barranqueras and San Nicolas de los Arroyos as the main fluvial ports.
Some of the largest sea ports are La Plata–Ensenada, Bahía Blanca, Mar del Plata, Quequén–Necochea, Comodoro Rivadavia, Puerto Deseado, Puerto Madryn, Ushuaia and San Antonio Oeste.
Buenos Aires has historically been the most important port. Since the 1990s the Up-River port region has become dominant: stretching along 67 km (42 mi) of the Paraná river shore in Santa Fe province, it includes 17 ports and in 2013 accounted for 50% of all exports.
In 2013, there were 161 airports with paved runways out of more than a thousand. The Ezeiza International Airport, about 35 km (22 mi) from downtown Buenos Aires, is the largest in Argentina, followed by Cataratas del Iguazú in Misiones, and El Plumerillo in Mendoza. Aeroparque, in the city of Buenos Aires, is the most important domestic airport.


=== Energy ===

In 2020, more than 60% of Argentina's electricity came from non-renewable sources such as natural gas, oil and coal. 27% came from hydropower, 7.3% from wind and solar energy and 4.4% from nuclear energy. At the end of 2021 Argentina was the 21st country in the world in terms of installed hydroelectric power (11.3 GW), the 26th country in the world in terms of installed wind energy (3.2 GW) and the 43rd country in the world in terms of installed solar energy (1.0 GW).
The wind potential of the Patagonia region is considered gigantic, with estimates that the area could provide enough electricity to sustain the consumption of a country like Brazil alone. However, Argentina has faces infrastructural challenges in transferring electricity from wind-rich rural areas to its population hubs.
In 1974, Argentina was the first country in Latin America to put a commercial nuclear power plant online, Atucha I. Although the Argentine-built parts for that station amounted to 10% of the total, the nuclear fuel it uses are from Argentina. Later nuclear power stations employed a higher percentage of Argentine-built components. Embalse, finished in 1983, used 30% and the 2011 Atucha II reactor used 40%.


=== Science and technology ===

Argentines have received three Nobel Prizes in the Sciences. Bernardo Houssay, the first Latin American recipient, discovered the role of pituitary hormones in regulating glucose in animals, and shared the Nobel Prize in Physiology or Medicine in 1947. Luis Leloir discovered how organisms store energy converting glucose into glycogen and the compounds which are fundamental in metabolizing carbohydrates, receiving the Nobel Prize in Chemistry in 1970. César Milstein did extensive research in antibodies, sharing the Nobel Prize in Physiology or Medicine in 1984. Argentine research has led to treatments for heart diseases and several forms of cancer. Domingo Liotta designed and developed the first artificial heart that was successfully implanted in a human being in 1969. René Favaloro developed the techniques and performed the world's first coronary bypass surgery.
Argentina's nuclear programme has been highly successful. In 1957, Argentina was the first country in Latin America to design and build a research reactor with homegrown technology, the RA-1 Enrico Fermi. This reliance on the development of its own nuclear-related technologies, instead of buying them abroad, was a constant of Argentina's nuclear programme conducted by the civilian National Atomic Energy Commission (CNEA). Nuclear facilities with Argentine technology have been built in Peru, Algeria, Australia and Egypt. In 1983, Argentina admitted having the capability of producing weapon-grade uranium, a major step needed to assemble nuclear weapons. Since then, Argentina has pledged to use nuclear power only for peaceful purposes. As a member of the Board of Governors of the International Atomic Energy Agency, Argentina has been a strong voice in support of nuclear non-proliferation efforts and is highly committed to global nuclear security.

Despite its modest budget and numerous setbacks, academics and the sciences in Argentina have enjoyed international respect since the 1900s, when Luis Agote devised the first safe and effective means of blood transfusion as well as René Favaloro, who was a pioneer in the improvement of the coronary artery bypass surgery. Argentine scientists are still on the cutting edge in fields such as nanotechnology, physics, computer sciences, molecular biology, oncology, ecology and cardiology. Juan Maldacena, an Argentine-American scientist, is a leading figure in string theory.
Space research has become increasingly active in Argentina. Argentine-built satellites include LUSAT-1 (1990), Víctor-1 (1996), PEHUENSAT-1 (2007), and those developed by CONAE, the Argentine space agency, of the SAC series. Argentina has its own satellite programme, nuclear power station designs (4th generation) and public nuclear energy company INVAP, which provides several countries with nuclear reactors. Established in 1991, the CONAE has since launched two satellites successfully. 
In June 2009, CONAE secured an agreement with the European Space Agency for the installation of a 35-m diametre antenna and other mission support facilities at the Pierre Auger Observatory, the world's foremost cosmic ray observatory. The facility will contribute to numerous ESA space probes, as well as CONAE's own, domestic research projects. Chosen from 20 potential sites and one of only three such ESA installations in the world, the new antenna will create a triangulation which will allow the ESA to ensure mission coverage around the clock. Argentina was ranked 76th in the Global Innovation Index in 2024.


== Demographics ==

The 2022 census [INDEC] counted 46,044,703 inhabitants, up from 40,117,096 in 2010. The population in 2024 is estimated to have increased to 47,067,441 inhabitants. Argentina ranks third in South America in total population, fourth in Latin America and 33rd globally. Its population density of 15 persons per square kilometre of land area is well below the world average of 50 persons. The population growth rate in 2010 was an estimated 1.03% annually, with a birth rate of 17.7 live births per 1,000 inhabitants and a mortality rate of 7.4 deaths per 1,000 inhabitants. Since 2010, the crude net migration rate has ranged from below zero to up to four immigrants per 1,000 inhabitants per year.
Argentina is in the midst of a demographic transition to an older and slower-growing population. The proportion of people under 15 is 25.6%, a little below the world average of 28%, and the proportion of people 65 and older is relatively high at 10.8%. In Latin America, this is second only to Uruguay and well above the world average, which is currently 7%. Argentina has a comparatively low infant mortality rate. Argentina's 2010 birth rate of 2.3 children per woman was considerably below the high of 7.0 children born per woman in 1895, though still nearly twice as high as in Spain or Italy, which are culturally and demographically similar. In 2015, the median age was 31.9 years and life expectancy at birth was 77.14 years.
Attitudes towards LGBT people are generally positive within Argentina. In 2010, Argentina became the first country in Latin America, the second in the Americas, and the tenth worldwide to legalize same-sex marriage.


=== Ethnography ===

Argentina is considered a country of immigrants. Argentines usually refer to the country as a crisol de razas (crucible of races, or melting pot). A 2010 study conducted on 218 individuals by the Argentine geneticist Daniel Corach established that the average genetic ancestry of Argentines is 79% European (mainly Italian and Spanish), 18% indigenous and 4.3% African. 63.6% of the tested group had at least one ancestor who was Indigenous. The majority of Argentines descend from multiple European ethnic groups, primarily of Italian and Spanish descent, with over 25 million Argentines, almost 60% of the population, having some partial Italian origins.
Argentina is home to a notable Asian population, the majority of whom are descended from either West Asians, namely Lebanese and Syrians, or East Asians, such as the Chinese, Koreans, and the Japanese. The latter of whom number around 180,000 individuals. The total number of Arab Argentines (most of whom are of Lebanese or Syrian origin) is estimated to be 1.3 to 3.5 million. Many immigrated from Asian countries to Argentina during the latter half of 19th century, and the first half of the 20th century. Most Arab Argentines belong to the Catholic Church, including both the Latin Church and the Eastern Catholic Churches, or the Eastern Orthodox Church. A minority are Muslims. In 2018, there were 180,000 Alawites in Argentina.
Since the 1970s, immigration has mostly been coming from Bolivia, Paraguay and Peru, with smaller numbers from the Dominican Republic, Ecuador and Romania. In 2008, the Argentine government estimated that 750,000 inhabitants lack official documents and has launched a programme to encourage illegal immigrants to declare their status in return for two-year residence visas—so far over 670,000 applications have been processed under the programme.  As of July 2023, more than 18,500 Russians have come to Argentina after the Russian invasion of Ukraine in 2022.


=== Languages ===

The de facto official language is Spanish, spoken by almost all Argentines.
Argentina is the largest Spanish-speaking society that universally employs voseo, the use of the pronoun vos instead of tú (""you""), which imposes the use of alternative verb forms as well.
Owing to the extensive Argentine geography, Spanish has a strong variation among regions, although the prevalent dialect is Rioplatense, primarily spoken in the Pampean and Patagonian regions and accented similarly to the Neapolitan language. Italian and other European immigrants influenced Lunfardo—the regional slang—permeating the vernacular vocabulary of other Latin American countries as well.
There are several second languages in widespread use among the Argentine population: English (by 2.8 million people); Italian (by 1.5 million people); Arabic (specifically its Northern Levantine dialect, by one million people); Standard German (by 200,000 people); Guaraní (by 200,000 people, mostly in Corrientes and Misiones); Catalan (by 174,000 people); Quechua (by 65,000 people, mostly in the Northwest); Wichí (by 53,700 people, mainly in Chaco where, along with Kom and Moqoit, it is official de jure); Vlax Romani (by 52,000 people); Albanian (by 40,000 people); Japanese (by 32,000 people); Aymara (by 30,000 people, mostly in the Northwest); and Ukrainian (by 27,000 people).


=== Religion ===

Christianity is the largest religion in Argentina. The Constitution guarantees freedom of religion. Although it enforces neither an official nor a state faith, it gives Roman Catholicism a preferential status.
In 2008, Argentines were 76.5% Catholic, 11.3% Agnostics and Atheists, 9% Evangelical Protestants, 1.2% Jehovah's Witnesses, and 0.9% Mormons, while 1.2% followed other religions, including Islam, Judaism and Buddhism. These figures appear to have changed quite significantly in recent years: in 2017, Catholics were 66% of the population, indicating a drop of 10.5% in nine years, and the nonreligious in the country standing at 21% of the population, indicating an almost doubling over the same period. In 2024, Catholics were 63% of the population. 20% of Argentines are irreligious, 9% are Protestants, and 8% follow another religion or didn't answer.
Argentina is home to both one of the largest Muslim and largest Jewish communities in Latin America, the latter being the seventh most populous in the world. Argentina is a member of the International Holocaust Remembrance Alliance.
Argentines show high individualization and de-institutionalization of religious beliefs. 23.8% claim to always attend religious services; 49.1% seldom do and 26.8% never do.
On 13 March 2013, Argentine Jorge Mario Bergoglio, the Cardinal Archbishop of Buenos Aires, was elected Bishop of Rome and Supreme Pontiff of the Catholic Church. He took the name ""Francis"", and he became the first Pope from either the Americas or from the Southern Hemisphere. He is the first Pope born outside of Europe since the election of Pope Gregory III, who was Syrian, in 741.


=== Health ===

Healthcare is provided through a combination of employer and labour union-sponsored plans (Obras Sociales), government insurance plans, public hospitals and clinics and through private health insurance plans. Healthcare cooperatives number over 300 (of which 200 are related to labour unions) and provide healthcare for half the population; the national INSSJP (popularly known as PAMI) covers nearly all of the five million senior citizens.
There are more than 153,000 hospital beds, 121,000 physicians and 37,000 dentists, ratios comparable to developed nations. The relatively high access to medical care has historically resulted in mortality patterns and trends similar to developed nations': from 1953 to 2005, deaths from cardiovascular disease increased from 20% to 23% of the total, those from tumors from 14% to 20%, respiratory problems from 7% to 14%, digestive maladies (non-infectious) from 7% to 11%, strokes a steady 7%, injuries, 6%, and infectious diseases, 4%. Causes related to senility led to many of the rest. Infant deaths have fallen from 19% of all deaths in 1953 to 3% in 2005.
The availability of healthcare has also reduced infant mortality from 70 per 1000 live births in 1948 to 12.1 in 2009 and raised life expectancy at birth from 60 years to 76. Though these figures compare favourably with global averages, they fall short of levels in developed nations and in 2006, Argentina ranked fourth in Latin America.


=== Education ===

The Argentine education system consists of four levels. An initial level for children between 45 days to 5 years old, with the last two years being compulsory. An elementary or lower school mandatory level lasting 6 or 7 years. In 2010, the literacy rate was 98.07%. A secondary or high school mandatory level lasts 5 or 6 years. In 2010, 38.5% of people over age 20 had completed secondary school. Higher education is divided into tertiary, university and post-graduate sub-levels. In 2013, there were 47 national public universities across the country, and 46 private ones.
In 2010, 7.1% of people over age 20 had graduated from university. The public universities of Buenos Aires, Córdoba, La Plata, Rosario, and the National Technological University are some of the most important. The Argentine state guarantees universal, secular and free-of-charge public education for all levels. Responsibility for educational supervision is organized at the federal and individual provincial states. In the last decades the role of the private sector has grown across all educational stages.


=== Urbanization ===

Argentina is highly urbanized, with 92% of its population living in cities: the ten largest metropolitan areas account for half of the population.
About 3 million people live in the city of Buenos Aires. The Greater Buenos Aires metropolitan area has around 13 million, making it one of the largest urban areas in the world. The metropolitan areas of Córdoba and Rosario have around 1.3 million inhabitants each. Mendoza, San Miguel de Tucumán, La Plata, Mar del Plata, Salta and Santa Fe have at least half a million people each.
The population is unequally distributed: about 60% live in the Pampas region (21% of the total area), including 15 million people in Buenos Aires province. The provinces of Córdoba and Santa Fe, and the city of Buenos Aires have 3 million each. Seven other provinces have over one million people each: Mendoza, Tucumán, Entre Ríos, Salta, Chaco, Corrientes and Misiones. With 64.3 inhabitants per square kilometre (167/sq mi), Tucumán is the only Argentine province more densely populated than the world average. By contrast, the southern province of Santa Cruz has around 1.1/km2 (2.8/sq mi).


== Culture ==

Argentina is a multicultural country with significant European influences. Modern Argentine culture has been largely influenced by Italian, Spanish and other European immigration from France, Russia, United Kingdom, among others. Its cities are largely characterized by both the prevalence of people of European descent, and of conscious imitation of American and European styles in fashion, architecture and design. 
Museums, cinemas, and galleries are abundant in all the large urban centres, as well as traditional establishments such as literary bars, or bars offering live music of a variety of genres although there are lesser elements of Amerindian and African influences, particularly in the fields of music and art. The other big influence is the gauchos and their traditional country lifestyle of self-reliance. Indigenous American traditions have been absorbed into the general cultural milieu.
Argentine writer Ernesto Sabato has reflected on the nature of the culture of Argentina as follows:

With the primitive Hispanic American reality fractured in La Plata Basin due to immigration, its inhabitants have come to be somewhat dual with all the dangers but also with all the advantages of that condition: because of our European roots, we deeply link the nation with the enduring values of the Old World; because of our condition of Americans we link ourselves to the rest of the continent, through the folklore of the interior and the old Castilian that unifies us, feeling somehow the vocation of the Patria Grande San Martín and Bolívar once imagined.


=== Literature ===

Although Argentina's rich literary history began around 1550, it reached full independence with Esteban Echeverría's El Matadero, a romantic landmark that played a significant role in the development of 19th century's Argentine narrative, split by the ideological divide between the popular, federalist epic of José Hernández' Martín Fierro and the elitist and cultured discourse of Sarmiento's masterpiece, Facundo.
The Modernist movement advanced into the 20th century including exponents such as Leopoldo Lugones and poet Alfonsina Storni; it was followed by Vanguardism, with Ricardo Güiraldes's Don Segundo Sombra as an important reference.
Jorge Luis Borges, Argentina's most acclaimed writer and one of the foremost figures in the history of literature, found new ways of looking at the modern world in metaphor and philosophical debate and his influence has extended to authors all over the globe. Short stories such as Ficciones and The Aleph are among his most famous works. He was a friend and collaborator of Adolfo Bioy Casares, who wrote one of the most praised science fiction novels, The Invention of Morel. Julio Cortázar, one of the leading members of the Latin American Boom and a major name in 20th century literature, influenced an entire generation of writers in the Americas and Europe.
A remarkable episode in Argentine literary history is the social and literarial dialectica between the so-called Florida Group, named this way because its members used to meet together at the Richmond Cafeteria at Florida street and published in the Martín Fierro magazine, such as Jorge Luis Borges, Leopoldo Marechal, Antonio Berni (artist), among others; versus the Boedo Group of Roberto Arlt, Cesar Tiempo, Homero Manzi (tango composer), that used to meet at the
Japanese Cafe and published their works with the Editorial Claridad, with both the cafe and the publisher located at Boedo Avenue.
Other highly regarded Argentine writers, poets and essayists include Estanislao del Campo, Eugenio Cambaceres, Pedro Bonifacio Palacios, Hugo Wast, Benito Lynch, Enrique Banchs, Oliverio Girondo, Ezequiel Martínez Estrada, Victoria Ocampo, Leopoldo Marechal, Silvina Ocampo, Roberto Arlt, Eduardo Mallea, Manuel Mujica Láinez, Ernesto Sábato, Silvina Bullrich, Rodolfo Walsh, María Elena Walsh, Tomás Eloy Martínez, Manuel Puig, Alejandra Pizarnik, and Osvaldo Soriano.


=== Music ===

Tango, a Rioplatense musical genre with European and African influences, is one of Argentina's international cultural symbols. The golden age of tango, from 1930 to the mid-1950s, mirrored that of jazz and swing in the United States, featuring large orchestras such as those of Osvaldo Pugliese, Aníbal Troilo, Francisco Canaro, Julio de Caro and Juan d'Arienzo. After 1955, virtuoso Astor Piazzolla popularized Nuevo tango, a subtler and more intellectual trend for the genre.
Tango enjoys worldwide popularity nowadays with groups such as Gotan Project, Bajofondo and Tanghetto.
Argentina developed strong classical music and dance scenes that gave rise to renowned artists such as Alberto Ginastera, composer; Alberto Lysy, violinist; Martha Argerich and Eduardo Delgado, pianists; Daniel Barenboim, pianist and symphonic orchestra director; José Cura and Marcelo Álvarez, tenors; and to ballet dancers Jorge Donn, José Neglia, Norma Fontenla, Maximiliano Guerra, Paloma Herrera, Marianela Núñez, Iñaki Urlezaga and Julio Bocca.
A national Argentine folk style emerged in the 1930s from dozens of regional musical genres and went on to influence the entirety of Latin American music. Some of its interpreters, such as Atahualpa Yupanqui and Mercedes Sosa, achieved worldwide acclaim. The romantic ballad genre included singers of international fame such as Sandro de América. Tenor saxophonist Leandro ""Gato"" Barbieri and composer and big band conductor Lalo Schifrin are among the most internationally successful Argentine jazz musicians.
Argentine rock developed as a distinct musical style in the mid-1960s, when Buenos Aires and Rosario became cradles of aspiring musicians.
Founding bands such as Los Gatos, Sui Generis, Almendra and Manal were followed by Seru Giran, Los Abuelos de la Nada, Soda Stereo and Patricio Rey y sus Redonditos de Ricota, with prominent artists including Gustavo Cerati, Litto Nebbia, Andrés Calamaro, Luis Alberto Spinetta, Charly García, Fito Páez and León Gieco.
A dance and a musical genre popular at present is Cachengue, a subgenre of Argentine cumbia and reggaeton spreading in popularity in nearby countries such as Uruguay, Chile, Paraguay, and Bolivia.


=== Theatre and cinema ===

Buenos Aires is one of the great theatre capitals of the world, with a scene of international caliber centred on Corrientes Avenue, ""the street that never sleeps"", sometimes referred to as the Broadway of Buenos Aires. Teatro Colón is a global landmark for opera and classical performances; its acoustics are considered among the world's top five.
The Argentine film industry has historically been one of the three most developed in Latin American cinema, along with those produced in Mexico and Brazil. It started in 1896. By the early 1930s, it was Latin America's leading film producer, a place it kept until the early 1950s. The world's first animated feature films were made and released in Argentina, by cartoonist Quirino Cristiani, in 1917 and 1918.
Argentine films have achieved worldwide recognition: Argentina has won two Academy Awards for Best Foreign Language Film, for The Official Story (1985) and The Secret in Their Eyes (2009). Argentine composers Luis Enrique Bacalov and Gustavo Santaolalla have been honoured with Academy Awards for Best Original Score, and Armando Bó and Nicolás Giacobone shared in the Academy Award for Best Original Screenplay for 2014. 
The Argentine French actress Bérénice Bejo received a nomination for the Academy Award for Best Supporting Actress in 2011 and won the César Award for Best Actress and won the Best Actress award in the Cannes Film Festival for her role in the film The Past. Argentina has won seventeen Goya Awards for Best Spanish Language Foreign Film, being by far the most awarded country in Latin America with twenty-four nominations. Many other Argentine films have been acclaimed by international critique. In 2013, about 100 full-length motion pictures were being created annually.


=== Visual arts and architecture ===

Some of the best-known Argentine painters are Cándido López and Florencio Molina Campos (Naïve style); Ernesto de la Cárcova and Eduardo Sívori (Realism); Fernando Fader (Impressionism); Pío Collivadino, Atilio Malinverno and Cesáreo Bernaldo de Quirós (Postimpressionism); Emilio Pettoruti (Cubism); Julio Barragán (Concretism and Cubism) Antonio Berni (Neofigurativism); Roberto Aizenberg and Xul Solar (Surrealism); Gyula Košice (Constructivism); Eduardo Mac Entyre (Generative art); Luis Seoane, Carlos Torrallardona, Luis Aquino, Alfredo Gramajo Gutiérrez (Modernism); Lucio Fontana (Spatialism); Tomás Maldonado, Guillermo Kuitca (Abstract art); León Ferrari, Marta Minujín (Conceptual art); Gustavo Cabral (Fantasy art), and Fabián Pérez (Neoemotionalism).
In 1946, Gyula Košice and others created The Madí Movement in Argentina, which then spread to Europe and the United States, where it had a significant impact. Tomás Maldonado was one of the main theorists of the Ulm Model of design education, still highly influential globally. Other Argentine artists of worldwide fame include Adolfo Bellocq, whose lithographs have been influential since the 1920s, and Benito Quinquela Martín, the quintessential port painter, inspired by the immigrant-bound La Boca neighbourhood. Internationally laureate sculptors Erminio Blotta, Lola Mora and Rogelio Yrurtia authored many of the classical evocative monuments of the Argentine cityscape.
The colonization brought the Spanish Baroque architecture, which can still be appreciated in its simpler Rioplatense style in the reduction of San Ignacio Miní, the Cathedral of Córdoba, and the Cabildo of Luján. Italian and French influences increased at the beginning of the 19th century with strong eclectic overtones that gave the local architecture a unique feeling.


=== Mass media ===

The print media industry is highly developed in Argentina, with more than two hundred newspapers. The major national ones include Clarín (centrist, Latin America's best-seller and the second most widely circulated in the Spanish-speaking world), La Nación (centre-right), Página/12 (leftist), La Voz del Interior (centre).
Argentina began the world's first regular radio broadcasting on 27 August 1920, when Richard Wagner's Parsifal was aired by a team of medical students led by Enrique Telémaco Susini in Buenos Aires' Teatro Coliseo. In 2002, there were 260 AM and 1150 FM registered radio stations in Argentina.
The Argentine television industry is large, diverse and popular across Latin America, with many productions and TV formats having been exported abroad. Since 1999 Argentines hav enjoyed the highest availability of cable and satellite television in Latin America. In 2014, 87.4% of Argentina's households had access, a rate similar to those in the United States, Canada and Europe.
In 2011, Argentina had the highest coverage of networked telecommunications among Latin American powers: about 67% of its population had internet access and the ratio of mobile phone subscriptions to population was 137.2%.


=== Cuisine ===

Besides many of the pasta, sausage and dessert dishes common to continental Europe, Argentines enjoy a wide variety of Indigenous and Criollo creations, including empanadas (a small stuffed pastry), locro (a mixture of corn, beans, meat, bacon, onion, and gourd), humita and mate. In various localities of Argentina, this dish is consumed as a beefmelt.
The country has the highest consumption of red meat in the world, traditionally prepared as asado, the Argentine barbecue. It is made with various types of meats, often including chorizo, sweetbread, chitterlings, and blood sausage.
Common desserts include facturas (Viennese-style pastry), cakes and pancakes filled with dulce de leche (a sort of milk caramel jam), alfajores (shortbread cookies sandwiched together with chocolate, dulce de leche or a fruit paste), and tortas fritas (fried cakes)
Argentine wine, one of the world's finest, is an integral part of the local menu. Malbec, Torrontés, Cabernet Sauvignon, Syrah and Chardonnay are some of the most sought-after varieties.


=== Sport ===

Pato is the national sport, an ancient horseback game locally originated in the early 1600s and predecessor of horseball.
The most popular sport is football. Along with Brazil, Germany and France, the men's national team is the only one to have won each of the World Cup (in 1978, 1986 and 2022), Confederations Cup, and the Olympic gold. They have also won 16 Copas América, 7 Pan American Gold Medals and many other trophies. Alfredo Di Stéfano, Diego Maradona and Lionel Messi are widely considered to be among the best players in the game's history.
The country's women's field hockey team Las Leonas, is one of the world's most successful with four Olympic medals, two World Cups, a World League and seven Champions Trophy. Luciana Aymar is recognized as the best female player in the history of the sport, being the only player to have received the FIH Player of the Year Award eight times.
Basketball is a very popular sport. The men's national team is the only one in the FIBA Americas zone that has won the quintuplet crown: World Championship, Olympic Gold Medal, Diamond Ball, Americas Championship, and Pan American Gold Medal. It has also conquered 13 South American Championships, and many other tournaments. Emanuel Ginóbili, Luis Scola, Andrés Nocioni, Fabricio Oberto, Pablo Prigioni, Carlos Delfino and Juan Ignacio Sánchez are a few of the country's most acclaimed players, all of them part of the NBA. Argentina hosted the Basketball World Cup in 1950 and 1990.
Rugby is another popular sport in Argentina. As of 2017, the men's national team, known as 'Los Pumas' has competed at the Rugby World Cup each time it has been held, achieving their highest-ever result in 2007 when they came third. Since 2012, the Los Pumas have competed against Australia, New Zealand & South Africa in The Rugby Championship, the premier international Rugby competition in the Southern Hemisphere. Since 2009 the secondary men's national team known as the 'Jaguares' has competed against the US, Canada, and Uruguay first teams in the Americas Rugby Championship, which Los Jaguares have won six out of eight times it has taken place.

Argentina has produced some of the most formidable champions for boxing, including Carlos Monzón, the best middleweight in history; Pascual Pérez, one of the most decorated flyweight boxers of all times; Horacio Accavallo, the former WBA and WBC world flyweight champion; Víctor Galíndez, as of 2009, record holder for consecutive world light heavyweight title defences and Nicolino Locche, nicknamed ""The Untouchable"" for his masterful defence; they are all inductees into the International Boxing Hall of Fame.
Tennis has been quite popular among people of all ages. Guillermo Vilas is the greatest Latin American player of the Open Era, while Gabriela Sabatini is the most accomplished Argentine female player of all time—having reached number 3 in the WTA ranking, are both inductees into the International Tennis Hall of Fame. Argentina has won the World Team Cup four times, in 1980, 2002, 2007 and 2010 and has reached the semifinals of the Davis Cup 7 times in the last 10 years, losing the finals against Russia in 2006 and Spain in 2008 and 2011; the Argentine team also played the final in 1981, where they lost against the United States. The national squad won the 2016 Davis Cup.
Argentina reigns undisputed in polo, having won more international championships than any other country and been seldom beaten since the 1930s. The Argentine Polo Championship is the sport's most important international team trophy. The country is home to most of the world's top players, among them Adolfo Cambiaso, the best in Polo history.
Historically, Argentina has had a strong showing within auto racing. Juan Manuel Fangio was a five-time Formula One world champion under four different teams, winning 102 of his 184 international races, and is widely ranked as the greatest driver of all time. Other distinguished racers were Oscar Alfredo Gálvez, Juan Gálvez, José Froilán González and Carlos Reutemann.


== See also ==

Index of Argentina-related articles
Outline of Argentina


== Notes ==


== References ==


== Bibliography ==


=== Legal documents ===


=== Articles ===


=== Books ===


== Further reading ==
Calvo, Carlos (1864). Anales históricos de la revolucion de la América latina, acompañados de los documentos en su apoyo. Desde el año 1808 hasta el reconocimiento de la independencia de ese extenso continente (in Spanish). Vol. 2. Paris: A. Durand.
Crooker, Richard A. (2009). Argentina. New York: Infobase Publishing. ISBN 978-1-4381-0481-2.
Ferro, Carlos A. (1991). Historia de la Bandera Argentina (in Spanish). Buenos Aires: Ediciones Depalma. ISBN 978-950-14-0610-8.
Lamoureux, Andrew Jackson; Edmundson, George (1911). ""Argentina"" . Encyclopædia Britannica. Vol. 2 (11th ed.). pp. 460–475.
Maddison, Angus (1995). Monitoring the World Economy 1820–1992. Paris: OECD Publishing. ISBN 978-92-64-14549-8.
Maddison, Angus (2001). The World Economy: A Millennial Perspective. OECD Publishing. ISBN 978-92-64-18654-5.
Margheritis, Ana (2010). Argentina's foreign policy: domestic politics and democracy promotion in the Americas. Boulder, CO: FirstForumPress. ISBN 978-1-935049-19-7.


== External links ==

Official website 
National Institute of Tourism Promotion
Argentina. The World Factbook. Central Intelligence Agency.
Argentina at the Latin American Network Information Center
Argentina at the University Libraries – University of Colorado Boulder
Key Development Forecasts for Argentina at International Futures
 Geographic data related to Argentina at OpenStreetMap
 Wikimedia Atlas of Argentina"
